Temperature,Humidity,Precipitation,WindSpeed,WindDirection,Date
4.7,82,0.0,8.0,176,2015-01-01
6.4,82,0.0,8.9,207,2015-01-02
7.9,78,0.0,13.0,215,2015-01-03
8.2,89,0.0,8.7,219,2015-01-04
7.9,87,0.0,13.9,170,2015-01-05
7.8,88,0.0,10.2,224,2015-01-06
7.8,88,0.0,10.5,186,2015-01-07
7.3,82,0.3,15.3,208,2015-01-08
9.9,78,0.0,14.1,202,2015-01-09
8.4,86,0.0,11.8,229,2015-01-10
9.0,91,4.1,17.4,313,2015-01-11
6.8,77,0.0,21.0,189,2015-01-12
11.3,64,0.3,27.6,203,2015-01-13
9.6,76,1.7,22.5,198,2015-01-14
10.8,67,5.2,32.6,203,2015-01-15
7.4,85,12.0,29.8,273,2015-01-16
6.6,77,4.2,21.3,263,2015-01-17
7.9,65,5.2,23.5,200,2015-01-18
6.4,80,10.1,29.3,324,2015-01-19
5.2,83,0.8,9.7,226,2015-01-20
6.0,87,8.8,28.6,268,2015-01-21
6.4,91,18.8,27.6,306,2015-01-22
6.3,86,3.6,13.3,337,2015-01-23
6.4,85,1.5,20.3,296,2015-01-24
6.1,83,0.4,15.5,31,2015-01-25
6.6,80,0.0,11.3,307,2015-01-26
8.7,87,4.1,17.7,316,2015-01-27
8.9,85,0.7,15.1,275,2015-01-28
11.4,79,4.9,34.7,260,2015-01-29
8.9,91,49.5,40.1,296,2015-01-30
6.4,89,18.5,32.7,287,2015-01-31
4.5,93,24.3,35.1,300,2015-02-01
6.7,80,4.3,16.9,227,2015-02-02
5.3,89,17.9,31.8,352,2015-02-03
2.6,90,18.7,25.6,2,2015-02-04
3.5,89,15.4,26.2,4,2015-02-05
1.4,88,13.5,18.0,9,2015-02-06
2.6,84,4.1,13.3,28,2015-02-07
3.4,84,1.7,18.9,12,2015-02-08
3.7,80,0.0,21.4,56,2015-02-09
2.4,81,0.0,12.0,158,2015-02-10
6.4,74,0.0,15.5,180,2015-02-11
8.1,74,0.0,14.9,191,2015-02-12
8.7,75,4.1,24.6,211,2015-02-13
8.8,86,10.6,17.4,219,2015-02-14
9.9,92,12.0,13.9,287,2015-02-15
9.1,91,11.1,30.2,289,2015-02-16
7.5,89,11.9,27.0,355,2015-02-17
6.9,79,0.9,13.5,35,2015-02-18
7.3,79,0.0,14.4,187,2015-02-19
8.1,79,4.2,19.5,197,2015-02-20
7.7,90,22.8,29.8,301,2015-02-21
8.1,88,12.9,25.8,316,2015-02-22
9.7,88,9.2,29.5,270,2015-02-23
6.9,86,14.4,32.0,289,2015-02-24
9.4,94,25.7,33.3,296,2015-02-25
11.1,92,17.4,25.1,297,2015-02-26
8.2,84,10.4,26.7,331,2015-02-27
9.2,87,7.3,13.1,231,2015-02-28
13.8,83,2.9,13.3,207,2015-03-01
12.4,92,8.4,10.7,295,2015-03-02
11.1,93,7.3,12.2,49,2015-03-03
8.3,87,9.8,21.6,343,2015-03-04
7.4,70,0.3,17.3,38,2015-03-05
8.0,74,0.0,13.0,93,2015-03-06
11.1,76,0.0,12.7,188,2015-03-07
10.8,74,0.0,12.4,298,2015-03-08
9.7,78,0.0,9.8,117,2015-03-09
10.4,83,0.0,10.5,80,2015-03-10
10.2,87,0.0,14.1,315,2015-03-11
10.3,86,0.1,13.8,17,2015-03-12
9.5,77,2.7,26.5,303,2015-03-13
7.0,90,14.3,26.2,307,2015-03-14
6.6,89,5.7,14.8,319,2015-03-15
7.4,77,0.0,18.8,148,2015-03-16
11.0,57,0.0,18.0,153,2015-03-17
10.7,74,0.5,11.1,134,2015-03-18
10.9,88,2.5,14.6,12,2015-03-19
8.8,87,0.7,15.9,348,2015-03-20
8.3,90,8.0,18.1,5,2015-03-21
8.5,90,8.9,23.2,25,2015-03-22
5.8,93,17.6,8.6,297,2015-03-23
7.9,94,14.9,22.8,327,2015-03-24
6.6,86,12.1,22.6,330,2015-03-25
8.9,89,12.9,21.7,290,2015-03-26
10.5,94,8.0,20.1,301,2015-03-27
11.8,89,2.3,15.7,297,2015-03-28
12.8,81,0.0,15.8,277,2015-03-29
13.0,78,0.3,22.7,289,2015-03-30
11.9,87,2.3,18.6,296,2015-03-31
10.2,81,2.2,14.8,356,2015-04-01
9.5,76,0.0,11.5,90,2015-04-02
9.4,86,0.0,13.1,16,2015-04-03
10.0,87,1.4,16.0,326,2015-04-04
10.0,83,0.5,18.6,46,2015-04-05
9.4,73,0.0,18.9,63,2015-04-06
12.3,69,0.0,16.4,76,2015-04-07
13.8,52,0.0,23.1,150,2015-04-08
14.2,56,2.1,19.0,163,2015-04-09
13.5,77,7.5,16.2,176,2015-04-10
12.6,88,0.4,13.3,65,2015-04-11
14.1,79,0.0,13.2,126,2015-04-12
17.0,60,0.0,15.9,142,2015-04-13
18.0,55,0.0,17.7,143,2015-04-14
17.6,47,1.1,19.1,167,2015-04-15
14.5,74,4.5,10.9,194,2015-04-16
13.2,93,6.4,12.8,63,2015-04-17
13.6,85,4.8,14.3,69,2015-04-18
12.1,79,0.2,17.1,286,2015-04-19
12.7,83,0.0,15.2,83,2015-04-20
15.2,78,0.0,15.9,117,2015-04-21
17.3,65,3.9,22.2,179,2015-04-22
14.4,79,0.9,15.2,16,2015-04-23
15.5,80,0.0,9.1,129,2015-04-24
16.6,73,0.1,13.3,187,2015-04-25
15.4,80,13.3,16.4,246,2015-04-26
12.5,88,5.0,22.5,302,2015-04-27
11.6,73,0.1,17.6,18,2015-04-28
12.1,78,1.0,11.6,39,2015-04-29
15.4,75,0.0,18.7,191,2015-04-30
18.2,73,5.4,21.8,219,2015-05-01
19.4,80,1.2,24.5,178,2015-05-02
20.1,67,1.4,18.4,190,2015-05-03
21.1,70,1.7,28.2,177,2015-05-04
15.3,76,10.9,37.5,283,2015-05-05
12.6,78,0.9,15.3,35,2015-05-06
16.6,72,0.5,13.2,129,2015-05-07
17.5,71,0.3,16.1,251,2015-05-08
15.4,84,0.0,14.1,75,2015-05-09
19.4,78,0.0,14.4,129,2015-05-10
18.3,90,0.0,13.8,3,2015-05-11
18.5,90,0.0,14.3,51,2015-05-12
18.9,83,0.0,14.8,40,2015-05-13
13.7,84,3.4,26.7,315,2015-05-14
12.4,83,8.1,31.1,306,2015-05-15
13.0,87,2.3,18.5,319,2015-05-16
13.9,88,1.4,12.2,14,2015-05-17
13.2,83,0.7,14.4,358,2015-05-18
12.1,78,3.5,23.7,323,2015-05-19
11.7,87,6.1,22.4,307,2015-05-20
11.8,76,1.7,17.8,335,2015-05-21
12.0,75,0.8,15.9,355,2015-05-22
12.6,76,0.0,14.8,337,2015-05-23
14.3,88,1.3,16.4,334,2015-05-24
14.3,87,1.3,18.0,324,2015-05-25
13.5,86,2.6,16.6,324,2015-05-26
14.5,84,0.0,13.9,4,2015-05-27
14.5,86,0.0,13.8,36,2015-05-28
13.8,84,0.0,11.3,9,2015-05-29
15.0,78,0.0,13.5,2,2015-05-30
16.2,79,0.0,13.4,55,2015-05-31
17.2,85,0.3,12.2,3,2015-06-01
18.1,84,0.0,13.7,47,2015-06-02
17.2,86,0.0,13.5,59,2015-06-03
22.2,76,0.3,14.1,122,2015-06-04
20.2,86,0.2,14.4,336,2015-06-05
16.7,85,1.0,14.3,25,2015-06-06
18.2,82,0.0,14.1,40,2015-06-07
18.6,85,0.0,15.6,316,2015-06-08
17.0,83,0.2,16.5,326,2015-06-09
17.2,84,6.9,16.9,101,2015-06-10
19.3,86,26.3,14.6,194,2015-06-11
16.8,92,3.9,12.9,13,2015-06-12
17.5,85,2.9,10.8,69,2015-06-13
16.4,84,5.6,10.4,321,2015-06-14
15.8,88,2.6,18.5,323,2015-06-15
15.5,80,0.3,19.7,314,2015-06-16
16.2,80,0.0,16.4,328,2015-06-17
16.4,84,0.0,13.0,344,2015-06-18
15.9,87,1.3,13.7,328,2015-06-19
17.0,82,0.0,12.5,40,2015-06-20
18.0,82,0.0,14.2,59,2015-06-21
18.8,85,0.0,13.6,57,2015-06-22
18.0,80,0.0,15.6,45,2015-06-23
18.4,79,0.0,13.7,54,2015-06-24
20.3,78,0.0,13.8,98,2015-06-25
21.0,84,0.0,18.8,325,2015-06-26
19.9,80,0.0,15.1,45,2015-06-27
20.3,84,0.0,14.5,42,2015-06-28
21.0,82,0.0,15.0,73,2015-06-29
25.1,74,0.0,15.9,187,2015-06-30
22.8,81,0.1,15.6,359,2015-07-01
19.5,87,1.6,16.6,338,2015-07-02
25.3,69,0.1,23.1,115,2015-07-03
21.4,80,0.0,20.9,39,2015-07-04
20.3,85,0.8,12.8,7,2015-07-05
21.9,81,0.0,13.6,63,2015-07-06
21.2,81,0.1,16.8,328,2015-07-07
18.8,77,2.3,15.4,346,2015-07-08
18.2,75,0.0,15.7,51,2015-07-09
20.8,76,0.0,27.7,291,2015-07-10
19.2,79,0.0,18.9,340,2015-07-11
19.2,80,0.0,16.8,56,2015-07-12
19.1,76,0.0,15.0,61,2015-07-13
19.8,78,0.0,15.3,55,2015-07-14
20.8,84,0.1,15.8,39,2015-07-15
21.5,88,0.3,19.8,356,2015-07-16
21.8,83,0.3,14.5,57,2015-07-17
22.8,84,4.6,15.5,28,2015-07-18
22.0,83,0.2,16.6,45,2015-07-19
23.6,76,0.0,16.5,64,2015-07-20
22.1,90,1.3,13.7,23,2015-07-21
20.7,90,1.9,18.7,316,2015-07-22
20.9,78,0.0,17.1,52,2015-07-23
21.1,80,1.1,25.2,304,2015-07-24
18.5,72,0.4,19.1,324,2015-07-25
20.9,71,1.0,16.0,327,2015-07-26
19.6,85,5.3,15.8,311,2015-07-27
21.0,73,0.0,12.8,330,2015-07-28
18.6,89,9.3,18.5,27,2015-07-29
17.0,75,2.8,13.8,41,2015-07-30
17.4,81,14.1,14.8,19,2015-07-31
18.2,72,0.0,14.3,6,2015-08-01
22.8,70,0.0,14.5,140,2015-08-02
21.8,84,7.7,15.2,355,2015-08-03
19.0,87,2.8,14.8,7,2015-08-04
21.1,85,0.0,17.9,338,2015-08-05
21.0,82,0.0,16.4,49,2015-08-06
19.3,88,3.7,19.0,328,2015-08-07
17.6,81,2.9,15.5,309,2015-08-08
18.9,78,0.0,17.2,313,2015-08-09
19.8,80,0.0,17.2,96,2015-08-10
21.6,86,0.5,13.7,324,2015-08-11
22.8,85,0.3,14.0,319,2015-08-12
20.4,86,16.8,22.6,296,2015-08-13
18.4,72,0.5,26.2,290,2015-08-14
17.5,86,4.6,15.2,319,2015-08-15
17.1,83,1.1,13.2,79,2015-08-16
17.9,82,1.0,13.2,14,2015-08-17
18.7,76,0.0,13.9,15,2015-08-18
18.4,77,0.0,14.1,63,2015-08-19
19.5,80,0.0,12.8,91,2015-08-20
21.6,83,0.0,13.6,307,2015-08-21
21.3,91,11.4,15.5,337,2015-08-22
21.1,68,7.5,21.7,241,2015-08-23
19.3,64,0.2,19.5,286,2015-08-24
19.6,73,0.0,16.8,134,2015-08-25
23.1,64,0.0,17.0,157,2015-08-26
24.9,65,0.0,23.9,197,2015-08-27
23.3,78,0.0,15.6,42,2015-08-28
24.3,79,0.0,15.6,348,2015-08-29
26.2,66,0.0,15.5,132,2015-08-30
22.8,80,28.5,15.2,291,2015-08-31
18.1,86,3.9,16.4,330,2015-09-01
17.4,75,0.0,12.3,31,2015-09-02
16.5,86,4.6,16.6,332,2015-09-03
15.7,84,2.7,10.8,19,2015-09-04
15.4,80,0.0,12.6,349,2015-09-05
16.6,74,0.0,14.8,58,2015-09-06
16.7,75,0.0,15.3,42,2015-09-07
15.8,80,0.0,11.8,120,2015-09-08
18.4,82,0.1,15.4,231,2015-09-09
17.8,91,2.3,10.7,337,2015-09-10
19.9,84,0.0,16.3,45,2015-09-11
18.5,84,0.9,12.1,349,2015-09-12
19.9,75,1.9,17.3,223,2015-09-13
16.6,77,6.1,19.6,299,2015-09-14
17.0,74,11.9,34.7,186,2015-09-15
22.3,59,2.3,35.9,211,2015-09-16
15.8,74,1.6,23.1,271,2015-09-17
14.8,80,0.1,13.0,286,2015-09-18
15.2,83,0.0,14.3,4,2015-09-19
16.0,84,0.0,12.6,93,2015-09-20
16.1,85,0.7,15.7,301,2015-09-21
16.3,81,4.0,28.2,293,2015-09-22
15.1,89,8.9,20.4,313,2015-09-23
16.8,82,0.1,11.6,79,2015-09-24
16.0,85,0.0,14.8,77,2015-09-25
16.6,87,0.0,16.0,62,2015-09-26
15.5,88,0.0,14.0,341,2015-09-27
16.2,87,0.0,15.3,110,2015-09-28
16.0,89,0.0,15.1,49,2015-09-29
17.6,78,1.8,15.9,107,2015-09-30
16.8,79,1.3,21.6,274,2015-10-01
14.9,82,4.6,11.2,288,2015-10-02
13.6,75,1.3,12.1,221,2015-10-03
18.0,68,0.0,27.0,177,2015-10-04
24.0,59,1.1,28.7,197,2015-10-05
18.8,72,8.9,27.5,247,2015-10-06
15.2,78,0.0,15.1,305,2015-10-07
14.6,83,0.0,11.2,44,2015-10-08
14.2,82,0.0,15.0,94,2015-10-09
16.9,73,0.0,13.3,151,2015-10-10
18.1,77,2.4,15.1,184,2015-10-11
15.8,93,6.7,16.7,343,2015-10-12
14.1,89,2.7,17.1,359,2015-10-13
12.0,71,0.0,16.8,31,2015-10-14
10.7,74,0.0,10.9,96,2015-10-15
10.6,81,0.0,15.5,101,2015-10-16
13.4,77,1.5,15.9,120,2015-10-17
17.3,86,2.0,17.8,165,2015-10-18
15.8,97,21.5,12.2,58,2015-10-19
13.6,85,8.1,21.7,9,2015-10-20
12.8,84,4.5,14.8,20,2015-10-21
13.1,81,0.0,11.2,318,2015-10-22
13.9,81,0.0,12.4,121,2015-10-23
16.4,78,0.0,17.0,181,2015-10-24
15.5,89,0.0,13.3,77,2015-10-25
17.8,70,1.2,20.9,173,2015-10-26
15.1,83,7.4,15.7,177,2015-10-27
14.6,68,1.0,20.6,208,2015-10-28
17.7,71,0.0,18.8,189,2015-10-29
19.2,70,0.0,20.9,172,2015-10-30
18.7,72,0.0,22.1,168,2015-10-31
17.0,69,0.0,17.8,160,2015-11-01
15.6,78,10.3,19.2,128,2015-11-02
15.5,73,1.0,23.8,177,2015-11-03
16.4,74,0.7,21.3,184,2015-11-04
17.7,74,2.8,17.1,195,2015-11-05
18.8,81,0.0,17.8,189,2015-11-06
17.6,80,0.0,19.8,164,2015-11-07
17.9,78,0.0,20.5,173,2015-11-08
16.4,87,0.0,10.7,166,2015-11-09
14.1,91,0.0,9.3,188,2015-11-10
13.5,92,0.0,7.3,153,2015-11-11
14.2,87,0.0,10.8,158,2015-11-12
13.2,89,0.1,8.3,269,2015-11-13
14.2,88,0.7,11.2,104,2015-11-14
12.7,82,0.0,14.3,195,2015-11-15
11.0,85,0.0,11.5,199,2015-11-16
12.4,78,0.0,17.9,196,2015-11-17
14.3,76,0.0,14.1,202,2015-11-18
14.6,84,0.0,12.7,202,2015-11-19
14.2,76,0.0,19.0,201,2015-11-20
10.8,83,32.8,34.6,313,2015-11-21
7.4,87,16.0,28.0,304,2015-11-22
7.3,82,5.7,23.0,329,2015-11-23
9.8,87,5.5,25.8,279,2015-11-24
12.0,93,20.7,36.4,302,2015-11-25
11.9,90,10.0,28.4,319,2015-11-26
12.2,89,5.4,19.4,330,2015-11-27
10.7,81,4.8,21.8,320,2015-11-28
9.8,81,0.0,10.5,223,2015-11-29
8.2,79,0.0,10.6,197,2015-11-30
6.4,82,0.0,11.3,166,2015-12-01
8.3,74,0.0,14.7,198,2015-12-02
11.0,76,0.0,19.4,188,2015-12-03
11.7,83,0.0,19.5,206,2015-12-04
11.8,87,0.0,13.5,180,2015-12-05
11.8,79,0.0,20.1,182,2015-12-06
12.5,74,0.0,24.5,183,2015-12-07
12.9,79,3.4,18.9,220,2015-12-08
11.9,87,0.0,12.8,105,2015-12-09
10.1,83,0.0,14.6,192,2015-12-10
8.5,87,0.0,12.2,184,2015-12-11
9.0,84,0.0,18.2,185,2015-12-12
10.1,77,0.0,18.4,191,2015-12-13
13.7,66,1.4,24.5,195,2015-12-14
15.9,60,0.0,27.0,199,2015-12-15
15.1,62,0.0,16.0,187,2015-12-16
14.3,55,0.0,22.0,192,2015-12-17
15.8,59,0.0,16.6,194,2015-12-18
16.7,57,0.0,28.9,192,2015-12-19
13.9,69,1.2,17.6,187,2015-12-20
10.2,77,0.4,16.3,186,2015-12-21
10.3,66,0.0,23.0,192,2015-12-22
11.1,75,1.7,18.6,186,2015-12-23
12.1,70,0.0,22.0,193,2015-12-24
12.9,71,0.0,20.6,190,2015-12-25
11.4,70,0.0,21.7,184,2015-12-26
11.3,66,0.0,23.9,178,2015-12-27
13.4,60,0.0,29.8,172,2015-12-28
11.8,71,2.5,18.0,190,2015-12-29
13.0,61,1.1,34.0,200,2015-12-30
11.3,88,6.5,10.7,71,2015-12-31
11.2,77,3.0,26.9,178,2016-01-01
10.1,79,6.7,16.7,255,2016-01-02
11.4,74,8.2,33.5,209,2016-01-03
11.5,89,8.9,19.4,234,2016-01-04
8.5,72,0.9,25.2,267,2016-01-05
9.2,68,5.3,32.4,234,2016-01-06
14.0,79,10.4,29.1,222,2016-01-07
14.9,78,7.8,32.4,225,2016-01-08
12.5,77,3.4,29.5,213,2016-01-09
13.0,79,15.4,26.4,203,2016-01-10
11.9,65,7.2,28.4,239,2016-01-11
8.9,66,0.1,27.2,271,2016-01-12
8.0,72,0.5,23.8,200,2016-01-13
10.6,81,9.9,28.8,258,2016-01-14
7.1,88,11.1,24.1,325,2016-01-15
7.2,77,6.1,24.0,341,2016-01-16
6.3,74,1.3,14.6,184,2016-01-17
8.7,77,5.6,25.2,243,2016-01-18
9.2,73,3.8,15.9,244,2016-01-19
7.2,77,0.0,12.7,183,2016-01-20
8.9,84,0.0,14.9,191,2016-01-21
12.2,88,1.9,17.2,194,2016-01-22
13.2,88,1.8,11.9,171,2016-01-23
13.3,84,0.0,19.9,174,2016-01-24
13.8,79,0.0,22.4,188,2016-01-25
12.8,89,0.0,13.2,163,2016-01-26
12.2,76,0.0,22.8,191,2016-01-27
12.1,78,7.2,22.9,221,2016-01-28
9.9,81,3.0,25.0,7,2016-01-29
8.0,81,0.0,13.1,200,2016-01-30
12.4,78,2.9,16.5,245,2016-01-31
11.8,92,1.6,9.3,302,2016-02-01
10.9,89,0.0,9.7,301,2016-02-02
9.5,86,5.0,23.7,314,2016-02-03
8.0,82,0.3,10.5,328,2016-02-04
8.8,75,0.0,19.1,168,2016-02-05
11.0,64,1.6,37.4,196,2016-02-06
9.7,70,7.1,25.8,262,2016-02-07
13.1,68,0.0,22.7,208,2016-02-08
12.6,78,20.6,35.9,243,2016-02-09
8.6,91,15.1,25.2,298,2016-02-10
9.3,88,1.8,17.9,279,2016-02-11
12.4,86,14.4,21.5,239,2016-02-12
13.9,87,14.0,16.2,265,2016-02-13
8.5,80,8.9,35.0,278,2016-02-14
6.4,86,13.7,27.2,346,2016-02-15
5.8,76,5.4,20.6,28,2016-02-16
5.5,68,0.8,16.2,201,2016-02-17
7.1,86,6.9,21.5,283,2016-02-18
6.9,78,0.2,10.9,277,2016-02-19
8.3,77,0.0,14.5,204,2016-02-20
9.7,82,0.0,13.0,166,2016-02-21
8.7,83,0.4,15.6,259,2016-02-22
11.0,82,0.3,15.2,272,2016-02-23
10.1,78,1.2,18.6,208,2016-02-24
9.3,86,3.9,28.2,289,2016-02-25
9.5,82,10.9,22.5,204,2016-02-26
6.1,94,42.8,39.9,302,2016-02-27
8.5,93,21.5,28.0,349,2016-02-28
7.7,77,4.1,28.5,329,2016-02-29
8.9,74,0.0,15.8,301,2016-03-01
8.9,87,6.3,29.6,284,2016-03-02
8.8,83,3.9,30.6,292,2016-03-03
9.4,82,11.0,29.2,239,2016-03-04
7.0,83,12.9,28.0,279,2016-03-05
6.7,88,12.1,23.8,293,2016-03-06
7.2,84,14.8,25.9,305,2016-03-07
7.6,82,5.2,21.2,326,2016-03-08
8.0,85,20.8,32.8,281,2016-03-09
7.3,92,32.2,33.3,327,2016-03-10
7.9,81,5.9,23.4,354,2016-03-11
7.3,73,0.2,13.8,19,2016-03-12
8.0,71,0.2,17.7,11,2016-03-13
7.5,86,3.4,12.2,26,2016-03-14
8.1,78,0.0,14.4,143,2016-03-15
7.6,90,4.5,21.6,318,2016-03-16
7.1,83,1.3,11.8,43,2016-03-17
8.8,79,0.8,17.6,86,2016-03-18
9.8,88,9.8,14.6,111,2016-03-19
10.1,84,1.0,10.5,145,2016-03-20
9.7,94,1.8,13.7,354,2016-03-21
9.7,85,0.9,18.8,334,2016-03-22
9.0,77,1.1,21.2,338,2016-03-23
9.6,79,0.0,12.6,353,2016-03-24
10.2,85,1.8,7.3,189,2016-03-25
14.7,73,3.3,25.7,205,2016-03-26
11.8,66,9.1,27.9,200,2016-03-27
13.9,61,0.0,31.7,215,2016-03-28
14.2,78,2.6,20.8,195,2016-03-29
14.8,68,0.0,22.9,190,2016-03-30
9.3,90,24.3,30.0,321,2016-03-31
8.8,74,1.0,16.2,344,2016-04-01
10.2,65,0.0,20.6,170,2016-04-02
13.1,59,0.9,21.7,187,2016-04-03
11.1,76,5.9,18.2,210,2016-04-04
10.3,89,6.2,22.2,325,2016-04-05
9.8,81,0.0,13.9,322,2016-04-06
9.5,86,7.5,23.7,319,2016-04-07
8.3,85,9.3,25.0,314,2016-04-08
8.9,84,1.6,16.3,258,2016-04-09
12.4,68,0.2,32.7,193,2016-04-10
12.2,63,0.7,19.6,183,2016-04-11
13.4,64,0.0,22.2,191,2016-04-12
14.0,58,0.0,24.0,198,2016-04-13
15.3,65,4.2,27.6,190,2016-04-14
14.2,81,6.0,11.1,124,2016-04-15
14.8,75,5.0,17.6,207,2016-04-16
11.4,88,5.5,15.8,323,2016-04-17
11.2,77,0.1,20.0,69,2016-04-18
14.2,76,3.0,18.9,108,2016-04-19
15.5,69,4.0,21.3,153,2016-04-20
14.0,79,2.1,15.9,213,2016-04-21
12.6,88,3.7,11.0,68,2016-04-22
11.7,90,3.5,15.9,340,2016-04-23
10.5,82,3.6,16.6,4,2016-04-24
10.2,69,0.0,13.6,13,2016-04-25
10.3,78,0.0,14.1,324,2016-04-26
10.3,78,0.8,14.4,34,2016-04-27
9.3,70,0.0,13.8,21,2016-04-28
10.6,75,0.3,17.4,64,2016-04-29
9.8,74,4.2,28.7,315,2016-04-30
10.1,64,0.0,15.7,353,2016-05-01
10.0,70,0.0,14.3,49,2016-05-02
11.0,79,0.0,14.5,60,2016-05-03
14.6,78,0.0,14.2,102,2016-05-04
17.9,71,0.2,12.5,175,2016-05-05
17.7,70,5.1,21.1,156,2016-05-06
17.4,72,3.5,21.1,161,2016-05-07
17.1,71,3.2,30.8,149,2016-05-08
17.1,72,3.3,19.0,159,2016-05-09
16.7,65,0.1,19.5,161,2016-05-10
15.3,65,0.0,17.1,194,2016-05-11
12.5,87,9.7,12.2,302,2016-05-12
13.3,85,2.7,18.7,293,2016-05-13
14.3,86,1.5,20.0,306,2016-05-14
14.2,85,5.2,14.9,342,2016-05-15
13.2,86,0.0,11.2,338,2016-05-16
14.0,82,0.0,14.8,62,2016-05-17
14.1,85,0.8,21.1,310,2016-05-18
14.2,84,2.9,17.3,308,2016-05-19
17.0,79,0.0,13.7,118,2016-05-20
19.5,73,0.4,15.5,184,2016-05-21
14.3,81,11.4,29.5,304,2016-05-22
13.2,73,0.1,16.8,332,2016-05-23
16.3,74,0.5,15.9,121,2016-05-24
17.1,80,0.1,13.6,336,2016-05-25
16.1,86,1.2,13.0,20,2016-05-26
17.6,83,1.7,11.3,47,2016-05-27
18.4,80,10.7,10.8,260,2016-05-28
15.7,82,8.7,12.3,278,2016-05-29
15.1,81,2.3,21.6,291,2016-05-30
15.5,78,0.7,22.5,300,2016-05-31
15.2,77,0.0,22.1,296,2016-06-01
16.0,85,0.0,12.5,25,2016-06-02
17.7,87,0.6,14.8,68,2016-06-03
17.1,91,2.5,12.7,357,2016-06-04
17.6,87,0.0,14.3,67,2016-06-05
18.1,88,1.3,12.7,308,2016-06-06
18.7,87,0.0,15.9,49,2016-06-07
20.0,88,0.0,13.2,64,2016-06-08
20.0,84,0.0,10.5,0,2016-06-09
17.7,85,2.0,21.9,300,2016-06-10
16.7,75,0.0,14.0,315,2016-06-11
17.1,80,1.5,12.1,192,2016-06-12
18.0,86,5.3,24.1,293,2016-06-13
16.9,78,8.4,16.6,305,2016-06-14
15.9,83,22.7,12.9,246,2016-06-15
14.4,79,4.0,26.3,281,2016-06-16
14.4,79,5.9,24.0,275,2016-06-17
14.6,81,1.3,19.9,302,2016-06-18
15.4,80,0.7,14.1,339,2016-06-19
17.5,77,0.0,10.2,82,2016-06-20
20.7,79,0.0,14.3,76,2016-06-21
23.4,75,0.0,12.6,257,2016-06-22
21.9,83,0.2,21.3,329,2016-06-23
18.9,92,5.1,16.9,6,2016-06-24
16.8,82,0.4,14.8,11,2016-06-25
16.3,75,0.0,14.2,10,2016-06-26
16.8,80,0.0,13.8,35,2016-06-27
17.2,81,0.0,14.6,27,2016-06-28
17.5,82,0.0,16.2,354,2016-06-29
18.4,81,0.0,13.5,25,2016-06-30
18.7,84,1.0,14.4,360,2016-07-01
17.6,84,1.7,15.6,337,2016-07-02
18.1,78,0.0,15.1,55,2016-07-03
18.5,87,0.0,16.1,46,2016-07-04
18.8,88,1.5,14.6,33,2016-07-05
19.4,85,0.2,15.8,59,2016-07-06
21.3,86,0.0,13.9,38,2016-07-07
19.8,89,0.0,15.3,349,2016-07-08
20.5,83,0.0,13.9,62,2016-07-09
20.8,83,0.0,15.5,353,2016-07-10
18.7,87,4.4,15.3,337,2016-07-11
17.8,80,0.5,20.1,313,2016-07-12
16.6,76,1.7,19.2,316,2016-07-13
16.4,70,0.0,16.4,356,2016-07-14
17.4,68,0.0,17.7,63,2016-07-15
19.2,72,0.0,16.6,60,2016-07-16
21.3,75,0.0,13.6,104,2016-07-17
26.5,59,0.0,14.4,144,2016-07-18
27.8,49,0.0,22.0,181,2016-07-19
20.9,82,0.4,15.5,335,2016-07-20
20.2,82,0.2,13.7,357,2016-07-21
19.4,85,1.7,16.3,331,2016-07-22
19.3,86,4.6,17.3,328,2016-07-23
19.1,80,0.0,14.4,16,2016-07-24
20.0,79,0.0,15.0,44,2016-07-25
20.3,83,0.9,16.0,40,2016-07-26
19.0,80,0.0,15.0,2,2016-07-27
20.1,77,0.0,15.0,48,2016-07-28
20.8,83,0.0,15.0,55,2016-07-29
20.9,82,0.9,14.5,36,2016-07-30
19.4,87,3.1,14.5,347,2016-07-31
19.4,80,0.0,13.0,5,2016-08-01
20.1,75,0.0,14.6,66,2016-08-02
20.5,74,0.0,14.6,27,2016-08-03
20.7,82,3.8,20.1,309,2016-08-04
19.5,81,2.8,14.8,344,2016-08-05
19.4,76,0.0,16.2,40,2016-08-06
20.7,75,0.0,13.5,30,2016-08-07
20.1,83,0.0,16.1,10,2016-08-08
18.9,87,4.4,19.0,12,2016-08-09
18.3,70,0.0,21.7,9,2016-08-10
17.7,71,0.0,13.5,19,2016-08-11
20.0,72,0.0,16.8,84,2016-08-12
22.8,71,0.0,12.2,112,2016-08-13
24.3,72,0.0,12.8,48,2016-08-14
24.8,72,0.0,12.7,114,2016-08-15
23.3,77,0.0,14.8,311,2016-08-16
21.1,82,0.1,15.7,339,2016-08-17
20.1,75,0.4,17.9,335,2016-08-18
20.7,80,0.7,17.9,312,2016-08-19
19.6,74,2.0,18.2,315,2016-08-20
18.5,76,0.0,14.2,353,2016-08-21
22.0,68,0.0,15.8,104,2016-08-22
25.0,60,0.0,15.5,232,2016-08-23
24.4,73,0.0,21.6,2,2016-08-24
25.4,62,0.0,23.4,127,2016-08-25
23.0,82,0.1,14.3,347,2016-08-26
24.0,75,0.0,20.1,280,2016-08-27
20.6,83,1.1,18.9,337,2016-08-28
19.4,76,0.1,17.5,330,2016-08-29
19.7,80,0.3,15.2,32,2016-08-30
19.7,83,0.0,13.4,329,2016-08-31
20.6,84,0.0,14.5,39,2016-09-01
21.8,81,0.0,13.1,40,2016-09-02
22.8,79,0.0,13.0,83,2016-09-03
23.4,80,0.0,13.0,47,2016-09-04
22.4,78,0.0,13.3,39,2016-09-05
22.8,75,0.0,14.3,91,2016-09-06
24.4,72,0.0,22.2,261,2016-09-07
19.7,83,2.7,17.4,337,2016-09-08
19.2,77,0.0,13.5,45,2016-09-09
19.7,75,0.0,11.5,51,2016-09-10
22.2,75,0.0,15.8,60,2016-09-11
25.3,65,0.0,14.3,174,2016-09-12
21.9,76,7.7,24.0,283,2016-09-13
16.5,71,3.8,17.8,271,2016-09-14
16.6,70,9.0,31.7,211,2016-09-15
16.9,89,16.7,34.9,299,2016-09-16
15.9,83,2.8,20.0,314,2016-09-17
16.2,82,0.8,15.6,312,2016-09-18
16.1,83,0.0,11.2,336,2016-09-19
16.7,88,5.8,10.7,345,2016-09-20
16.8,84,0.0,13.2,99,2016-09-21
18.2,88,0.0,14.8,43,2016-09-22
18.4,84,0.0,15.9,67,2016-09-23
20.6,76,0.0,16.2,173,2016-09-24
17.5,86,9.9,18.2,311,2016-09-25
17.6,80,0.0,10.7,59,2016-09-26
17.4,88,2.8,18.6,296,2016-09-27
19.6,85,0.6,15.1,71,2016-09-28
20.6,69,0.0,17.4,195,2016-09-29
20.1,82,0.9,16.6,323,2016-09-30
16.9,85,3.8,16.3,301,2016-10-01
16.3,82,0.0,14.6,29,2016-10-02
19.3,80,0.0,15.6,99,2016-10-03
18.2,82,0.0,19.3,282,2016-10-04
17.2,86,0.5,14.3,342,2016-10-05
16.9,85,1.2,12.8,23,2016-10-06
15.2,81,1.7,10.5,60,2016-10-07
15.3,80,0.0,11.4,20,2016-10-08
14.4,74,0.0,14.3,48,2016-10-09
14.3,63,0.0,13.9,66,2016-10-10
12.4,67,0.0,18.8,100,2016-10-11
15.6,69,5.2,19.6,143,2016-10-12
14.9,90,7.6,10.9,213,2016-10-13
14.3,83,5.9,19.4,299,2016-10-14
16.3,64,0.0,20.3,190,2016-10-15
17.7,66,0.2,16.9,178,2016-10-16
16.8,85,2.5,14.0,44,2016-10-17
16.0,88,0.4,11.4,50,2016-10-18
14.0,83,0.0,12.1,73,2016-10-19
12.8,79,0.4,12.9,64,2016-10-20
11.7,68,0.0,15.5,86,2016-10-21
14.6,72,0.4,18.7,150,2016-10-22
18.4,71,0.6,24.0,175,2016-10-23
16.3,74,0.2,14.6,178,2016-10-24
15.7,86,0.7,10.4,167,2016-10-25
16.4,92,0.1,10.6,11,2016-10-26
15.4,89,0.0,12.4,76,2016-10-27
15.2,84,0.0,10.8,118,2016-10-28
16.3,79,0.0,12.0,165,2016-10-29
14.8,81,0.0,8.8,167,2016-10-30
14.6,76,0.0,13.0,169,2016-10-31
15.4,74,0.0,18.9,192,2016-11-01
13.9,77,0.0,9.2,176,2016-11-02
14.4,80,0.0,11.8,104,2016-11-03
13.7,83,2.0,15.9,193,2016-11-04
12.2,91,18.9,26.6,296,2016-11-05
9.2,82,2.6,26.8,285,2016-11-06
8.0,83,5.1,24.1,286,2016-11-07
9.2,82,10.2,25.2,277,2016-11-08
11.4,80,7.9,28.7,267,2016-11-09
11.9,77,0.2,22.2,268,2016-11-10
12.4,84,1.7,19.2,277,2016-11-11
11.1,87,7.7,13.8,204,2016-11-12
13.2,90,6.0,18.3,326,2016-11-13
11.1,85,2.5,17.0,12,2016-11-14
9.7,83,0.2,9.8,34,2016-11-15
9.6,85,0.0,7.4,111,2016-11-16
11.1,86,0.0,9.6,207,2016-11-17
11.1,91,6.2,14.0,256,2016-11-18
11.9,75,1.6,31.5,217,2016-11-19
14.2,69,3.0,31.9,193,2016-11-20
14.7,61,0.1,29.5,203,2016-11-21
8.9,82,11.4,10.9,324,2016-11-22
9.0,91,47.5,29.0,351,2016-11-23
9.7,73,10.4,29.4,201,2016-11-24
7.7,71,0.0,14.4,172,2016-11-25
8.7,75,0.5,18.7,143,2016-11-26
11.2,86,0.0,14.1,109,2016-11-27
9.6,93,0.6,9.4,295,2016-11-28
11.4,83,0.0,14.2,105,2016-11-29
12.2,77,0.0,21.1,159,2016-11-30
11.2,80,0.0,17.0,168,2016-12-01
10.8,81,0.0,15.3,189,2016-12-02
9.1,84,0.0,19.0,169,2016-12-03
12.1,78,0.4,24.7,165,2016-12-04
14.5,78,0.0,20.1,171,2016-12-05
12.1,85,0.0,14.1,184,2016-12-06
11.1,83,0.0,15.7,180,2016-12-07
10.9,78,0.0,21.7,181,2016-12-08
10.6,72,0.0,23.8,184,2016-12-09
10.6,79,0.0,17.2,192,2016-12-10
10.9,80,0.0,13.0,190,2016-12-11
12.0,76,0.0,6.4,159,2016-12-12
9.3,82,0.0,20.0,178,2016-12-13
11.0,75,0.3,23.2,194,2016-12-14
11.3,78,0.3,19.7,178,2016-12-15
10.8,81,2.6,22.4,185,2016-12-16
10.5,91,0.0,9.5,270,2016-12-17
8.7,93,0.0,9.8,117,2016-12-18
7.0,92,1.9,17.4,329,2016-12-19
8.7,89,4.7,12.4,316,2016-12-20
10.3,90,4.3,10.7,251,2016-12-21
11.9,89,5.8,10.2,205,2016-12-22
11.8,87,0.1,9.2,224,2016-12-23
12.0,88,0.1,8.2,246,2016-12-24
9.3,92,0.0,10.5,161,2016-12-25
8.8,90,0.0,10.3,77,2016-12-26
8.9,90,0.0,11.4,106,2016-12-27
9.0,81,0.0,16.7,183,2016-12-28
7.0,83,0.0,9.5,200,2016-12-29
5.4,85,0.0,9.7,153,2016-12-30
4.8,78,0.0,15.9,178,2016-12-31
3.4,75,0.0,10.8,186,2017-01-01
5.2,65,0.0,17.5,169,2017-01-02
3.5,89,0.0,7.3,113,2017-01-03
4.1,93,0.0,7.0,134,2017-01-04
3.1,86,0.0,9.9,120,2017-01-05
1.6,85,0.0,8.1,113,2017-01-06
1.2,81,0.0,6.9,124,2017-01-07
2.7,77,0.0,4.7,123,2017-01-08
6.9,84,0.1,7.8,142,2017-01-09
8.4,96,26.9,22.4,309,2017-01-10
11.3,99,17.0,19.1,314,2017-01-11
11.6,89,3.3,19.2,254,2017-01-12
7.0,88,14.2,18.7,296,2017-01-13
5.7,96,15.2,13.0,277,2017-01-14
7.6,98,14.1,14.3,323,2017-01-15
9.4,98,24.4,23.5,329,2017-01-16
5.8,71,8.1,19.4,19,2017-01-17
2.3,71,0.3,13.4,22,2017-01-18
2.4,79,0.0,9.8,118,2017-01-19
0.1,84,0.0,6.6,155,2017-01-20
3.6,85,0.0,7.7,181,2017-01-21
5.3,91,0.6,12.0,291,2017-01-22
6.1,90,0.9,15.3,273,2017-01-23
5.9,87,0.2,11.1,264,2017-01-24
2.5,85,0.0,10.0,132,2017-01-25
4.2,67,0.0,20.4,165,2017-01-26
8.8,71,1.4,28.9,170,2017-01-27
7.4,79,0.7,14.5,220,2017-01-28
10.9,72,0.1,20.6,195,2017-01-29
14.0,77,0.1,14.5,185,2017-01-30
13.8,68,0.0,19.5,182,2017-01-31
13.1,68,0.4,18.3,186,2017-02-01
13.3,65,3.7,30.8,189,2017-02-02
12.4,55,1.8,26.8,205,2017-02-03
11.5,87,24.4,31.6,227,2017-02-04
9.1,83,14.0,26.1,268,2017-02-05
9.4,90,4.4,17.4,223,2017-02-06
10.1,90,13.9,21.7,275,2017-02-07
7.1,88,13.0,18.7,293,2017-02-08
7.4,83,0.3,10.1,151,2017-02-09
8.9,61,0.0,15.2,167,2017-02-10
6.3,89,1.9,12.3,90,2017-02-11
10.1,82,1.5,28.2,123,2017-02-12
13.0,68,4.4,23.9,144,2017-02-13
11.4,69,0.0,16.6,170,2017-02-14
12.9,66,0.0,16.0,168,2017-02-15
12.3,73,0.0,11.6,187,2017-02-16
10.9,81,0.0,9.0,173,2017-02-17
9.5,85,0.0,13.0,270,2017-02-18
10.9,89,0.5,12.6,296,2017-02-19
10.0,88,0.0,8.3,215,2017-02-20
10.3,86,0.0,7.2,103,2017-02-21
9.3,89,0.0,8.5,112,2017-02-22
9.3,85,0.0,13.2,292,2017-02-23
9.8,81,0.8,14.6,358,2017-02-24
9.2,76,0.0,7.9,123,2017-02-25
10.5,80,0.0,11.7,339,2017-02-26
12.1,74,4.2,25.5,220,2017-02-27
9.2,86,10.8,24.1,259,2017-02-28
11.0,71,0.0,20.0,213,2017-03-01
12.2,78,0.0,14.0,181,2017-03-02
12.5,72,9.6,21.1,193,2017-03-03
8.0,72,1.5,18.7,255,2017-03-04
11.7,71,1.9,20.1,217,2017-03-05
12.9,80,8.8,25.9,274,2017-03-06
11.5,86,2.2,23.2,277,2017-03-07
13.2,87,0.4,11.5,331,2017-03-08
12.1,87,0.0,9.5,68,2017-03-09
14.3,79,0.0,8.8,109,2017-03-10
14.7,70,0.4,21.9,264,2017-03-11
10.7,88,15.6,26.0,293,2017-03-12
9.8,89,8.7,18.2,341,2017-03-13
11.7,90,2.3,13.0,355,2017-03-14
12.2,83,0.0,9.6,57,2017-03-15
14.7,64,0.0,12.9,175,2017-03-16
11.8,78,0.0,12.8,319,2017-03-17
11.0,82,0.0,8.4,7,2017-03-18
9.1,83,0.0,12.7,354,2017-03-19
10.2,83,0.0,11.6,316,2017-03-20
9.0,91,5.4,15.6,273,2017-03-21
7.5,86,9.5,17.4,190,2017-03-22
6.9,66,1.5,14.2,192,2017-03-23
7.0,70,0.7,12.0,105,2017-03-24
7.6,96,20.7,15.1,216,2017-03-25
11.2,71,0.8,18.7,150,2017-03-26
14.1,60,0.5,21.0,166,2017-03-27
14.1,65,0.0,16.0,195,2017-03-28
16.0,61,0.0,10.5,188,2017-03-29
18.0,55,0.0,15.0,173,2017-03-30
15.4,71,4.1,17.1,237,2017-03-31
10.4,86,13.9,21.7,283,2017-04-01
10.4,86,7.3,15.9,305,2017-04-02
10.9,80,0.0,10.7,106,2017-04-03
11.1,87,0.9,14.2,304,2017-04-04
11.4,90,6.0,14.8,344,2017-04-05
12.3,82,0.4,13.1,354,2017-04-06
11.7,83,0.0,9.7,96,2017-04-07
15.9,70,0.0,12.3,191,2017-04-08
16.2,68,0.0,11.3,186,2017-04-09
13.0,88,0.0,10.2,303,2017-04-10
13.2,81,0.0,12.3,356,2017-04-11
13.0,79,0.0,10.3,82,2017-04-12
12.4,82,0.0,10.7,314,2017-04-13
11.2,88,0.2,9.8,313,2017-04-14
12.1,87,1.3,13.0,324,2017-04-15
11.9,82,0.0,13.2,90,2017-04-16
13.0,80,0.0,12.5,61,2017-04-17
12.2,80,0.0,13.8,45,2017-04-18
10.9,58,0.0,16.8,52,2017-04-19
10.6,56,0.0,14.7,69,2017-04-20
12.2,65,0.0,15.1,97,2017-04-21
15.9,48,0.0,14.4,163,2017-04-22
15.0,65,0.0,12.5,87,2017-04-23
14.5,69,0.0,11.9,31,2017-04-24
12.0,88,7.3,15.3,319,2017-04-25
8.0,90,15.0,15.5,343,2017-04-26
7.5,73,3.3,13.7,327,2017-04-27
8.3,71,0.2,13.2,92,2017-04-28
12.1,68,0.0,20.1,167,2017-04-29
12.4,72,13.5,33.7,204,2017-04-30
9.7,71,0.1,14.8,223,2017-05-01
12.8,81,0.6,14.7,289,2017-05-02
13.8,82,0.0,12.7,54,2017-05-03
14.5,81,0.0,14.0,76,2017-05-04
17.0,78,14.7,26.9,151,2017-05-05
14.9,71,0.8,15.9,252,2017-05-06
14.5,68,0.0,13.1,69,2017-05-07
13.2,71,0.0,12.0,79,2017-05-08
13.6,81,0.2,13.4,79,2017-05-09
17.9,74,3.6,15.5,192,2017-05-10
17.5,65,3.7,21.4,199,2017-05-11
17.2,63,1.1,18.4,208,2017-05-12
16.0,77,1.5,14.8,129,2017-05-13
18.1,62,0.0,13.5,188,2017-05-14
20.3,64,0.0,12.4,187,2017-05-15
20.5,68,0.0,10.1,339,2017-05-16
16.2,87,9.1,11.8,335,2017-05-17
12.6,89,12.5,15.5,311,2017-05-18
12.3,77,2.2,16.6,290,2017-05-19
13.5,74,0.2,11.5,68,2017-05-20
19.1,67,0.0,16.6,159,2017-05-21
18.9,72,0.1,16.8,319,2017-05-22
16.0,78,0.0,11.0,57,2017-05-23
19.3,78,0.0,13.2,88,2017-05-24
24.3,66,0.0,10.9,188,2017-05-25
21.9,69,0.0,16.4,146,2017-05-26
21.9,79,0.0,6.8,84,2017-05-27
22.4,74,1.5,16.0,137,2017-05-28
17.4,92,14.0,14.8,325,2017-05-29
17.5,84,1.3,12.6,14,2017-05-30
18.4,79,0.2,13.2,68,2017-05-31
20.6,76,0.0,11.2,58,2017-06-01
18.0,91,4.4,13.3,319,2017-06-02
15.7,92,13.5,18.6,311,2017-06-03
14.1,89,10.7,12.0,346,2017-06-04
17.0,75,0.0,10.9,224,2017-06-05
16.0,76,2.3,16.6,312,2017-06-06
17.1,71,0.0,9.0,103,2017-06-07
20.3,73,0.4,17.3,196,2017-06-08
18.1,78,0.0,13.0,42,2017-06-09
20.6,81,0.0,15.8,341,2017-06-10
19.2,86,1.3,15.0,332,2017-06-11
18.9,83,0.8,10.1,40,2017-06-12
18.9,85,2.5,14.3,330,2017-06-13
20.6,83,0.0,13.4,333,2017-06-14
18.1,87,0.0,11.3,329,2017-06-15
18.8,82,0.0,9.7,46,2017-06-16
20.6,74,0.0,12.3,61,2017-06-17
23.5,67,0.0,11.5,73,2017-06-18
26.0,66,0.4,17.3,185,2017-06-19
26.9,58,0.5,12.7,211,2017-06-20
28.3,59,0.2,9.7,172,2017-06-21
21.5,82,0.0,15.4,341,2017-06-22
20.2,78,0.0,9.9,340,2017-06-23
19.5,80,1.1,10.7,348,2017-06-24
19.6,78,0.1,10.5,73,2017-06-25
20.5,87,9.3,12.5,320,2017-06-26
18.7,89,7.2,15.0,326,2017-06-27
18.2,79,15.7,26.4,265,2017-06-28
16.2,67,2.2,19.8,280,2017-06-29
14.1,85,20.3,19.8,261,2017-06-30
14.5,83,8.1,18.8,284,2017-07-01
16.8,80,0.9,9.9,311,2017-07-02
18.3,82,0.0,12.2,82,2017-07-03
22.9,79,0.0,13.3,118,2017-07-04
23.8,66,0.0,28.6,157,2017-07-05
22.1,78,0.0,9.3,14,2017-07-06
21.4,80,0.1,11.5,330,2017-07-07
19.7,87,1.1,16.6,327,2017-07-08
19.9,80,0.0,13.9,320,2017-07-09
19.2,85,1.9,14.1,311,2017-07-10
20.1,80,0.0,11.5,344,2017-07-11
19.1,84,0.6,12.3,332,2017-07-12
19.5,84,0.0,11.2,342,2017-07-13
19.0,80,0.4,12.8,5,2017-07-14
18.8,80,0.2,10.7,44,2017-07-15
20.5,78,0.0,11.6,62,2017-07-16
25.4,72,0.0,11.8,121,2017-07-17
25.1,69,0.2,18.5,187,2017-07-18
21.4,78,0.6,13.0,328,2017-07-19
18.4,82,2.9,12.2,322,2017-07-20
17.6,83,0.9,11.8,300,2017-07-21
18.3,79,0.2,16.9,322,2017-07-22
19.6,73,0.0,13.9,313,2017-07-23
18.5,89,7.6,18.8,303,2017-07-24
17.8,82,3.7,17.3,312,2017-07-25
19.4,76,0.0,12.0,294,2017-07-26
20.3,80,0.0,15.5,323,2017-07-27
21.5,82,0.3,10.2,8,2017-07-28
22.6,72,0.0,12.5,40,2017-07-29
20.1,82,2.0,14.1,352,2017-07-30
19.0,87,3.3,13.4,1,2017-07-31
19.4,85,1.1,11.2,27,2017-08-01
20.3,78,0.0,12.6,344,2017-08-02
22.1,73,0.0,12.5,31,2017-08-03
23.6,76,0.0,14.8,356,2017-08-04
19.6,91,5.0,13.4,348,2017-08-05
19.4,70,0.1,12.4,14,2017-08-06
20.0,77,0.5,16.7,296,2017-08-07
17.4,77,3.6,17.5,299,2017-08-08
16.4,73,2.4,19.5,298,2017-08-09
16.2,80,5.2,20.4,292,2017-08-10
17.3,69,0.2,11.6,309,2017-08-11
17.6,71,0.0,10.6,57,2017-08-12
19.0,77,0.0,11.8,70,2017-08-13
23.7,71,3.9,15.5,199,2017-08-14
20.1,85,1.1,12.4,347,2017-08-15
20.6,77,0.0,11.1,344,2017-08-16
21.2,68,0.0,12.3,27,2017-08-17
19.8,86,0.8,13.6,310,2017-08-18
19.7,78,0.6,13.3,26,2017-08-19
18.4,72,0.0,12.7,81,2017-08-20
22.0,66,0.0,15.9,96,2017-08-21
24.3,58,0.0,15.5,313,2017-08-22
21.1,78,0.0,10.7,34,2017-08-23
21.6,81,0.2,13.9,341,2017-08-24
21.8,79,0.0,13.2,5,2017-08-25
22.5,78,0.0,12.1,356,2017-08-26
22.9,79,6.2,16.9,168,2017-08-27
25.1,68,2.8,12.8,195,2017-08-28
22.3,82,13.0,9.7,325,2017-08-29
19.9,91,40.8,15.0,319,2017-08-30
17.3,83,4.0,9.9,329,2017-08-31
16.7,84,2.5,18.1,300,2017-09-01
16.9,80,0.6,11.2,289,2017-09-02
18.7,78,0.4,11.3,215,2017-09-03
19.3,89,4.9,11.2,310,2017-09-04
19.8,87,0.0,15.3,321,2017-09-05
18.6,83,1.1,11.0,336,2017-09-06
17.5,76,0.3,10.4,308,2017-09-07
16.5,79,0.0,13.1,267,2017-09-08
15.5,92,29.1,18.4,288,2017-09-09
15.6,83,5.5,18.4,277,2017-09-10
17.1,89,11.8,15.6,292,2017-09-11
16.6,87,3.5,12.3,288,2017-09-12
18.2,83,0.0,13.2,245,2017-09-13
16.4,82,2.8,17.8,318,2017-09-14
13.0,88,8.6,16.3,270,2017-09-15
12.0,91,9.9,13.7,251,2017-09-16
14.1,77,0.0,14.7,256,2017-09-17
14.7,92,5.1,9.2,253,2017-09-18
15.0,84,0.1,8.9,308,2017-09-19
14.4,80,0.0,9.4,110,2017-09-20
16.5,80,0.0,13.7,298,2017-09-21
16.5,97,9.3,12.0,341,2017-09-22
19.2,81,0.0,11.9,166,2017-09-23
18.7,81,0.0,9.8,317,2017-09-24
16.9,91,6.4,13.7,299,2017-09-25
16.8,87,0.6,12.3,122,2017-09-26
17.6,78,0.0,10.6,184,2017-09-27
19.6,77,0.0,13.1,190,2017-09-28
18.4,80,0.0,15.1,310,2017-09-29
16.7,97,3.5,9.4,42,2017-09-30
16.8,93,2.9,9.4,238,2017-10-01
18.6,95,1.4,9.2,280,2017-10-02
18.2,96,0.8,8.6,98,2017-10-03
19.2,89,0.0,13.0,88,2017-10-04
18.6,92,1.6,10.8,318,2017-10-05
15.8,87,1.1,13.7,357,2017-10-06
14.0,75,0.0,9.7,106,2017-10-07
12.7,82,0.0,9.0,85,2017-10-08
13.5,83,0.0,9.0,102,2017-10-09
14.6,87,0.0,9.2,122,2017-10-10
16.6,77,0.0,13.9,203,2017-10-11
15.8,85,0.0,8.8,122,2017-10-12
17.8,79,0.0,12.5,118,2017-10-13
20.6,77,0.0,13.6,166,2017-10-14
23.3,60,0.0,19.9,172,2017-10-15
21.1,71,0.0,23.5,164,2017-10-16
19.8,71,0.6,20.4,157,2017-10-17
15.8,92,7.8,12.5,169,2017-10-18
15.8,73,0.5,11.3,192,2017-10-19
19.0,63,0.0,14.0,199,2017-10-20
16.8,75,3.4,16.9,290,2017-10-21
13.5,82,3.1,15.6,284,2017-10-22
13.1,83,0.0,8.2,148,2017-10-23
15.4,74,0.0,7.0,145,2017-10-24
16.3,76,0.0,8.6,158,2017-10-25
18.2,63,0.0,13.3,195,2017-10-26
15.1,86,0.3,13.0,315,2017-10-27
14.8,87,0.3,11.8,13,2017-10-28
12.8,88,0.9,10.9,291,2017-10-29
13.4,88,3.0,13.4,342,2017-10-30
12.0,75,0.0,9.7,104,2017-10-31
15.8,63,0.0,16.0,176,2017-11-01
17.9,64,0.0,15.8,169,2017-11-02
16.8,70,1.1,18.9,192,2017-11-03
12.7,92,10.4,14.7,263,2017-11-04
11.2,93,14.6,16.8,303,2017-11-05
11.0,74,1.1,16.7,347,2017-11-06
9.7,76,0.7,14.1,119,2017-11-07
8.7,98,21.7,20.3,283,2017-11-08
9.2,81,5.5,16.4,281,2017-11-09
11.6,93,5.2,15.8,313,2017-11-10
12.5,94,4.2,14.2,272,2017-11-11
13.1,86,6.5,19.1,270,2017-11-12
10.6,71,1.0,17.4,4,2017-11-13
8.4,73,0.0,10.2,52,2017-11-14
6.0,84,0.0,7.6,130,2017-11-15
8.1,79,0.0,5.6,159,2017-11-16
9.6,90,0.0,7.8,204,2017-11-17
10.0,92,0.3,8.9,187,2017-11-18
8.1,89,0.0,6.8,132,2017-11-19
8.7,78,0.0,6.1,144,2017-11-20
9.8,69,0.0,11.5,175,2017-11-21
14.3,43,0.0,19.2,183,2017-11-22
17.8,43,0.0,21.3,198,2017-11-23
15.3,68,0.6,14.7,210,2017-11-24
11.0,84,11.4,14.8,322,2017-11-25
8.2,89,1.3,10.0,214,2017-11-26
6.4,87,0.0,7.6,149,2017-11-27
6.6,82,4.9,13.1,221,2017-11-28
6.8,97,16.0,14.6,252,2017-11-29
5.4,96,9.2,14.7,256,2017-11-30
5.4,98,22.6,17.5,285,2017-12-01
4.6,97,11.7,12.3,297,2017-12-02
4.9,91,1.7,8.2,181,2017-12-03
6.5,96,1.8,7.7,187,2017-12-04
4.5,91,0.0,7.2,134,2017-12-05
3.9,81,0.0,10.8,181,2017-12-06
7.9,62,2.2,14.2,189,2017-12-07
8.8,97,16.3,15.5,224,2017-12-08
8.5,93,6.6,14.7,197,2017-12-09
13.7,81,25.9,30.8,213,2017-12-10
9.0,85,20.5,33.5,243,2017-12-11
5.8,91,6.1,13.7,206,2017-12-12
10.1,68,0.1,21.4,208,2017-12-13
11.8,90,9.1,21.7,270,2017-12-14
8.3,89,17.9,20.0,273,2017-12-15
6.7,96,14.5,12.1,257,2017-12-16
6.5,98,5.3,9.1,222,2017-12-17
8.2,94,6.4,19.3,252,2017-12-18
7.7,89,0.1,11.0,9,2017-12-19
7.0,85,0.0,6.2,204,2017-12-20
6.6,89,0.0,7.3,180,2017-12-21
7.5,92,0.3,6.5,253,2017-12-22
9.2,91,0.4,9.1,60,2017-12-23
7.6,89,0.0,10.1,161,2017-12-24
8.6,73,0.0,25.6,182,2017-12-25
8.3,81,3.1,26.9,207,2017-12-26
7.6,87,19.4,32.4,270,2017-12-27
8.3,94,21.3,26.9,273,2017-12-28
11.5,88,6.1,16.3,236,2017-12-29
14.7,69,0.0,18.9,206,2017-12-30
12.7,69,6.1,24.4,217,2017-12-31
10.3,74,12.6,25.6,232,2018-01-01
12.7,83,8.4,19.2,218,2018-01-02
14.7,87,2.2,14.5,210,2018-01-03
15.3,72,0.0,18.4,215,2018-01-04
11.8,81,14.0,25.5,230,2018-01-05
6.0,100,32.0,7.7,357,2018-01-06
6.9,98,17.2,13.2,239,2018-01-07
5.9,84,0.0,11.2,191,2018-01-08
7.3,64,1.0,24.6,195,2018-01-09
8.8,75,3.0,22.4,209,2018-01-10
6.0,89,20.6,18.1,232,2018-01-11
8.1,91,1.5,9.0,211,2018-01-12
7.4,76,9.6,19.2,185,2018-01-13
6.4,98,18.3,11.9,217,2018-01-14
8.5,77,3.7,18.4,212,2018-01-15
12.0,73,0.2,17.6,231,2018-01-16
10.0,90,8.3,24.3,294,2018-01-17
8.3,84,0.0,11.3,220,2018-01-18
9.6,92,6.1,14.1,275,2018-01-19
9.5,88,4.5,17.8,243,2018-01-20
12.8,89,0.9,17.4,298,2018-01-21
11.9,84,0.6,10.2,229,2018-01-22
12.6,85,0.4,7.6,205,2018-01-23
10.2,74,0.0,13.6,195,2018-01-24
9.3,85,19.1,18.0,226,2018-01-25
7.2,94,12.6,18.0,296,2018-01-26
7.8,86,5.5,14.0,352,2018-01-27
5.9,88,0.0,7.8,122,2018-01-28
5.7,90,0.0,7.2,181,2018-01-29
7.0,91,0.0,6.5,105,2018-01-30
6.4,89,0.0,11.0,224,2018-01-31
6.8,96,19.7,16.1,287,2018-02-01
4.6,97,7.5,11.8,289,2018-02-02
5.5,98,21.7,16.1,250,2018-02-03
5.5,97,8.8,11.6,258,2018-02-04
4.8,97,7.0,12.8,358,2018-02-05
4.3,84,4.9,14.5,340,2018-02-06
3.7,95,7.2,11.6,314,2018-02-07
3.4,99,11.6,8.7,222,2018-02-08
3.4,92,5.6,21.1,217,2018-02-09
5.8,91,7.2,10.5,320,2018-02-10
8.1,97,17.0,16.1,244,2018-02-11
5.0,96,8.4,14.0,291,2018-02-12
4.6,85,7.7,24.2,210,2018-02-13
9.8,88,6.4,18.4,200,2018-02-14
14.5,73,0.0,15.9,206,2018-02-15
13.9,80,0.0,14.3,200,2018-02-16
9.5,92,10.0,16.1,307,2018-02-17
8.0,91,6.8,13.9,256,2018-02-18
9.7,99,23.8,14.8,301,2018-02-19
9.8,96,14.1,18.7,324,2018-02-20
7.5,81,3.4,16.5,2,2018-02-21
5.7,69,0.1,13.9,354,2018-02-22
4.4,77,0.2,9.9,343,2018-02-23
3.8,83,0.0,8.9,84,2018-02-24
4.3,83,0.0,10.5,283,2018-02-25
4.1,79,0.0,12.6,27,2018-02-26
-1.0,63,0.0,9.9,83,2018-02-27
1.5,76,11.4,21.3,150,2018-02-28
10.9,78,1.9,27.0,156,2018-03-01
8.5,66,8.1,22.7,191,2018-03-02
12.4,59,1.0,24.2,208,2018-03-03
11.4,73,3.6,15.0,203,2018-03-04
10.5,71,9.6,19.1,222,2018-03-05
8.3,79,4.1,19.2,234,2018-03-06
7.5,73,0.2,11.9,219,2018-03-07
11.6,60,0.3,17.9,189,2018-03-08
15.4,67,1.3,23.0,185,2018-03-09
15.3,66,0.1,22.7,174,2018-03-10
13.9,50,0.0,31.2,199,2018-03-11
10.6,67,2.1,23.1,261,2018-03-12
11.2,75,1.0,10.7,184,2018-03-13
12.8,68,3.6,24.3,170,2018-03-14
11.7,65,3.1,23.2,222,2018-03-15
9.2,75,3.0,17.3,207,2018-03-16
7.7,78,6.9,14.1,243,2018-03-17
6.7,94,7.8,14.1,267,2018-03-18
4.7,95,15.1,16.3,254,2018-03-19
4.8,85,6.8,23.0,338,2018-03-20
6.4,67,1.4,19.3,1,2018-03-21
6.8,71,1.4,10.7,354,2018-03-22
8.7,72,1.2,17.4,195,2018-03-23
7.9,83,10.7,29.7,254,2018-03-24
8.0,91,13.6,19.2,275,2018-03-25
8.8,91,7.2,19.4,310,2018-03-26
11.6,87,2.6,20.1,291,2018-03-27
11.3,83,5.3,13.0,296,2018-03-28
10.7,78,5.9,16.1,225,2018-03-29
10.9,56,3.0,22.9,212,2018-03-30
8.1,78,14.7,25.1,279,2018-03-31
12.4,68,0.0,13.9,175,2018-04-01
15.7,52,0.2,21.5,173,2018-04-02
16.0,54,0.3,23.3,196,2018-04-03
13.0,69,7.8,27.7,226,2018-04-04
13.9,73,0.8,13.4,169,2018-04-05
17.5,51,0.1,24.0,161,2018-04-06
13.1,80,5.2,14.2,175,2018-04-07
11.6,83,1.5,10.5,47,2018-04-08
9.4,92,12.3,11.0,259,2018-04-09
8.2,91,12.6,15.8,213,2018-04-10
8.6,98,29.9,26.4,314,2018-04-11
11.3,90,11.8,17.8,320,2018-04-12
10.8,85,10.2,9.2,141,2018-04-13
12.2,86,5.9,12.7,126,2018-04-14
13.5,72,1.1,14.8,187,2018-04-15
12.3,83,8.4,11.6,4,2018-04-16
16.4,62,0.0,12.2,172,2018-04-17
18.8,65,0.0,14.9,163,2018-04-18
20.9,53,0.0,19.1,166,2018-04-19
18.9,62,0.0,13.0,143,2018-04-20
20.0,56,0.0,15.5,170,2018-04-21
18.4,68,1.7,11.4,258,2018-04-22
15.0,91,6.1,12.2,11,2018-04-23
16.8,85,0.0,11.3,22,2018-04-24
14.1,87,0.2,14.0,336,2018-04-25
13.1,77,0.5,10.1,46,2018-04-26
11.5,83,0.7,17.4,312,2018-04-27
11.0,90,3.9,11.5,53,2018-04-28
10.7,83,4.1,16.6,283,2018-04-29
8.2,90,11.7,13.6,252,2018-04-30
9.6,83,3.8,8.8,319,2018-05-01
10.8,82,5.7,13.5,238,2018-05-02
11.0,81,3.5,19.3,326,2018-05-03
11.5,78,0.7,17.1,343,2018-05-04
12.4,86,0.0,10.5,302,2018-05-05
16.2,76,0.0,10.6,62,2018-05-06
17.2,82,0.0,10.6,328,2018-05-07
14.4,89,0.0,18.0,317,2018-05-08
13.5,85,1.5,12.6,316,2018-05-09
12.4,81,1.8,14.4,327,2018-05-10
13.2,74,0.0,16.7,225,2018-05-11
10.3,91,15.1,17.4,298,2018-05-12
9.2,87,15.1,19.4,280,2018-05-13
11.5,86,7.9,18.0,317,2018-05-14
11.9,79,0.4,17.6,302,2018-05-15
13.4,81,0.4,12.1,315,2018-05-16
13.4,84,0.3,11.4,36,2018-05-17
15.0,87,0.5,10.8,327,2018-05-18
15.6,85,0.0,12.0,310,2018-05-19
15.9,81,0.0,10.5,332,2018-05-20
16.3,82,0.7,10.7,256,2018-05-21
16.7,79,0.0,11.3,325,2018-05-22
16.8,83,0.6,7.4,105,2018-05-23
18.4,86,10.4,9.8,346,2018-05-24
17.2,91,13.1,10.5,348,2018-05-25
17.5,89,11.0,13.2,261,2018-05-26
16.7,89,0.9,12.9,22,2018-05-27
15.8,91,2.6,14.2,337,2018-05-28
16.1,86,0.1,12.5,293,2018-05-29
16.1,87,1.6,11.6,12,2018-05-30
16.1,89,3.1,11.1,47,2018-05-31
16.4,92,4.3,10.5,17,2018-06-01
18.8,89,6.6,8.4,288,2018-06-02
17.8,91,4.5,11.3,294,2018-06-03
15.9,92,7.8,10.4,306,2018-06-04
14.8,89,11.3,9.6,316,2018-06-05
15.2,84,1.6,12.4,295,2018-06-06
17.7,86,7.4,11.8,90,2018-06-07
19.8,81,4.3,12.3,162,2018-06-08
18.9,79,2.4,11.5,136,2018-06-09
17.6,79,3.6,11.2,196,2018-06-10
15.7,91,5.1,12.8,311,2018-06-11
16.1,94,26.8,24.2,290,2018-06-12
16.1,85,4.5,20.4,309,2018-06-13
16.0,83,0.7,12.4,310,2018-06-14
15.9,89,0.5,10.4,311,2018-06-15
17.2,85,0.7,12.3,347,2018-06-16
16.7,83,0.4,13.2,311,2018-06-17
16.1,89,1.2,13.0,326,2018-06-18
18.1,87,1.2,10.2,65,2018-06-19
20.3,87,0.0,12.1,337,2018-06-20
20.3,87,0.3,13.3,320,2018-06-21
19.7,86,0.7,11.5,328,2018-06-22
18.2,77,0.0,11.2,76,2018-06-23
20.0,73,0.0,10.9,91,2018-06-24
20.8,73,0.0,10.9,72,2018-06-25
20.8,77,0.0,12.2,326,2018-06-26
18.7,89,0.9,14.2,338,2018-06-27
18.9,88,1.5,11.0,323,2018-06-28
22.0,81,0.0,10.4,58,2018-06-29
23.1,83,14.6,10.1,134,2018-06-30
22.2,87,19.2,12.4,277,2018-07-01
21.1,85,1.6,9.6,297,2018-07-02
20.8,88,1.7,11.8,360,2018-07-03
19.5,95,11.0,14.5,343,2018-07-04
18.8,88,2.7,18.0,303,2018-07-05
19.5,83,0.4,13.3,64,2018-07-06
20.7,84,0.2,11.4,34,2018-07-07
21.6,88,2.5,11.6,317,2018-07-08
22.4,82,0.3,11.4,325,2018-07-09
22.3,85,0.0,10.6,322,2018-07-10
21.1,84,1.6,12.1,0,2018-07-11
20.2,86,1.9,10.1,329,2018-07-12
20.5,81,2.2,11.0,69,2018-07-13
22.3,86,0.6,11.3,340,2018-07-14
21.5,88,5.7,14.3,308,2018-07-15
19.4,90,8.5,20.5,300,2018-07-16
20.5,81,0.6,12.7,63,2018-07-17
22.7,84,1.1,9.4,351,2018-07-18
21.7,88,0.9,15.4,309,2018-07-19
18.7,90,13.2,15.2,302,2018-07-20
18.6,83,2.4,12.0,274,2018-07-21
19.3,88,1.6,10.7,317,2018-07-22
21.6,82,0.0,11.4,99,2018-07-23
21.9,87,0.7,10.5,311,2018-07-24
22.5,87,0.5,11.4,30,2018-07-25
21.7,88,0.5,11.7,321,2018-07-26
21.7,90,2.3,16.6,310,2018-07-27
20.2,90,4.3,12.8,342,2018-07-28
20.9,86,0.9,15.1,321,2018-07-29
22.0,82,0.0,12.3,41,2018-07-30
20.1,95,8.6,14.4,308,2018-07-31
20.9,87,2.4,12.5,28,2018-08-01
23.0,83,0.0,7.8,50,2018-08-02
24.9,80,0.0,10.1,330,2018-08-03
23.2,80,0.0,11.8,319,2018-08-04
23.6,81,0.0,11.1,320,2018-08-05
26.7,74,0.0,10.7,183,2018-08-06
21.6,81,0.6,20.0,316,2018-08-07
20.8,80,2.1,15.3,61,2018-08-08
18.4,82,14.1,17.1,294,2018-08-09
18.8,79,0.4,12.0,87,2018-08-10
20.3,82,0.0,10.5,47,2018-08-11
21.4,82,1.0,14.1,332,2018-08-12
19.9,89,4.6,16.8,317,2018-08-13
19.3,88,6.2,14.7,310,2018-08-14
20.2,82,0.3,12.3,77,2018-08-15
20.1,89,3.8,14.6,309,2018-08-16
18.1,93,11.1,12.6,330,2018-08-17
17.9,80,1.1,11.7,43,2018-08-18
19.2,80,0.0,11.4,46,2018-08-19
19.7,83,0.0,11.3,13,2018-08-20
20.9,82,0.0,12.6,62,2018-08-21
21.9,84,0.0,12.6,313,2018-08-22
21.4,89,0.8,12.9,315,2018-08-23
19.2,88,3.6,12.2,318,2018-08-24
18.4,79,0.8,13.2,304,2018-08-25
19.1,77,0.0,10.1,314,2018-08-26
20.8,79,0.0,10.0,67,2018-08-27
22.2,83,0.0,15.5,335,2018-08-28
19.7,93,7.6,14.0,321,2018-08-29
19.5,84,0.7,11.9,58,2018-08-30
19.8,82,0.5,13.0,13,2018-08-31
20.1,82,0.5,12.2,78,2018-09-01
20.1,73,0.0,12.7,79,2018-09-02
19.4,77,0.0,12.4,9,2018-09-03
19.7,81,0.3,13.0,324,2018-09-04
18.5,91,9.7,12.2,266,2018-09-05
18.4,94,25.1,12.0,301,2018-09-06
18.2,86,3.9,11.7,46,2018-09-07
20.5,81,0.0,8.7,143,2018-09-08
20.3,88,4.4,9.8,302,2018-09-09
19.9,86,1.3,10.9,46,2018-09-10
20.9,82,0.0,10.3,95,2018-09-11
21.6,80,0.3,16.2,275,2018-09-12
20.1,86,1.5,10.8,329,2018-09-13
19.3,86,1.0,11.0,65,2018-09-14
19.8,81,0.0,11.9,86,2018-09-15
19.5,86,0.0,15.0,327,2018-09-16
22.8,75,0.3,14.8,173,2018-09-17
21.5,78,0.0,12.4,40,2018-09-18
21.3,85,0.0,13.3,348,2018-09-19
21.6,84,0.0,13.6,353,2018-09-20
19.9,81,0.3,15.6,338,2018-09-21
21.7,78,0.0,12.3,332,2018-09-22
20.5,82,0.6,17.1,309,2018-09-23
16.9,81,4.1,11.8,0,2018-09-24
14.6,73,0.0,10.1,324,2018-09-25
19.0,70,0.0,20.3,152,2018-09-26
23.8,59,0.0,19.6,181,2018-09-27
20.0,79,0.0,11.5,337,2018-09-28
18.7,84,0.0,10.9,340,2018-09-29
16.3,81,0.0,11.5,280,2018-09-30
15.7,69,1.7,16.4,351,2018-10-01
14.2,64,0.0,12.0,54,2018-10-02
14.1,76,0.0,11.6,95,2018-10-03
16.4,80,0.0,10.5,145,2018-10-04
18.8,66,0.0,12.5,200,2018-10-05
14.8,83,4.2,28.4,289,2018-10-06
12.7,91,16.1,20.2,294,2018-10-07
14.7,91,8.0,13.0,353,2018-10-08
14.9,83,0.0,11.2,125,2018-10-09
17.7,66,0.0,20.3,160,2018-10-10
19.0,70,1.1,21.7,173,2018-10-11
21.6,57,0.0,24.5,184,2018-10-12
23.4,52,0.0,18.4,174,2018-10-13
16.8,84,13.0,22.5,247,2018-10-14
15.0,79,0.0,10.7,172,2018-10-15
14.9,87,0.2,11.0,121,2018-10-16
15.1,88,0.0,11.3,110,2018-10-17
16.1,95,2.3,11.5,351,2018-10-18
16.8,93,0.2,14.3,324,2018-10-19
16.5,90,0.5,9.0,332,2018-10-20
16.9,89,0.0,9.7,62,2018-10-21
15.7,85,0.6,14.3,319,2018-10-22
13.9,86,0.5,10.6,348,2018-10-23
12.7,87,0.0,9.4,288,2018-10-24
13.1,87,0.0,7.6,240,2018-10-25
13.4,93,5.5,11.4,281,2018-10-26
9.3,96,28.0,19.5,308,2018-10-27
6.9,94,11.0,15.5,289,2018-10-28
7.3,95,18.3,20.9,304,2018-10-29
9.7,71,0.0,16.9,170,2018-10-30
10.1,91,7.8,11.2,201,2018-10-31
11.3,90,6.7,8.3,234,2018-11-01
11.6,93,8.6,11.4,270,2018-11-02
9.5,86,0.1,6.1,117,2018-11-03
10.4,74,0.6,20.2,166,2018-11-04
12.0,78,4.3,20.1,166,2018-11-05
11.1,80,17.7,25.9,206,2018-11-06
13.5,74,4.3,27.8,191,2018-11-07
11.7,76,0.1,15.8,152,2018-11-08
12.5,73,5.0,23.2,204,2018-11-09
15.9,72,1.8,24.0,208,2018-11-10
15.9,72,6.4,22.8,193,2018-11-11
12.6,96,13.2,10.6,20,2018-11-12
12.3,95,0.8,10.9,83,2018-11-13
14.7,80,0.0,13.2,186,2018-11-14
16.7,75,0.0,14.8,170,2018-11-15
15.0,81,0.0,11.5,164,2018-11-16
15.2,80,0.0,13.4,175,2018-11-17
12.1,84,4.0,10.7,127,2018-11-18
10.4,89,0.4,10.0,70,2018-11-19
7.5,89,3.3,8.5,51,2018-11-20
9.5,80,0.8,15.8,172,2018-11-21
11.9,63,0.0,18.0,175,2018-11-22
11.4,73,2.2,18.4,192,2018-11-23
12.2,60,0.0,19.2,202,2018-11-24
10.4,79,6.5,21.3,248,2018-11-25
8.7,95,20.3,18.7,287,2018-11-26
10.5,83,3.8,10.1,210,2018-11-27
12.4,56,0.0,17.1,196,2018-11-28
13.1,51,2.6,23.5,193,2018-11-29
10.0,86,2.6,17.2,232,2018-11-30
11.1,75,2.7,15.4,190,2018-12-01
14.0,67,0.0,17.4,199,2018-12-02
14.0,75,0.9,16.6,203,2018-12-03
13.4,87,0.0,9.3,165,2018-12-04
13.9,72,0.0,13.7,203,2018-12-05
12.0,82,0.5,11.2,217,2018-12-06
10.6,83,4.4,12.5,223,2018-12-07
10.6,80,0.1,11.1,233,2018-12-08
11.2,86,5.5,17.9,261,2018-12-09
9.7,92,0.6,7.4,139,2018-12-10
8.0,86,0.0,7.7,158,2018-12-11
10.1,85,1.3,15.1,182,2018-12-12
10.4,84,14.7,27.3,258,2018-12-13
9.3,93,6.6,19.7,283,2018-12-14
12.7,74,1.7,22.7,201,2018-12-15
10.8,93,17.1,18.0,274,2018-12-16
8.2,76,0.0,12.6,190,2018-12-17
10.5,50,0.0,28.3,178,2018-12-18
10.0,76,0.8,17.6,206,2018-12-19
11.0,71,0.0,14.3,200,2018-12-20
13.8,66,0.0,20.3,203,2018-12-21
14.2,74,0.0,14.7,198,2018-12-22
11.2,79,0.0,10.4,179,2018-12-23
9.3,84,0.0,9.1,169,2018-12-24
9.6,92,0.0,8.4,116,2018-12-25
10.1,77,0.0,13.1,186,2018-12-26
7.2,83,0.0,8.0,172,2018-12-27
9.5,93,1.7,7.9,253,2018-12-28
9.3,93,0.9,9.4,2,2018-12-29
6.0,92,0.0,6.3,128,2018-12-30
5.3,93,0.0,5.3,120,2018-12-31
5.8,93,0.0,5.4,125,2019-01-01
6.8,87,0.1,11.2,79,2019-01-02
3.5,86,0.0,7.1,144,2019-01-03
0.2,89,0.0,7.4,145,2019-01-04
1.8,83,0.0,7.6,112,2019-01-05
4.3,91,0.0,8.1,185,2019-01-06
5.2,84,0.0,8.0,84,2019-01-07
6.9,85,0.1,9.4,227,2019-01-08
8.4,89,3.1,15.5,325,2019-01-09
6.3,73,0.8,15.1,21,2019-01-10
5.1,76,0.0,8.7,64,2019-01-11
6.7,96,4.8,9.8,259,2019-01-12
8.5,90,0.8,11.5,265,2019-01-13
9.5,95,3.7,13.5,285,2019-01-14
8.1,91,0.7,8.9,111,2019-01-15
7.7,73,0.0,12.5,205,2019-01-16
7.3,91,14.3,13.3,252,2019-01-17
5.6,94,1.4,11.3,185,2019-01-18
7.5,79,2.5,14.6,196,2019-01-19
8.1,94,15.1,17.3,298,2019-01-20
7.0,88,8.7,15.0,318,2019-01-21
5.7,96,20.6,18.9,243,2019-01-22
8.2,98,38.4,33.6,303,2019-01-23
7.2,99,21.1,19.8,358,2019-01-24
9.8,96,10.5,19.7,317,2019-01-25
9.7,89,1.6,8.9,246,2019-01-26
8.2,80,8.7,30.4,292,2019-01-27
8.5,89,17.2,29.3,299,2019-01-28
7.9,95,20.2,28.7,269,2019-01-29
7.6,81,8.7,22.9,250,2019-01-30
11.0,93,29.0,19.2,225,2019-01-31
8.9,83,7.7,23.7,209,2019-02-01
5.9,90,19.0,27.6,306,2019-02-02
5.4,88,6.9,12.1,329,2019-02-03
5.1,86,0.9,9.7,177,2019-02-04
9.8,91,2.0,8.7,191,2019-02-05
10.2,84,0.0,11.5,181,2019-02-06
9.1,87,1.5,15.7,205,2019-02-07
9.1,76,0.0,16.1,199,2019-02-08
12.1,63,0.0,15.4,198,2019-02-09
11.3,75,4.9,26.7,240,2019-02-10
7.9,94,4.4,13.4,292,2019-02-11
6.8,87,0.1,9.2,122,2019-02-12
7.9,79,0.0,10.2,162,2019-02-13
11.6,65,0.0,15.7,176,2019-02-14
12.5,58,0.0,13.8,181,2019-02-15
11.4,62,0.0,18.1,173,2019-02-16
13.0,40,0.0,18.7,174,2019-02-17
12.0,62,0.6,18.1,188,2019-02-18
9.6,95,6.4,14.3,327,2019-02-19
10.6,79,0.0,11.9,190,2019-02-20
12.6,69,0.0,12.8,172,2019-02-21
13.5,62,0.0,10.1,168,2019-02-22
10.7,70,0.0,12.2,243,2019-02-23
11.5,75,0.0,9.0,167,2019-02-24
11.7,74,0.0,9.4,181,2019-02-25
13.8,66,0.0,12.8,175,2019-02-26
15.3,50,0.0,13.2,198,2019-02-27
11.6,78,0.0,9.4,2,2019-02-28
9.9,81,0.0,10.2,224,2019-03-01
11.7,79,0.0,12.9,240,2019-03-02
15.3,52,0.0,22.9,197,2019-03-03
12.3,74,7.3,27.1,298,2019-03-04
13.0,61,0.3,18.9,190,2019-03-05
15.0,57,3.7,26.3,189,2019-03-06
10.7,62,1.1,21.3,229,2019-03-07
10.4,81,11.6,13.8,278,2019-03-08
12.7,73,0.6,12.8,197,2019-03-09
11.5,89,1.3,16.6,293,2019-03-10
10.6,77,0.8,9.5,15,2019-03-11
11.1,70,2.5,17.4,257,2019-03-12
8.3,90,10.0,19.9,289,2019-03-13
9.2,85,6.9,18.8,283,2019-03-14
10.4,76,0.0,10.2,267,2019-03-15
12.3,74,0.0,14.8,205,2019-03-16
9.1,85,3.7,16.1,303,2019-03-17
8.7,80,3.2,13.7,301,2019-03-18
9.1,90,17.8,12.1,346,2019-03-19
8.5,77,0.4,12.8,30,2019-03-20
9.1,79,0.0,8.7,352,2019-03-21
10.5,70,0.0,12.4,187,2019-03-22
12.6,63,0.0,11.6,112,2019-03-23
11.7,80,0.0,11.7,304,2019-03-24
10.6,81,0.2,14.8,348,2019-03-25
9.1,69,0.4,13.6,45,2019-03-26
8.3,77,0.0,12.6,340,2019-03-27
9.4,81,0.0,11.9,305,2019-03-28
11.4,73,0.0,12.3,189,2019-03-29
15.2,52,0.1,21.9,176,2019-03-30
12.9,63,0.1,11.3,122,2019-03-31
12.5,80,4.6,10.0,117,2019-04-01
11.2,86,2.5,17.3,297,2019-04-02
7.4,93,14.8,17.9,285,2019-04-03
9.0,61,1.4,21.6,207,2019-04-04
11.0,66,2.5,17.5,196,2019-04-05
9.3,78,3.7,18.4,225,2019-04-06
9.4,77,0.4,13.1,243,2019-04-07
11.7,79,5.2,15.4,234,2019-04-08
10.5,77,1.4,16.3,218,2019-04-09
8.9,88,11.4,13.8,297,2019-04-10
10.1,91,13.3,16.4,299,2019-04-11
10.7,84,3.6,11.4,329,2019-04-12
10.9,71,0.0,12.5,96,2019-04-13
14.5,72,0.0,9.4,45,2019-04-14
15.3,84,16.9,17.8,182,2019-04-15
13.7,74,0.1,16.9,99,2019-04-16
17.4,60,0.0,26.2,149,2019-04-17
14.8,79,9.0,18.3,138,2019-04-18
15.0,80,1.3,12.6,48,2019-04-19
13.9,75,0.0,12.5,314,2019-04-20
12.7,80,4.2,10.9,32,2019-04-21
14.6,74,0.1,14.4,182,2019-04-22
13.9,80,9.2,16.8,193,2019-04-23
12.0,70,2.2,25.9,183,2019-04-24
13.3,58,0.2,23.9,214,2019-04-25
11.3,77,3.3,18.6,278,2019-04-26
11.3,83,1.5,13.8,267,2019-04-27
12.2,79,0.1,12.3,42,2019-04-28
11.7,80,0.0,13.0,81,2019-04-29
13.2,76,0.0,12.1,65,2019-04-30
11.9,78,0.0,17.8,307,2019-05-01
12.2,81,1.4,13.8,305,2019-05-02
10.9,90,10.0,17.1,325,2019-05-03
11.1,83,1.9,19.4,310,2019-05-04
9.3,68,0.1,12.1,63,2019-05-05
11.3,67,0.0,12.7,103,2019-05-06
14.1,74,0.0,11.9,179,2019-05-07
15.9,70,4.8,20.6,202,2019-05-08
14.1,67,2.8,12.8,186,2019-05-09
16.8,88,7.5,16.9,15,2019-05-10
13.8,85,3.3,18.3,313,2019-05-11
13.2,79,0.0,12.7,75,2019-05-12
13.7,66,0.0,12.1,37,2019-05-13
13.6,71,0.0,11.2,69,2019-05-14
15.3,65,0.0,10.5,71,2019-05-15
13.4,75,0.5,20.7,303,2019-05-16
11.3,95,18.4,21.1,292,2019-05-17
9.7,88,21.3,19.3,261,2019-05-18
11.1,96,37.8,18.7,287,2019-05-19
12.1,81,0.5,9.8,341,2019-05-20
13.6,79,0.0,12.6,70,2019-05-21
14.8,79,0.0,11.1,93,2019-05-22
15.2,84,2.4,13.7,319,2019-05-23
13.6,94,10.3,18.6,313,2019-05-24
13.3,93,7.0,17.4,317,2019-05-25
13.5,94,8.0,17.3,318,2019-05-26
13.8,94,6.1,15.0,308,2019-05-27
13.0,86,3.4,21.9,309,2019-05-28
14.2,83,3.8,14.2,325,2019-05-29
16.5,76,0.0,11.7,86,2019-05-30
19.5,75,0.0,11.3,89,2019-05-31
22.3,70,0.0,10.3,170,2019-06-01
20.7,69,0.0,16.4,347,2019-06-02
18.6,77,1.2,12.1,12,2019-06-03
16.9,84,1.4,18.4,330,2019-06-04
13.3,89,26.3,18.4,302,2019-06-05
16.5,65,1.2,16.3,164,2019-06-06
15.8,59,1.4,21.9,251,2019-06-07
14.3,76,0.7,14.9,67,2019-06-08
14.4,90,3.7,15.6,324,2019-06-09
13.4,82,2.0,11.2,305,2019-06-10
12.7,85,23.0,21.2,293,2019-06-11
13.4,70,0.2,15.8,289,2019-06-12
13.8,83,0.4,15.5,11,2019-06-13
14.1,87,1.3,12.3,32,2019-06-14
15.3,78,0.1,12.6,342,2019-06-15
16.8,80,0.0,13.2,71,2019-06-16
19.1,81,0.0,12.3,328,2019-06-17
21.6,70,0.0,22.3,229,2019-06-18
19.1,79,0.5,14.0,332,2019-06-19
17.0,87,3.3,10.8,5,2019-06-20
16.1,85,13.2,11.1,360,2019-06-21
18.5,74,0.0,15.3,94,2019-06-22
21.0,73,0.0,15.7,355,2019-06-23
18.9,86,0.1,15.3,312,2019-06-24
20.2,81,1.6,12.4,13,2019-06-25
25.5,71,0.0,14.5,128,2019-06-26
26.2,66,0.0,20.0,54,2019-06-27
21.2,76,0.0,10.9,354,2019-06-28
19.1,86,0.0,14.8,339,2019-06-29
19.1,83,0.3,13.2,335,2019-06-30
18.8,80,1.0,14.1,322,2019-07-01
18.9,88,1.1,11.0,314,2019-07-02
21.8,82,1.4,15.4,18,2019-07-03
25.5,74,0.2,15.6,80,2019-07-04
23.7,77,0.5,12.8,16,2019-07-05
21.3,82,0.1,13.8,336,2019-07-06
20.5,81,0.3,12.4,357,2019-07-07
19.5,90,12.4,13.9,353,2019-07-08
19.1,90,16.5,21.9,305,2019-07-09
20.2,76,0.0,12.3,325,2019-07-10
20.5,76,0.0,10.6,343,2019-07-11
20.7,75,0.0,10.5,33,2019-07-12
20.6,82,0.0,12.0,58,2019-07-13
20.9,84,2.3,14.5,317,2019-07-14
20.2,77,0.0,12.8,8,2019-07-15
19.6,80,0.1,12.7,2,2019-07-16
20.2,82,0.4,14.0,320,2019-07-17
19.8,78,0.8,12.8,328,2019-07-18
21.3,76,0.0,12.0,51,2019-07-19
21.6,80,0.1,14.7,339,2019-07-20
21.6,85,1.9,13.6,27,2019-07-21
24.3,78,0.0,11.7,41,2019-07-22
27.0,64,0.0,14.5,197,2019-07-23
25.8,74,0.0,12.3,57,2019-07-24
24.1,81,0.1,13.8,331,2019-07-25
18.9,95,16.7,14.9,316,2019-07-26
16.7,98,19.5,13.0,303,2019-07-27
18.5,83,4.1,11.9,356,2019-07-28
18.7,79,0.6,17.7,316,2019-07-29
18.1,77,1.9,16.4,315,2019-07-30
18.2,76,0.0,11.5,77,2019-07-31
18.5,90,12.3,12.5,356,2019-08-01
19.6,84,0.1,10.7,73,2019-08-02
20.9,83,0.0,10.8,6,2019-08-03
20.5,87,0.7,12.0,320,2019-08-04
21.1,83,0.0,11.6,28,2019-08-05
20.9,84,0.1,11.5,357,2019-08-06
22.6,78,1.2,12.1,77,2019-08-07
26.9,63,0.2,16.4,204,2019-08-08
26.6,59,0.1,22.7,218,2019-08-09
20.3,82,6.0,13.0,22,2019-08-10
17.7,89,16.9,14.2,339,2019-08-11
16.7,82,1.9,18.8,306,2019-08-12
17.2,78,0.7,9.7,27,2019-08-13
18.4,75,0.0,12.0,305,2019-08-14
19.5,83,2.3,11.5,326,2019-08-15
19.4,76,0.0,11.4,360,2019-08-16
21.4,72,0.0,13.0,61,2019-08-17
19.2,87,2.9,18.5,316,2019-08-18
17.5,90,4.7,10.6,6,2019-08-19
18.5,78,1.6,13.6,25,2019-08-20
19.2,78,0.0,12.3,45,2019-08-21
19.2,78,0.0,11.2,61,2019-08-22
22.0,69,0.0,10.2,172,2019-08-23
21.9,71,0.0,15.0,312,2019-08-24
21.1,83,0.0,12.9,27,2019-08-25
22.5,81,0.1,12.5,15,2019-08-26
21.3,87,2.5,10.8,347,2019-08-27
22.8,83,0.0,12.4,29,2019-08-28
22.3,81,0.0,12.1,46,2019-08-29
22.0,81,0.1,11.2,354,2019-08-30
21.3,86,0.2,13.7,330,2019-08-31
19.4,91,4.0,13.1,351,2019-09-01
18.2,73,0.2,13.0,358,2019-09-02
17.8,72,0.0,12.3,80,2019-09-03
17.4,79,0.1,16.3,313,2019-09-04
17.1,81,7.1,14.5,337,2019-09-05
16.6,70,0.3,14.6,8,2019-09-06
16.6,76,0.5,15.9,312,2019-09-07
17.3,75,0.5,12.2,7,2019-09-08
15.1,78,0.3,12.7,273,2019-09-09
14.7,88,17.1,21.3,309,2019-09-10
17.5,77,1.3,18.0,350,2019-09-11
17.0,83,0.1,11.6,74,2019-09-12
18.1,85,0.0,9.8,342,2019-09-13
21.5,76,0.1,14.3,97,2019-09-14
21.2,83,3.0,9.9,156,2019-09-15
21.3,86,1.2,9.2,60,2019-09-16
20.6,85,0.2,10.1,302,2019-09-17
19.2,92,13.7,12.3,277,2019-09-18
18.9,83,0.0,11.2,293,2019-09-19
21.9,72,0.0,17.1,158,2019-09-20
23.4,61,0.0,20.6,177,2019-09-21
19.0,80,10.3,13.4,18,2019-09-22
18.5,74,0.6,12.8,185,2019-09-23
20.1,68,3.6,21.2,227,2019-09-24
17.7,82,1.4,13.1,290,2019-09-25
18.1,80,0.0,12.2,53,2019-09-26
18.5,84,1.2,13.6,274,2019-09-27
18.4,84,0.1,12.7,71,2019-09-28
19.5,62,0.0,12.3,209,2019-09-29
21.0,79,0.0,9.2,141,2019-09-30
18.3,88,7.9,13.0,294,2019-10-01
15.8,93,13.7,15.5,289,2019-10-02
15.9,83,0.0,11.8,228,2019-10-03
16.4,89,1.7,11.2,268,2019-10-04
16.9,87,0.1,11.4,43,2019-10-05
15.3,93,3.5,15.8,272,2019-10-06
16.6,79,0.0,7.6,160,2019-10-07
17.5,74,1.5,17.4,297,2019-10-08
16.0,86,4.5,14.5,300,2019-10-09
15.2,81,0.0,10.5,137,2019-10-10
18.8,70,0.0,11.3,186,2019-10-11
23.2,59,0.0,18.7,164,2019-10-12
22.4,58,0.0,19.2,179,2019-10-13
17.6,79,21.8,14.8,290,2019-10-14
14.5,66,1.1,13.8,217,2019-10-15
18.0,54,0.6,21.6,201,2019-10-16
18.1,75,7.5,19.3,214,2019-10-17
15.7,89,3.5,7.2,78,2019-10-18
16.5,73,2.1,13.0,192,2019-10-19
12.1,98,38.7,17.0,270,2019-10-20
10.8,88,4.2,7.9,171,2019-10-21
10.3,97,17.9,10.3,5,2019-10-22
13.6,95,9.4,14.1,247,2019-10-23
12.9,89,18.7,16.7,215,2019-10-24
16.3,78,0.0,13.0,179,2019-10-25
18.4,62,0.0,16.6,179,2019-10-26
18.4,66,0.0,14.8,180,2019-10-27
19.0,70,0.0,15.0,187,2019-10-28
16.2,86,0.0,9.7,196,2019-10-29
17.7,78,0.9,14.3,199,2019-10-30
16.2,95,6.0,11.1,296,2019-10-31
18.1,89,6.5,12.4,194,2019-11-01
15.4,95,18.3,10.7,237,2019-11-02
14.6,70,8.2,32.1,261,2019-11-03
14.8,81,26.4,26.6,241,2019-11-04
10.9,83,12.5,22.1,253,2019-11-05
11.5,93,9.4,16.2,250,2019-11-06
9.8,92,18.2,16.3,265,2019-11-07
8.5,88,15.7,27.4,262,2019-11-08
9.4,96,25.9,20.8,250,2019-11-09
8.0,96,25.0,18.4,263,2019-11-10
9.6,87,6.0,26.3,287,2019-11-11
10.1,93,10.0,10.6,243,2019-11-12
10.6,91,7.5,13.7,271,2019-11-13
7.9,88,18.2,14.3,238,2019-11-14
6.5,93,11.5,24.0,257,2019-11-15
6.3,94,11.7,18.2,228,2019-11-16
7.8,95,20.6,18.3,223,2019-11-17
8.3,90,8.6,14.3,317,2019-11-18
8.0,83,0.4,10.0,159,2019-11-19
9.7,67,0.0,17.7,179,2019-11-20
10.5,70,0.0,16.5,195,2019-11-21
11.6,68,1.7,30.2,169,2019-11-22
10.3,88,33.8,29.9,261,2019-11-23
10.5,84,7.3,17.4,213,2019-11-24
13.4,86,1.5,15.5,184,2019-11-25
16.1,71,0.3,25.2,196,2019-11-26
13.3,77,3.2,16.6,222,2019-11-27
11.7,93,12.4,13.4,187,2019-11-28
12.1,92,1.0,8.0,227,2019-11-29
12.3,86,17.9,20.4,183,2019-11-30
9.6,85,1.9,12.4,209,2019-12-01
8.3,96,5.8,15.0,5,2019-12-02
6.8,84,0.1,8.7,31,2019-12-03
5.6,88,0.5,12.0,267,2019-12-04
9.8,92,0.2,9.7,319,2019-12-05
9.0,89,0.0,7.9,178,2019-12-06
9.1,87,0.0,6.8,182,2019-12-07
9.9,89,9.2,14.6,216,2019-12-08
9.8,92,6.4,21.0,284,2019-12-09
10.4,83,0.6,11.2,188,2019-12-10
9.6,77,10.7,18.3,252,2019-12-11
9.3,95,35.7,23.2,232,2019-12-12
14.4,86,12.8,29.7,286,2019-12-13
13.4,69,0.0,19.1,214,2019-12-14
14.7,59,0.0,22.7,204,2019-12-15
13.8,61,0.0,24.6,155,2019-12-16
9.7,89,7.4,11.6,292,2019-12-17
11.5,65,0.0,22.7,179,2019-12-18
15.0,62,1.3,32.9,157,2019-12-19
12.2,86,18.4,19.4,206,2019-12-20
12.6,78,6.7,26.5,200,2019-12-21
11.9,73,4.1,27.0,271,2019-12-22
11.1,73,0.8,15.8,213,2019-12-23
14.0,74,0.0,15.2,197,2019-12-24
12.5,77,0.0,11.6,173,2019-12-25
13.1,72,0.0,19.6,288,2019-12-26
6.8,90,0.0,7.8,130,2019-12-27
6.7,89,0.0,7.1,114,2019-12-28
7.0,87,0.0,8.4,153,2019-12-29
5.7,66,0.0,11.6,166,2019-12-30
6.2,76,0.0,7.3,168,2019-12-31
7.0,87,0.0,7.1,174,2020-01-01
6.3,73,0.0,10.0,169,2020-01-02
7.0,84,1.7,10.2,191,2020-01-03
8.9,98,3.1,10.2,330,2020-01-04
7.4,91,0.1,6.7,105,2020-01-05
6.7,87,0.0,10.3,182,2020-01-06
8.7,89,0.0,8.4,152,2020-01-07
10.2,86,0.0,10.4,175,2020-01-08
11.2,73,0.6,20.2,199,2020-01-09
9.2,86,2.9,13.0,282,2020-01-10
7.5,91,0.1,7.8,152,2020-01-11
5.6,80,0.0,8.0,192,2020-01-12
7.2,69,0.0,19.1,194,2020-01-13
10.9,58,0.0,25.2,198,2020-01-14
12.6,62,0.0,29.2,189,2020-01-15
13.5,63,0.0,20.2,168,2020-01-16
10.5,77,9.4,17.3,259,2020-01-17
9.1,80,6.1,19.8,163,2020-01-18
7.7,80,6.5,21.7,19,2020-01-19
5.3,72,0.5,16.1,39,2020-01-20
4.9,85,0.0,12.5,2,2020-01-21
7.5,91,3.3,7.6,210,2020-01-22
7.4,87,0.1,13.2,168,2020-01-23
10.1,75,1.3,14.3,181,2020-01-24
9.1,86,3.0,9.1,189,2020-01-25
8.8,83,1.4,14.2,202,2020-01-26
11.9,65,1.5,25.0,208,2020-01-27
11.2,80,3.0,16.8,276,2020-01-28
10.9,82,3.0,18.8,191,2020-01-29
14.7,72,3.4,19.7,212,2020-01-30
14.8,75,0.0,12.7,195,2020-01-31
16.2,81,2.9,17.7,193,2020-02-01
18.0,65,0.0,19.7,207,2020-02-02
16.8,60,0.0,14.1,200,2020-02-03
11.6,90,3.5,12.6,329,2020-02-04
8.4,75,0.0,13.2,62,2020-02-05
9.2,69,0.0,16.0,175,2020-02-06
11.9,68,0.0,15.1,182,2020-02-07
10.5,84,0.8,13.4,191,2020-02-08
12.8,72,0.0,21.1,196,2020-02-09
14.9,76,0.3,21.2,226,2020-02-10
11.8,95,9.1,13.6,315,2020-02-11
11.1,88,0.5,13.4,130,2020-02-12
13.4,77,1.0,17.2,223,2020-02-13
12.6,83,0.0,9.9,98,2020-02-14
12.6,72,0.0,17.7,202,2020-02-15
17.1,55,0.0,24.9,201,2020-02-16
12.1,84,7.1,18.5,283,2020-02-17
8.5,85,0.2,11.3,278,2020-02-18
8.3,82,0.4,9.5,170,2020-02-19
8.7,75,0.0,15.5,214,2020-02-20
10.1,83,0.0,11.9,110,2020-02-21
10.0,84,0.0,13.4,249,2020-02-22
9.8,86,0.0,10.0,223,2020-02-23
8.4,88,0.0,13.1,28,2020-02-24
10.0,93,5.9,16.8,253,2020-02-25
8.8,93,15.4,20.8,285,2020-02-26
11.4,81,4.8,19.5,238,2020-02-27
13.0,77,0.4,13.1,186,2020-02-28
12.8,74,13.2,25.8,194,2020-02-29
11.3,81,3.4,24.0,223,2020-03-01
8.8,90,32.0,28.6,277,2020-03-02
10.1,83,11.0,36.6,259,2020-03-03
12.9,91,5.6,8.9,172,2020-03-04
12.9,80,16.5,28.9,260,2020-03-05
7.3,89,16.3,25.3,283,2020-03-06
9.4,94,6.0,16.8,312,2020-03-07
9.4,83,0.7,11.2,223,2020-03-08
9.6,92,5.7,20.0,294,2020-03-09
10.5,83,0.0,12.6,86,2020-03-10
12.2,83,0.0,13.1,98,2020-03-11
11.3,95,3.9,10.8,3,2020-03-12
10.0,85,1.7,10.8,38,2020-03-13
7.7,79,0.0,8.4,114,2020-03-14
10.3,80,10.0,19.2,259,2020-03-15
8.7,99,28.5,13.5,332,2020-03-16
11.3,91,1.3,7.8,24,2020-03-17
13.4,84,0.0,9.4,163,2020-03-18
14.9,72,0.0,14.2,173,2020-03-19
15.4,52,0.0,20.0,167,2020-03-20
15.3,58,0.0,16.0,164,2020-03-21
11.7,84,0.0,13.2,311,2020-03-22
12.1,87,0.2,10.7,66,2020-03-23
12.1,82,0.2,10.4,96,2020-03-24
10.2,81,0.0,13.6,277,2020-03-25
9.1,70,2.2,19.1,320,2020-03-26
7.9,69,0.0,12.6,85,2020-03-27
9.4,75,0.0,12.0,79,2020-03-28
7.9,85,1.5,14.4,336,2020-03-29
5.5,90,9.6,10.8,341,2020-03-30
4.7,95,3.5,10.7,96,2020-03-31
10.5,86,1.2,15.9,108,2020-04-01
10.6,86,3.7,14.6,323,2020-04-02
9.0,76,0.0,12.0,80,2020-04-03
13.2,63,0.0,17.0,152,2020-04-04
16.9,58,0.2,23.4,161,2020-04-05
13.7,86,6.7,15.9,258,2020-04-06
15.2,82,3.4,15.5,166,2020-04-07
16.1,80,2.5,9.7,191,2020-04-08
17.5,71,0.1,10.2,154,2020-04-09
17.5,74,2.0,12.3,173,2020-04-10
14.8,97,24.8,11.3,332,2020-04-11
14.7,94,17.6,11.0,344,2020-04-12
14.1,80,2.1,10.6,48,2020-04-13
13.9,84,0.1,14.5,72,2020-04-14
16.4,69,0.2,23.3,152,2020-04-15
16.9,67,3.3,24.0,162,2020-04-16
17.3,68,0.1,18.2,183,2020-04-17
15.3,81,12.8,11.6,138,2020-04-18
13.2,98,8.6,13.0,308,2020-04-19
14.2,84,1.1,10.1,316,2020-04-20
12.2,98,12.3,14.3,318,2020-04-21
13.0,93,7.1,13.0,307,2020-04-22
14.4,82,0.0,10.9,79,2020-04-23
16.4,87,8.3,10.7,29,2020-04-24
15.9,93,4.6,11.0,329,2020-04-25
15.7,87,2.0,9.6,356,2020-04-26
13.9,91,10.3,12.7,303,2020-04-27
12.9,87,7.3,11.3,326,2020-04-28
14.2,73,0.1,20.4,204,2020-04-29
15.9,63,0.8,18.6,234,2020-04-30
17.8,77,11.4,22.8,237,2020-05-01
17.9,80,0.5,12.5,231,2020-05-02
18.7,78,0.0,15.5,88,2020-05-03
22.5,67,0.0,24.8,162,2020-05-04
18.9,69,0.0,13.3,183,2020-05-05
17.3,78,0.0,10.5,2,2020-05-06
18.8,81,0.0,11.5,77,2020-05-07
21.1,69,1.7,16.2,193,2020-05-08
18.4,86,12.1,14.8,164,2020-05-09
14.8,99,51.7,18.0,298,2020-05-10
14.1,91,5.8,19.6,297,2020-05-11
13.0,83,1.8,11.8,10,2020-05-12
13.5,89,6.9,10.5,319,2020-05-13
13.8,87,1.3,10.9,17,2020-05-14
13.3,85,3.2,16.9,321,2020-05-15
13.9,83,2.1,15.0,307,2020-05-16
14.2,79,0.0,11.9,340,2020-05-17
14.9,78,0.0,11.0,22,2020-05-18
16.4,73,0.0,11.3,64,2020-05-19
18.6,65,0.0,9.2,68,2020-05-20
19.5,74,0.0,10.0,51,2020-05-21
19.3,80,0.0,13.1,18,2020-05-22
15.8,88,8.4,14.0,13,2020-05-23
14.9,81,0.4,13.6,70,2020-05-24
16.5,78,0.0,11.9,351,2020-05-25
16.9,80,0.0,13.1,317,2020-05-26
19.0,74,0.0,10.7,58,2020-05-27
22.3,63,0.0,15.4,123,2020-05-28
21.8,66,0.0,12.4,59,2020-05-29
21.4,64,0.0,11.0,114,2020-05-30
21.4,75,0.1,9.0,197,2020-05-31
21.1,76,1.1,13.2,274,2020-06-01
20.7,79,0.0,10.6,21,2020-06-02
19.2,89,4.1,14.1,307,2020-06-03
15.4,91,16.6,22.1,292,2020-06-04
16.0,79,3.6,17.4,295,2020-06-05
16.5,85,7.4,14.2,311,2020-06-06
13.6,88,3.9,11.5,315,2020-06-07
13.3,92,15.6,17.9,295,2020-06-08
14.1,86,4.1,15.8,297,2020-06-09
15.0,82,1.0,7.7,301,2020-06-10
13.7,93,18.7,21.3,223,2020-06-11
14.2,78,3.2,18.7,216,2020-06-12
15.3,80,1.5,10.5,234,2020-06-13
16.6,77,0.5,13.1,345,2020-06-14
16.6,77,0.7,12.6,2,2020-06-15
15.2,90,4.2,11.3,326,2020-06-16
15.0,89,4.0,14.5,308,2020-06-17
15.8,84,3.5,12.1,340,2020-06-18
16.1,82,0.1,14.5,12,2020-06-19
17.6,76,0.0,12.2,49,2020-06-20
18.5,74,0.0,13.1,347,2020-06-21
20.1,77,0.1,11.5,63,2020-06-22
21.8,75,0.0,11.2,82,2020-06-23
23.0,78,2.1,10.9,353,2020-06-24
20.2,85,6.9,12.6,350,2020-06-25
18.2,89,1.3,11.2,345,2020-06-26
20.8,75,0.1,12.4,315,2020-06-27
20.5,78,0.3,14.6,331,2020-06-28
18.7,84,1.6,9.1,355,2020-06-29
20.3,76,0.0,10.4,36,2020-06-30
19.3,85,1.5,14.5,327,2020-07-01
16.9,94,5.8,13.2,335,2020-07-02
17.1,78,0.9,11.5,333,2020-07-03
17.8,72,0.0,10.1,309,2020-07-04
19.8,72,0.0,12.3,343,2020-07-05
18.4,85,2.3,13.9,353,2020-07-06
18.7,71,0.0,12.0,50,2020-07-07
20.2,75,0.0,11.3,52,2020-07-08
20.1,81,0.0,12.8,311,2020-07-09
19.0,85,1.7,15.0,326,2020-07-10
19.5,77,0.4,12.3,28,2020-07-11
20.1,80,3.1,14.5,8,2020-07-12
20.3,75,0.4,14.2,314,2020-07-13
18.4,78,0.0,15.2,306,2020-07-14
18.2,77,2.6,15.0,309,2020-07-15
18.7,75,0.1,12.4,325,2020-07-16
19.3,76,0.4,14.0,13,2020-07-17
21.3,75,0.0,12.6,77,2020-07-18
22.1,71,0.0,13.5,313,2020-07-19
21.7,79,0.0,13.7,322,2020-07-20
21.5,78,0.0,13.3,314,2020-07-21
22.1,81,0.0,14.4,347,2020-07-22
22.3,80,0.0,12.8,333,2020-07-23
20.4,79,0.6,12.3,315,2020-07-24
21.0,74,0.0,13.1,345,2020-07-25
21.5,77,0.0,10.1,22,2020-07-26
22.6,78,0.0,14.8,326,2020-07-27
21.2,86,3.3,14.6,356,2020-07-28
20.9,79,0.0,10.5,37,2020-07-29
27.4,64,0.0,17.3,170,2020-07-30
23.9,76,0.2,12.8,345,2020-07-31
21.4,83,1.5,15.6,324,2020-08-01
19.7,83,2.7,11.8,338,2020-08-02
20.1,72,0.1,13.4,332,2020-08-03
19.8,75,1.3,11.7,40,2020-08-04
21.5,69,0.0,10.1,79,2020-08-05
25.5,60,0.0,14.7,105,2020-08-06
25.1,68,0.0,14.7,353,2020-08-07
23.3,72,0.0,12.3,3,2020-08-08
23.4,78,0.0,12.9,329,2020-08-09
22.6,83,0.2,13.4,1,2020-08-10
24.8,76,0.9,12.2,275,2020-08-11
23.1,80,15.2,16.2,210,2020-08-12
20.2,78,2.9,14.7,317,2020-08-13
20.1,79,0.0,11.9,60,2020-08-14
20.2,87,1.6,17.4,297,2020-08-15
19.6,71,0.0,15.6,306,2020-08-16
20.4,76,3.5,11.8,161,2020-08-17
22.2,77,0.0,11.7,188,2020-08-18
27.1,48,0.0,17.6,196,2020-08-19
25.1,58,0.0,19.9,193,2020-08-20
22.2,82,3.2,13.0,22,2020-08-21
20.1,85,2.7,11.9,358,2020-08-22
20.1,80,1.3,10.3,349,2020-08-23
19.9,76,0.0,12.0,76,2020-08-24
21.3,72,0.0,13.7,323,2020-08-25
23.0,79,0.3,11.3,44,2020-08-26
22.6,83,0.2,17.1,332,2020-08-27
18.5,93,11.3,14.1,299,2020-08-28
15.4,93,33.7,15.9,297,2020-08-29
14.7,85,5.8,12.1,269,2020-08-30
16.3,73,0.0,12.2,141,2020-08-31
17.7,74,0.4,12.1,344,2020-09-01
18.0,75,0.3,12.3,76,2020-09-02
18.7,73,0.0,9.9,107,2020-09-03
22.8,69,0.0,11.9,207,2020-09-04
20.4,83,0.6,13.3,336,2020-09-05
18.6,73,0.3,16.1,338,2020-09-06
17.0,78,2.1,15.0,360,2020-09-07
17.9,73,0.4,13.8,88,2020-09-08
19.2,74,0.0,13.7,21,2020-09-09
19.7,78,0.0,11.4,298,2020-09-10
21.0,81,0.0,12.7,82,2020-09-11
20.2,79,0.0,12.7,81,2020-09-12
23.4,66,0.0,13.7,135,2020-09-13
27.5,41,0.0,18.1,169,2020-09-14
23.5,74,0.1,11.8,353,2020-09-15
23.2,76,0.0,11.2,47,2020-09-16
24.7,67,0.8,15.6,109,2020-09-17
24.7,56,1.2,19.2,161,2020-09-18
20.6,73,3.6,15.5,207,2020-09-19
18.9,85,1.1,12.4,272,2020-09-20
18.4,88,2.8,12.1,295,2020-09-21
18.5,85,4.0,7.8,194,2020-09-22
18.9,83,4.0,19.6,231,2020-09-23
17.3,84,8.0,22.2,290,2020-09-24
12.9,86,16.2,25.0,291,2020-09-25
13.8,96,34.5,25.0,264,2020-09-26
13.5,82,7.6,19.6,318,2020-09-27
14.5,69,0.1,11.8,287,2020-09-28
13.6,82,0.0,7.5,112,2020-09-29
14.7,88,0.0,11.7,304,2020-09-30
15.4,91,4.7,20.0,212,2020-10-01
12.8,80,35.9,22.4,258,2020-10-02
12.2,86,16.5,24.8,268,2020-10-03
13.4,74,7.1,22.5,253,2020-10-04
13.6,82,5.1,16.3,242,2020-10-05
17.6,84,3.9,16.4,242,2020-10-06
16.5,96,8.4,10.7,293,2020-10-07
16.7,90,0.0,10.0,130,2020-10-08
16.7,95,0.9,8.7,321,2020-10-09
14.4,91,5.0,11.3,327,2020-10-10
12.2,87,5.8,17.9,317,2020-10-11
13.2,84,5.3,13.5,308,2020-10-12
13.8,91,20.7,19.0,304,2020-10-13
11.2,93,29.4,18.8,291,2020-10-14
10.3,93,10.3,13.7,267,2020-10-15
10.1,88,1.4,8.2,170,2020-10-16
10.2,84,0.0,7.9,149,2020-10-17
12.5,83,0.0,8.6,116,2020-10-18
17.2,57,0.0,20.9,159,2020-10-19
18.1,70,5.6,31.6,161,2020-10-20
18.7,70,7.3,30.0,174,2020-10-21
17.0,75,0.3,11.8,172,2020-10-22
14.5,85,4.5,14.8,248,2020-10-23
14.8,71,0.0,20.3,196,2020-10-24
14.6,83,28.5,25.4,210,2020-10-25
10.7,85,3.2,15.9,241,2020-10-26
13.6,69,0.1,20.0,204,2020-10-27
14.1,84,0.7,15.6,208,2020-10-28
13.0,84,0.0,9.9,153,2020-10-29
12.8,85,0.0,10.2,182,2020-10-30
17.0,70,0.0,14.1,191,2020-10-31
19.4,68,0.0,15.9,198,2020-11-01
18.3,76,0.7,24.7,230,2020-11-02
11.9,95,10.0,14.8,329,2020-11-03
9.9,87,2.1,15.3,76,2020-11-04
11.3,81,0.4,11.6,86,2020-11-05
17.4,71,0.4,28.8,154,2020-11-06
17.5,76,13.4,26.7,165,2020-11-07
16.5,65,0.0,16.0,170,2020-11-08
16.2,70,0.1,18.5,201,2020-11-09
13.2,95,1.0,6.9,111,2020-11-10
13.7,74,0.0,16.5,184,2020-11-11
15.5,67,0.0,12.7,178,2020-11-12
14.8,71,0.6,15.6,179,2020-11-13
14.7,69,0.0,20.5,174,2020-11-14
16.8,79,11.5,23.4,213,2020-11-15
13.0,93,3.3,6.4,28,2020-11-16
13.2,79,0.0,13.4,155,2020-11-17
16.6,69,0.0,17.3,185,2020-11-18
12.1,97,4.5,10.9,338,2020-11-19
10.3,89,0.2,11.1,72,2020-11-20
6.9,86,0.0,7.7,130,2020-11-21
9.1,74,0.0,10.9,185,2020-11-22
8.0,86,0.0,7.9,152,2020-11-23
10.1,68,0.0,15.5,174,2020-11-24
11.3,69,0.0,16.4,164,2020-11-25
13.5,72,0.0,19.9,146,2020-11-26
13.4,81,0.0,11.8,138,2020-11-27
10.6,86,0.0,8.4,140,2020-11-28
11.1,82,0.0,7.7,162,2020-11-29
8.8,93,0.0,5.8,148,2020-11-30
10.2,91,5.2,12.4,268,2020-12-01
8.2,92,3.8,11.7,354,2020-12-02
9.2,74,0.9,21.1,208,2020-12-03
6.6,84,11.2,20.8,257,2020-12-04
5.6,82,4.5,18.1,229,2020-12-05
6.5,93,14.0,14.3,238,2020-12-06
8.1,91,19.6,14.6,233,2020-12-07
7.3,93,13.2,26.3,272,2020-12-08
7.4,91,5.5,15.3,230,2020-12-09
10.7,93,16.1,27.4,251,2020-12-10
13.0,91,20.4,24.0,270,2020-12-11
10.8,92,11.3,25.3,290,2020-12-12
12.9,81,0.0,15.9,187,2020-12-13
14.6,74,3.7,19.0,184,2020-12-14
10.9,79,4.2,15.7,183,2020-12-15
12.5,65,2.9,27.0,172,2020-12-16
10.8,86,1.3,10.1,173,2020-12-17
10.4,61,0.0,19.5,185,2020-12-18
11.8,74,3.3,23.9,182,2020-12-19
9.6,83,0.0,14.4,183,2020-12-20
14.0,73,2.3,20.0,196,2020-12-21
15.7,74,0.0,17.2,190,2020-12-22
13.7,76,4.3,22.4,217,2020-12-23
9.1,84,5.5,17.3,277,2020-12-24
6.8,83,5.1,12.2,345,2020-12-25
7.0,83,1.4,9.9,341,2020-12-26
7.7,67,3.2,32.4,212,2020-12-27
7.6,81,17.0,21.8,258,2020-12-28
6.1,87,5.2,17.1,246,2020-12-29
5.9,94,10.1,17.0,246,2020-12-30
7.4,83,9.5,18.4,223,2020-12-31
5.0,94,7.0,21.1,265,2021-01-01
4.4,94,13.9,24.0,296,2021-01-02
3.8,99,10.3,10.8,224,2021-01-03
3.3,96,10.8,12.2,239,2021-01-04
3.3,97,5.2,9.0,196,2021-01-05
2.2,90,0.2,8.0,155,2021-01-06
0.9,89,0.0,8.0,118,2021-01-07
2.3,82,0.0,13.3,110,2021-01-08
2.4,89,3.3,9.7,45,2021-01-09
3.7,87,0.1,12.1,336,2021-01-10
5.4,72,0.0,12.7,6,2021-01-11
5.5,81,0.0,11.3,213,2021-01-12
7.2,81,0.0,8.4,183,2021-01-13
6.3,90,3.1,10.7,221,2021-01-14
7.9,93,2.8,12.4,291,2021-01-15
7.5,86,0.0,6.9,209,2021-01-16
7.2,85,5.8,10.1,195,2021-01-17
8.0,96,0.1,6.5,106,2021-01-18
9.2,70,0.0,19.1,189,2021-01-19
11.9,54,0.7,31.4,184,2021-01-20
13.8,63,0.1,29.0,213,2021-01-21
9.6,85,22.8,23.4,256,2021-01-22
9.3,80,3.1,20.7,219,2021-01-23
9.0,88,10.3,14.9,271,2021-01-24
8.8,99,14.7,8.1,28,2021-01-25
9.0,91,0.5,8.9,168,2021-01-26
12.9,98,9.6,9.7,265,2021-01-27
15.2,80,0.1,13.4,205,2021-01-28
13.9,86,1.7,15.5,202,2021-01-29
12.4,82,15.3,21.7,252,2021-01-30
11.4,85,9.6,24.8,269,2021-01-31
13.7,77,2.3,22.5,290,2021-02-01
15.0,69,1.8,20.6,207,2021-02-02
15.4,63,0.5,23.1,197,2021-02-03
12.6,81,10.1,15.9,167,2021-02-04
10.8,99,7.5,8.3,41,2021-02-05
9.8,98,26.9,19.0,335,2021-02-06
7.8,80,1.6,16.7,221,2021-02-07
10.4,81,7.5,20.5,223,2021-02-08
10.0,77,4.8,21.8,199,2021-02-09
9.3,82,4.8,13.4,239,2021-02-10
11.4,79,0.5,15.9,182,2021-02-11
12.3,91,25.2,25.2,272,2021-02-12
10.0,87,0.1,7.5,186,2021-02-13
11.2,76,0.0,22.0,167,2021-02-14
12.9,66,0.0,22.6,175,2021-02-15
12.5,72,0.4,26.3,179,2021-02-16
13.1,74,0.0,18.3,191,2021-02-17
13.1,71,1.8,19.5,172,2021-02-18
14.7,59,0.0,24.7,178,2021-02-19
16.9,45,0.0,30.1,156,2021-02-20
13.3,66,13.3,25.5,143,2021-02-21
9.0,96,31.3,14.2,298,2021-02-22
11.7,67,0.0,23.8,169,2021-02-23
14.5,60,0.0,17.9,166,2021-02-24
13.1,77,0.0,15.6,186,2021-02-25
11.5,90,0.8,9.8,10,2021-02-26
10.0,86,0.1,10.8,6,2021-02-27
8.9,86,1.3,11.8,97,2021-02-28
12.2,69,0.4,24.6,155,2021-03-01
14.2,65,0.1,21.2,162,2021-03-02
13.8,73,0.0,10.5,185,2021-03-03
12.5,80,0.3,10.2,179,2021-03-04
9.8,93,1.9,11.4,1,2021-03-05
8.9,84,1.2,9.7,20,2021-03-06
7.0,91,0.6,9.0,64,2021-03-07
8.0,84,0.8,13.3,307,2021-03-08
7.1,82,1.5,13.0,291,2021-03-09
8.1,73,0.0,9.5,174,2021-03-10
12.1,79,3.2,19.9,222,2021-03-11
10.1,86,5.1,18.3,301,2021-03-12
10.2,71,0.0,18.6,255,2021-03-13
9.8,87,8.4,18.8,306,2021-03-14
9.3,87,0.9,14.6,306,2021-03-15
10.2,89,3.4,13.4,330,2021-03-16
10.7,89,2.2,14.1,347,2021-03-17
8.6,81,6.0,17.1,358,2021-03-18
8.0,90,17.7,22.9,353,2021-03-19
6.9,69,1.4,16.9,16,2021-03-20
8.5,75,1.0,14.8,346,2021-03-21
9.2,75,0.3,11.4,10,2021-03-22
9.2,78,0.0,7.4,121,2021-03-23
9.2,81,0.0,12.6,309,2021-03-24
10.8,84,0.0,13.5,80,2021-03-25
9.8,87,1.0,15.0,297,2021-03-26
10.3,80,0.2,13.1,93,2021-03-27
13.2,72,0.0,8.7,153,2021-03-28
17.7,46,0.0,18.8,154,2021-03-29
19.6,40,0.0,19.8,162,2021-03-30
20.3,36,0.0,18.3,160,2021-03-31
18.9,38,0.1,19.6,166,2021-04-01
15.0,70,0.1,13.9,322,2021-04-02
11.9,80,0.0,16.2,317,2021-04-03
10.1,74,0.0,12.7,309,2021-04-04
10.1,77,0.0,12.6,299,2021-04-05
9.6,78,1.0,13.8,350,2021-04-06
8.3,54,0.0,15.3,70,2021-04-07
11.8,65,0.0,14.3,174,2021-04-08
15.4,61,0.1,17.2,176,2021-04-09
14.6,75,5.3,17.1,187,2021-04-10
9.7,96,24.9,15.3,323,2021-04-11
8.4,72,1.0,11.4,48,2021-04-12
9.0,72,0.0,13.9,99,2021-04-13
9.4,70,0.0,13.2,52,2021-04-14
8.5,68,0.0,12.4,15,2021-04-15
7.4,65,0.0,14.8,360,2021-04-16
7.9,66,0.1,13.0,359,2021-04-17
10.2,69,0.6,12.7,107,2021-04-18
10.7,71,0.0,8.3,64,2021-04-19
12.0,79,0.5,10.1,340,2021-04-20
12.7,78,0.0,13.5,94,2021-04-21
15.6,66,0.1,16.3,134,2021-04-22
18.1,54,0.0,19.7,158,2021-04-23
19.1,43,0.0,24.8,159,2021-04-24
18.3,55,0.7,18.2,156,2021-04-25
15.8,83,1.8,10.9,16,2021-04-26
13.8,93,12.3,10.9,314,2021-04-27
12.4,88,4.4,12.6,319,2021-04-28
10.8,89,4.3,8.6,353,2021-04-29
9.8,93,1.9,8.7,323,2021-04-30
10.1,84,10.6,15.1,304,2021-05-01
10.3,78,1.0,12.7,50,2021-05-02
11.6,74,0.2,11.9,131,2021-05-03
13.1,75,0.0,15.0,317,2021-05-04
14.2,85,4.2,8.8,291,2021-05-05
14.8,81,0.1,13.2,298,2021-05-06
16.6,82,1.1,12.1,12,2021-05-07
20.6,67,0.0,18.4,179,2021-05-08
17.7,69,9.5,18.4,196,2021-05-09
14.4,69,3.1,17.6,209,2021-05-10
12.1,73,5.7,15.2,296,2021-05-11
13.8,69,3.1,28.8,244,2021-05-12
12.8,83,10.2,16.6,233,2021-05-13
12.8,84,5.1,15.8,310,2021-05-14
15.1,88,4.1,14.6,182,2021-05-15
14.0,94,7.0,12.0,299,2021-05-16
13.6,75,1.0,18.6,302,2021-05-17
13.4,78,1.6,18.5,284,2021-05-18
12.7,80,1.8,15.9,317,2021-05-19
14.9,68,0.0,12.5,310,2021-05-20
13.0,83,4.3,12.6,326,2021-05-21
11.2,95,9.1,11.0,268,2021-05-22
12.6,77,0.0,13.1,82,2021-05-23
12.5,83,4.4,20.1,283,2021-05-24
12.7,78,0.9,11.3,301,2021-05-25
12.7,76,0.0,9.1,60,2021-05-26
15.4,78,0.0,13.2,62,2021-05-27
17.4,81,0.2,8.3,336,2021-05-28
17.2,86,0.1,13.5,331,2021-05-29
17.8,77,0.0,12.4,20,2021-05-30
21.5,72,0.2,13.6,88,2021-05-31
21.2,71,2.4,17.7,164,2021-06-01
19.2,84,0.7,12.8,38,2021-06-02
15.5,95,10.0,13.4,310,2021-06-03
13.9,95,17.5,13.0,312,2021-06-04
14.6,81,0.0,12.9,77,2021-06-05
16.3,83,0.4,12.7,343,2021-06-06
17.8,78,0.0,11.2,68,2021-06-07
18.2,83,0.0,12.7,342,2021-06-08
18.1,82,0.0,13.3,330,2021-06-09
18.4,79,0.0,11.8,35,2021-06-10
18.3,85,0.0,12.2,333,2021-06-11
19.7,81,0.0,11.2,12,2021-06-12
24.1,75,0.2,11.1,78,2021-06-13
23.1,79,0.0,11.6,341,2021-06-14
22.4,76,0.0,12.6,12,2021-06-15
23.4,75,5.4,13.4,173,2021-06-16
18.4,98,20.2,9.0,342,2021-06-17
18.9,88,7.3,11.1,15,2021-06-18
19.1,87,7.7,12.6,319,2021-06-19
19.8,70,1.3,20.0,210,2021-06-20
17.3,78,17.3,13.8,232,2021-06-21
15.6,92,11.0,16.1,276,2021-06-22
14.4,95,21.2,19.4,285,2021-06-23
16.0,86,6.5,10.7,305,2021-06-24
16.9,83,0.0,11.0,55,2021-06-25
17.6,85,0.1,13.4,359,2021-06-26
15.5,89,3.0,13.0,333,2021-06-27
15.6,80,1.0,18.0,271,2021-06-28
16.7,78,0.1,13.4,297,2021-06-29
17.2,84,0.4,11.6,39,2021-06-30
18.0,87,0.6,11.4,343,2021-07-01
20.6,82,0.0,13.1,4,2021-07-02
20.1,85,4.8,13.2,6,2021-07-03
19.9,83,2.2,10.8,6,2021-07-04
23.2,70,0.0,13.0,229,2021-07-05
17.6,87,4.9,12.4,21,2021-07-06
16.2,88,16.4,15.8,308,2021-07-07
16.5,87,2.6,9.3,311,2021-07-08
17.6,82,0.0,10.5,51,2021-07-09
18.7,82,0.0,11.8,321,2021-07-10
19.1,83,0.0,14.3,339,2021-07-11
16.2,91,11.9,21.0,299,2021-07-12
15.4,92,13.3,20.1,296,2021-07-13
16.4,85,3.1,14.6,315,2021-07-14
17.0,81,0.3,9.0,35,2021-07-15
17.7,84,0.0,11.7,70,2021-07-16
19.6,84,0.0,10.4,65,2021-07-17
20.3,85,0.0,12.5,319,2021-07-18
21.7,79,0.0,11.8,331,2021-07-19
21.5,78,0.0,12.2,322,2021-07-20
21.9,84,0.0,11.2,14,2021-07-21
22.2,83,0.2,12.4,348,2021-07-22
20.1,86,0.7,16.9,335,2021-07-23
18.5,83,2.2,14.3,342,2021-07-24
19.1,85,2.0,11.1,329,2021-07-25
19.3,82,2.5,10.8,326,2021-07-26
18.3,82,0.2,13.1,337,2021-07-27
18.8,83,1.5,11.2,335,2021-07-28
18.6,84,0.0,11.1,29,2021-07-29
18.9,84,1.3,13.7,325,2021-07-30
16.0,96,10.2,12.3,317,2021-07-31
16.7,85,2.4,11.4,306,2021-08-01
17.6,80,0.3,11.7,9,2021-08-02
18.1,84,1.4,11.4,6,2021-08-03
19.1,89,13.3,18.7,295,2021-08-04
20.3,79,0.4,18.8,307,2021-08-05
18.7,85,2.0,10.5,330,2021-08-06
17.2,88,1.9,15.3,293,2021-08-07
17.8,79,1.2,13.0,339,2021-08-08
18.8,82,0.0,11.9,345,2021-08-09
19.8,86,0.0,12.7,342,2021-08-10
20.6,85,0.0,12.0,345,2021-08-11
20.8,85,0.0,14.7,329,2021-08-12
20.9,84,0.0,10.2,63,2021-08-13
21.8,86,0.0,14.7,330,2021-08-14
20.1,88,0.8,12.9,331,2021-08-15
18.5,82,1.5,16.2,316,2021-08-16
17.9,76,0.8,13.1,328,2021-08-17
17.9,75,0.5,10.8,352,2021-08-18
17.9,87,2.1,7.6,20,2021-08-19
21.3,80,0.0,12.3,5,2021-08-20
21.3,80,0.0,12.8,341,2021-08-21
20.1,83,0.6,12.8,32,2021-08-22
20.1,81,1.0,12.5,16,2021-08-23
19.5,81,1.0,13.2,42,2021-08-24
19.5,82,0.1,11.8,47,2021-08-25
20.9,76,0.0,10.6,24,2021-08-26
20.0,79,0.0,12.1,45,2021-08-27
18.6,77,0.0,12.7,39,2021-08-28
18.0,76,0.0,13.1,46,2021-08-29
18.2,78,0.0,12.5,10,2021-08-30
19.2,75,0.0,13.8,71,2021-08-31
18.8,90,12.4,8.1,97,2021-09-01
19.5,90,9.6,8.0,73,2021-09-02
18.9,93,1.8,11.7,287,2021-09-03
20.6,86,0.0,12.3,13,2021-09-04
23.6,76,0.0,11.8,127,2021-09-05
26.5,66,0.0,12.0,158,2021-09-06
27.7,60,3.0,18.0,158,2021-09-07
22.6,78,0.6,11.9,314,2021-09-08
21.2,83,14.3,8.8,9,2021-09-09
19.4,86,5.9,12.4,303,2021-09-10
19.8,83,0.1,11.6,79,2021-09-11
21.9,79,0.0,11.2,115,2021-09-12
24.5,65,0.3,16.1,171,2021-09-13
23.0,70,0.7,12.4,187,2021-09-14
20.6,83,13.1,13.4,263,2021-09-15
18.7,91,7.0,11.1,319,2021-09-16
18.7,83,1.1,11.9,303,2021-09-17
16.4,91,16.4,14.3,295,2021-09-18
16.4,82,1.4,11.6,273,2021-09-19
15.2,94,21.5,15.5,302,2021-09-20
15.8,94,7.8,11.4,334,2021-09-21
16.7,87,2.0,12.0,81,2021-09-22
17.3,88,0.2,12.3,76,2021-09-23
19.2,85,0.0,9.0,105,2021-09-24
20.9,72,0.5,14.9,189,2021-09-25
19.2,73,0.0,11.5,184,2021-09-26
18.7,75,0.9,17.0,251,2021-09-27
16.9,92,4.8,12.8,316,2021-09-28
16.2,87,3.6,16.1,276,2021-09-29
15.5,84,0.3,11.1,91,2021-09-30
15.8,80,0.1,9.7,193,2021-10-01
20.2,66,0.0,22.6,192,2021-10-02
16.6,80,32.1,25.0,254,2021-10-03
14.1,77,0.0,8.4,210,2021-10-04
15.6,86,13.7,17.9,238,2021-10-05
14.5,86,2.1,7.9,321,2021-10-06
12.9,85,0.0,13.1,103,2021-10-07
12.8,85,0.0,9.0,88,2021-10-08
13.8,87,0.2,11.1,278,2021-10-09
15.0,87,1.7,11.4,325,2021-10-10
12.7,88,0.0,10.1,87,2021-10-11
11.6,88,0.0,9.5,85,2021-10-12
12.3,85,0.0,16.6,97,2021-10-13
12.8,82,0.0,6.8,170,2021-10-14
13.6,79,0.0,9.7,241,2021-10-15
14.3,86,0.0,7.5,154,2021-10-16
17.3,79,0.9,12.8,188,2021-10-17
18.2,79,0.0,10.6,172,2021-10-18
22.4,56,0.0,17.9,174,2021-10-19
21.9,64,0.4,21.9,196,2021-10-20
14.8,86,4.7,16.1,295,2021-10-21
13.0,90,4.5,11.9,315,2021-10-22
11.9,81,0.0,8.9,131,2021-10-23
12.5,75,0.0,10.0,191,2021-10-24
12.8,82,0.0,8.4,195,2021-10-25
13.0,87,0.0,11.7,137,2021-10-26
12.9,84,0.0,7.9,156,2021-10-27
15.2,63,0.0,19.1,170,2021-10-28
16.9,67,3.4,20.8,177,2021-10-29
16.6,82,2.3,20.2,179,2021-10-30
17.3,82,7.6,22.7,209,2021-10-31
13.9,80,6.1,14.3,276,2021-11-01
13.0,76,11.6,21.5,224,2021-11-02
9.2,89,12.9,21.7,272,2021-11-03
8.8,94,14.6,15.1,274,2021-11-04
8.2,94,8.3,11.2,283,2021-11-05
8.9,87,0.7,14.1,346,2021-11-06
10.0,89,5.4,15.0,242,2021-11-07
11.8,88,5.4,13.2,318,2021-11-08
11.4,78,0.2,11.2,5,2021-11-09
7.8,87,0.0,8.7,149,2021-11-10
9.9,90,0.0,9.7,267,2021-11-11
11.5,92,0.7,10.0,233,2021-11-12
13.0,94,3.8,13.0,300,2021-11-13
11.3,97,5.8,13.5,311,2021-11-14
10.8,94,3.8,11.2,329,2021-11-15
10.0,97,2.3,7.6,9,2021-11-16
9.9,91,1.8,10.0,46,2021-11-17
9.7,86,0.8,10.0,105,2021-11-18
8.0,85,0.0,7.6,154,2021-11-19
11.5,71,0.0,17.0,176,2021-11-20
9.5,94,4.8,13.8,221,2021-11-21
8.6,92,10.0,14.0,293,2021-11-22
8.5,91,7.3,13.4,33,2021-11-23
9.0,91,8.3,9.0,208,2021-11-24
8.0,99,49.6,18.4,303,2021-11-25
7.9,96,15.3,12.0,286,2021-11-26
5.7,96,36.3,25.0,274,2021-11-27
5.7,98,42.6,15.9,265,2021-11-28
9.3,100,53.0,28.6,306,2021-11-29
10.3,91,7.8,10.0,248,2021-11-30
9.0,85,16.7,16.6,227,2021-12-01
7.8,89,17.0,18.1,292,2021-12-02
9.7,91,8.2,15.8,275,2021-12-03
10.4,88,20.5,22.7,249,2021-12-04
7.4,93,28.5,25.5,281,2021-12-05
9.5,94,11.4,17.9,265,2021-12-06
11.8,88,16.1,25.3,213,2021-12-07
6.3,88,15.4,20.3,253,2021-12-08
8.7,97,62.3,27.9,269,2021-12-09
10.8,95,43.9,26.7,294,2021-12-10
11.5,100,29.7,19.1,314,2021-12-11
11.7,89,0.9,10.5,160,2021-12-12
10.4,72,0.0,14.4,178,2021-12-13
8.0,86,0.0,9.4,162,2021-12-14
6.7,92,0.0,5.4,125,2021-12-15
7.1,88,0.0,8.9,149,2021-12-16
6.7,73,0.0,13.0,176,2021-12-17
8.1,71,0.0,15.3,200,2021-12-18
7.7,75,0.0,15.2,180,2021-12-19
9.0,76,0.0,14.2,171,2021-12-20
12.5,74,0.0,12.3,185,2021-12-21
12.6,75,0.0,14.5,171,2021-12-22
13.1,72,1.8,22.4,177,2021-12-23
13.6,69,0.0,24.4,185,2021-12-24
13.0,72,1.2,19.1,198,2021-12-25
11.8,79,3.6,18.4,193,2021-12-26
15.2,72,9.6,25.1,214,2021-12-27
16.3,63,0.0,24.0,217,2021-12-28
14.6,74,0.0,16.1,200,2021-12-29
13.9,74,0.0,16.2,165,2021-12-30
15.3,54,0.0,18.5,180,2021-12-31
16.4,48,0.0,16.8,182,2022-01-01
15.9,57,0.0,20.5,190,2022-01-02
13.5,73,0.0,19.5,197,2022-01-03
13.7,70,18.3,22.4,242,2022-01-04
7.2,89,5.8,17.2,276,2022-01-05
6.4,70,0.0,7.4,127,2022-01-06
8.4,89,9.8,16.6,277,2022-01-07
9.3,77,1.2,14.6,220,2022-01-08
10.8,98,61.9,25.7,279,2022-01-09
12.4,99,18.1,22.7,314,2022-01-10
10.9,99,8.8,12.3,343,2022-01-11
7.4,87,0.0,9.1,331,2022-01-12
4.8,83,0.0,9.5,163,2022-01-13
6.3,64,0.0,11.0,181,2022-01-14
4.5,67,0.0,9.8,185,2022-01-15
3.7,76,0.0,8.3,156,2022-01-16
4.4,89,0.0,8.0,121,2022-01-17
3.3,90,0.0,6.8,173,2022-01-18
4.5,92,0.0,9.0,196,2022-01-19
6.9,93,3.1,13.0,193,2022-01-20
5.9,76,0.8,14.5,32,2022-01-21
3.5,80,0.0,7.4,89,2022-01-22
2.8,81,0.0,11.2,155,2022-01-23
7.0,71,0.0,12.3,181,2022-01-24
6.0,80,0.0,10.9,183,2022-01-25
4.9,88,0.0,8.0,136,2022-01-26
4.5,93,0.0,7.9,94,2022-01-27
5.4,91,0.0,9.1,249,2022-01-28
5.8,90,0.0,8.4,87,2022-01-29
6.0,92,0.0,9.9,64,2022-01-30
7.8,95,4.7,17.4,312,2022-01-31
8.7,89,2.7,17.7,336,2022-02-01
8.4,90,0.0,10.3,128,2022-02-02
8.2,80,0.0,12.0,199,2022-02-03
8.3,92,2.4,12.1,240,2022-02-04
8.1,91,4.1,9.7,355,2022-02-05
5.5,84,0.0,8.7,203,2022-02-06
8.4,85,1.1,11.3,218,2022-02-07
10.8,82,0.0,14.0,151,2022-02-08
11.3,67,0.0,11.4,190,2022-02-09
10.5,78,0.0,11.3,193,2022-02-10
9.3,93,5.7,9.2,69,2022-02-11
8.0,89,0.0,9.2,159,2022-02-12
11.2,73,1.5,25.5,191,2022-02-13
8.2,86,17.6,24.9,265,2022-02-14
9.1,80,5.1,15.5,268,2022-02-15
12.1,73,1.6,13.7,220,2022-02-16
12.6,86,0.7,10.5,191,2022-02-17
10.1,84,2.5,19.8,268,2022-02-18
7.8,88,4.9,10.5,316,2022-02-19
9.0,84,1.6,11.8,206,2022-02-20
9.7,87,2.4,19.1,288,2022-02-21
9.3,81,0.0,7.1,188,2022-02-22
8.7,77,0.0,8.4,124,2022-02-23
8.7,89,1.7,15.4,294,2022-02-24
8.4,80,1.2,13.8,60,2022-02-25
8.4,71,0.0,12.4,153,2022-02-26
12.3,69,0.0,13.8,160,2022-02-27
10.8,82,0.0,8.1,187,2022-02-28
12.4,78,0.6,8.7,175,2022-03-01
11.4,86,12.9,16.8,226,2022-03-02
9.3,94,18.2,21.3,254,2022-03-03
8.5,87,10.4,16.8,313,2022-03-04
6.6,87,2.5,11.7,298,2022-03-05
6.5,87,1.4,11.0,301,2022-03-06
8.2,82,0.4,15.3,144,2022-03-07
10.6,72,1.6,17.0,173,2022-03-08
10.9,69,0.2,19.0,177,2022-03-09
13.0,74,8.3,14.5,181,2022-03-10
13.1,70,3.0,23.4,173,2022-03-11
11.7,72,2.6,19.9,190,2022-03-12
10.8,75,12.3,13.0,243,2022-03-13
10.9,70,2.9,13.7,114,2022-03-14
16.0,67,0.5,27.0,150,2022-03-15
14.2,75,2.4,27.6,230,2022-03-16
9.8,94,9.8,18.1,345,2022-03-17
9.6,88,1.4,10.8,353,2022-03-18
12.3,65,0.0,14.6,158,2022-03-19
14.2,65,0.0,18.5,162,2022-03-20
14.5,66,9.3,24.1,153,2022-03-21
12.4,65,8.9,29.4,158,2022-03-22
12.4,59,0.0,22.4,155,2022-03-23
12.3,65,0.0,17.1,149,2022-03-24
14.0,71,2.1,13.5,124,2022-03-25
14.4,60,0.0,10.8,153,2022-03-26
14.1,63,0.0,18.4,173,2022-03-27
16.0,50,0.0,16.7,173,2022-03-28
12.3,83,1.9,12.1,293,2022-03-29
10.6,93,16.9,16.0,312,2022-03-30
8.9,92,32.3,18.6,303,2022-03-31
5.6,78,10.5,20.0,324,2022-04-01
5.4,80,15.5,13.6,303,2022-04-02
4.8,81,9.3,12.6,15,2022-04-03
5.5,71,0.3,12.5,50,2022-04-04
6.4,71,0.0,11.4,71,2022-04-05
7.1,79,0.0,12.6,230,2022-04-06
12.1,73,0.0,18.1,196,2022-04-07
13.3,73,5.3,24.9,233,2022-04-08
10.8,81,1.7,9.0,346,2022-04-09
14.4,66,0.0,22.9,148,2022-04-10
18.7,55,0.0,30.9,163,2022-04-11
16.4,66,6.1,20.2,186,2022-04-12
12.9,81,0.2,16.6,307,2022-04-13
13.5,91,4.0,10.6,320,2022-04-14
13.7,87,0.0,11.3,317,2022-04-15
14.6,81,0.0,12.0,10,2022-04-16
12.9,79,0.0,15.1,300,2022-04-17
12.6,86,3.0,11.9,335,2022-04-18
10.2,95,17.1,14.2,337,2022-04-19
9.4,90,15.5,23.4,322,2022-04-20
10.1,92,24.7,18.6,301,2022-04-21
12.3,76,0.7,12.2,157,2022-04-22
10.4,83,11.0,20.1,231,2022-04-23
12.6,80,5.5,16.6,269,2022-04-24
13.0,77,0.0,15.8,85,2022-04-25
15.8,72,0.0,14.6,183,2022-04-26
13.7,95,11.6,6.8,352,2022-04-27
13.3,91,4.8,15.1,326,2022-04-28
13.5,85,0.0,11.4,358,2022-04-29
14.4,85,0.0,10.3,337,2022-04-30
13.1,85,0.0,12.9,321,2022-05-01
12.8,84,2.3,12.9,335,2022-05-02
13.7,86,2.7,16.7,313,2022-05-03
13.1,85,0.5,13.4,308,2022-05-04
13.7,82,1.4,12.3,334,2022-05-05
13.0,84,0.8,13.4,315,2022-05-06
14.4,81,0.0,12.1,22,2022-05-07
15.0,80,0.0,10.5,54,2022-05-08
17.1,74,0.0,10.8,105,2022-05-09
16.7,81,0.0,13.1,333,2022-05-10
15.2,86,0.0,13.6,329,2022-05-11
15.4,89,4.9,10.4,19,2022-05-12
17.0,88,4.6,12.1,40,2022-05-13
19.3,81,0.5,17.3,170,2022-05-14
21.5,68,0.4,17.4,185,2022-05-15
20.8,66,0.0,15.1,177,2022-05-16
22.4,60,0.0,17.5,216,2022-05-17
21.0,76,0.0,20.4,267,2022-05-18
18.8,74,0.0,12.3,35,2022-05-19
17.7,87,0.0,17.0,339,2022-05-20
20.6,80,0.0,12.5,25,2022-05-21
21.3,78,0.6,22.6,270,2022-05-22
16.0,86,4.5,14.3,305,2022-05-23
12.6,90,9.6,14.1,306,2022-05-24
13.5,86,5.0,15.7,316,2022-05-25
15.6,80,3.2,12.0,360,2022-05-26
16.5,80,0.7,10.0,29,2022-05-27
17.2,82,0.3,11.4,36,2022-05-28
16.6,75,0.0,13.7,59,2022-05-29
16.2,78,2.9,14.8,4,2022-05-30
17.5,70,0.2,11.5,59,2022-05-31
19.7,75,0.0,13.3,273,2022-06-01
19.1,83,0.0,10.9,335,2022-06-02
18.8,83,2.4,14.5,328,2022-06-03
18.3,85,0.5,15.7,337,2022-06-04
18.2,82,1.2,13.8,344,2022-06-05
18.5,76,0.0,12.5,340,2022-06-06
19.3,77,0.0,10.9,357,2022-06-07
17.9,89,7.0,17.6,304,2022-06-08
18.3,83,1.6,11.5,323,2022-06-09
19.1,75,0.0,12.1,50,2022-06-10
18.5,88,0.9,13.0,340,2022-06-11
19.6,86,3.2,18.2,338,2022-06-12
20.7,83,0.1,11.2,338,2022-06-13
24.2,79,0.0,17.2,323,2022-06-14
24.2,77,0.0,14.6,20,2022-06-15
26.9,71,0.0,10.1,90,2022-06-16
29.2,61,0.0,11.6,109,2022-06-17
27.5,60,0.9,15.0,151,2022-06-18
21.1,75,0.8,22.7,321,2022-06-19
18.0,84,3.0,13.0,359,2022-06-20
19.2,84,6.8,14.5,351,2022-06-21
18.3,88,21.9,10.4,339,2022-06-22
18.1,88,18.5,12.0,310,2022-06-23
18.8,79,0.9,11.6,28,2022-06-24
16.4,83,6.1,12.9,331,2022-06-25
15.1,82,1.3,12.9,324,2022-06-26
15.6,81,2.8,13.8,341,2022-06-27
17.1,77,0.0,12.1,73,2022-06-28
15.9,88,2.5,17.1,334,2022-06-29
14.7,91,5.2,10.9,296,2022-06-30
15.9,77,0.0,11.6,93,2022-07-01
18.5,80,0.0,14.6,326,2022-07-02
18.7,81,0.7,13.4,25,2022-07-03
18.1,82,0.3,11.3,323,2022-07-04
19.4,80,0.1,13.0,331,2022-07-05
19.5,85,1.2,15.9,320,2022-07-06
19.2,82,0.6,15.6,318,2022-07-07
19.8,81,0.6,13.5,352,2022-07-08
21.1,75,0.0,11.1,357,2022-07-09
22.8,66,0.0,12.0,63,2022-07-10
24.4,66,0.0,12.1,22,2022-07-11
26.1,62,0.0,11.3,60,2022-07-12
27.0,51,0.0,12.2,97,2022-07-13
26.4,52,0.0,13.1,1,2022-07-14
24.9,65,0.0,14.0,64,2022-07-15
27.6,62,0.0,13.4,79,2022-07-16
29.7,52,0.0,15.8,100,2022-07-17
28.1,55,0.0,18.5,222,2022-07-18
22.7,72,0.0,15.9,32,2022-07-19
21.1,82,5.4,10.5,344,2022-07-20
22.1,77,0.0,11.6,47,2022-07-21
20.2,81,1.3,13.1,328,2022-07-22
20.5,72,0.0,12.1,54,2022-07-23
22.5,77,0.0,17.9,334,2022-07-24
20.9,80,1.2,18.4,321,2022-07-25
20.2,74,0.5,13.4,349,2022-07-26
19.7,69,0.0,11.1,342,2022-07-27
20.0,71,0.0,12.4,5,2022-07-28
20.7,74,0.1,13.7,326,2022-07-29
21.0,81,1.6,10.7,359,2022-07-30
22.1,78,1.1,12.4,37,2022-07-31
21.8,79,0.1,11.5,64,2022-08-01
23.4,76,0.0,10.7,32,2022-08-02
23.6,82,0.0,13.4,329,2022-08-03
22.1,83,0.9,12.9,316,2022-08-04
21.5,81,2.5,14.5,333,2022-08-05
22.4,75,0.0,12.2,340,2022-08-06
22.7,72,0.0,13.6,348,2022-08-07
23.0,66,0.0,13.4,6,2022-08-08
24.7,65,2.3,12.0,42,2022-08-09
27.7,59,0.4,9.7,314,2022-08-10
28.5,55,0.0,13.0,267,2022-08-11
24.0,79,0.0,14.5,350,2022-08-12
22.5,80,0.2,15.3,346,2022-08-13
21.0,75,0.4,14.6,320,2022-08-14
20.6,73,0.0,14.9,332,2022-08-15
19.8,82,12.0,15.1,320,2022-08-16
17.2,90,14.4,18.7,287,2022-08-17
16.9,91,14.7,20.6,282,2022-08-18
19.4,78,0.0,12.2,77,2022-08-19
20.8,81,0.0,12.7,76,2022-08-20
21.2,85,0.6,13.2,309,2022-08-21
20.1,95,12.2,12.7,310,2022-08-22
22.1,87,1.7,12.2,45,2022-08-23
24.0,82,0.0,11.5,17,2022-08-24
21.9,89,1.2,16.1,326,2022-08-25
20.6,86,4.9,13.0,331,2022-08-26
20.6,82,0.0,10.2,59,2022-08-27
24.1,77,1.0,9.6,116,2022-08-28
23.6,75,5.8,32.7,151,2022-08-29
22.3,81,0.2,13.0,355,2022-08-30
20.7,95,12.3,8.9,339,2022-08-31
21.4,84,0.5,13.6,27,2022-09-01
20.3,84,2.0,16.5,304,2022-09-02
19.7,80,1.4,13.4,9,2022-09-03
22.0,69,0.0,13.2,172,2022-09-04
23.2,55,0.0,16.8,204,2022-09-05
21.5,74,0.0,20.6,217,2022-09-06
19.6,72,0.2,16.7,262,2022-09-07
19.6,73,0.0,13.4,352,2022-09-08
19.3,81,5.9,11.9,327,2022-09-09
20.5,70,0.0,12.3,79,2022-09-10
25.4,62,0.0,14.3,167,2022-09-11
28.4,44,0.0,23.9,177,2022-09-12
26.9,45,0.4,23.1,173,2022-09-13
24.3,51,0.1,20.7,209,2022-09-14
21.2,77,2.0,12.6,296,2022-09-15
19.5,82,2.5,18.9,330,2022-09-16
17.6,67,0.2,12.5,61,2022-09-17
17.3,61,0.0,12.5,81,2022-09-18
17.4,69,0.0,11.9,72,2022-09-19
15.9,76,0.0,12.3,6,2022-09-20
15.2,75,0.0,12.3,295,2022-09-21
16.7,73,0.0,12.0,119,2022-09-22
15.7,84,1.5,9.7,307,2022-09-23
14.4,95,21.6,15.1,291,2022-09-24
13.7,86,3.5,15.1,300,2022-09-25
13.9,87,4.7,13.5,272,2022-09-26
15.7,85,10.0,24.0,287,2022-09-27
16.1,86,10.3,21.8,280,2022-09-28
13.8,94,20.1,19.1,286,2022-09-29
13.9,90,8.6,17.1,292,2022-09-30
16.7,77,0.0,10.9,206,2022-10-01
15.9,86,0.0,8.3,96,2022-10-02
17.9,87,0.0,9.9,79,2022-10-03
18.0,84,0.0,9.5,228,2022-10-04
17.4,85,0.0,14.2,318,2022-10-05
17.2,87,0.3,12.5,72,2022-10-06
17.6,87,0.1,12.8,317,2022-10-07
17.2,86,0.8,10.0,4,2022-10-08
18.5,77,0.1,13.8,192,2022-10-09
17.3,86,1.8,12.6,152,2022-10-10
17.2,93,4.4,10.3,15,2022-10-11
16.6,91,2.0,8.8,330,2022-10-12
16.8,83,0.0,10.6,246,2022-10-13
19.1,82,0.0,13.0,277,2022-10-14
18.2,81,0.0,10.8,163,2022-10-15
20.5,64,0.9,18.7,172,2022-10-16
21.1,65,0.2,14.4,172,2022-10-17
23.1,67,0.0,20.0,152,2022-10-18
23.4,55,0.2,22.0,169,2022-10-19
20.5,61,0.0,24.1,180,2022-10-20
20.3,56,0.0,20.8,196,2022-10-21
21.2,54,0.0,21.2,174,2022-10-22
21.7,48,0.3,38.4,194,2022-10-23
19.9,53,0.9,20.4,209,2022-10-24
21.1,53,0.3,24.2,190,2022-10-25
21.8,56,0.0,20.1,181,2022-10-26
24.6,40,0.0,20.9,154,2022-10-27
23.7,43,0.0,20.6,162,2022-10-28
23.2,48,0.0,22.1,162,2022-10-29
17.2,85,4.2,11.6,138,2022-10-30
17.1,81,3.9,18.1,182,2022-10-31
15.9,84,0.4,13.7,240,2022-11-01
13.7,80,0.0,8.4,177,2022-11-02
15.6,72,9.4,23.1,223,2022-11-03
11.5,83,10.1,23.7,263,2022-11-04
11.9,83,0.0,7.9,164,2022-11-05
13.3,69,0.0,13.9,192,2022-11-06
15.3,67,0.3,27.0,187,2022-11-07
18.7,58,0.0,28.6,191,2022-11-08
14.3,84,3.6,14.2,211,2022-11-09
12.6,85,0.0,9.0,131,2022-11-10
13.7,74,0.0,14.3,154,2022-11-11
17.9,68,0.0,23.8,150,2022-11-12
17.4,68,0.0,17.0,168,2022-11-13
14.6,82,3.2,17.0,186,2022-11-14
15.4,73,10.5,24.6,199,2022-11-15
15.7,73,0.2,24.8,207,2022-11-16
14.5,93,17.9,12.3,247,2022-11-17
10.2,90,10.1,18.2,274,2022-11-18
8.3,91,20.4,16.9,277,2022-11-19
10.9,89,3.1,12.8,208,2022-11-20
11.4,92,28.1,23.0,261,2022-11-21
10.2,71,1.3,20.7,210,2022-11-22
14.2,84,7.8,22.3,277,2022-11-23
10.9,88,13.8,14.1,175,2022-11-24
9.9,94,11.5,14.8,265,2022-11-25
9.9,82,0.0,12.6,165,2022-11-26
12.0,59,2.9,17.7,186,2022-11-27
10.2,91,10.1,17.6,272,2022-11-28
10.2,95,8.4,14.5,283,2022-11-29
9.7,93,0.0,12.5,96,2022-11-30
8.6,88,0.3,9.7,14,2022-12-01
7.1,80,0.0,10.5,108,2022-12-02
5.4,95,9.1,7.7,226,2022-12-03
5.5,84,0.2,13.6,170,2022-12-04
7.8,78,0.1,12.2,168,2022-12-05
11.6,82,0.0,15.0,183,2022-12-06
10.9,96,3.1,7.7,138,2022-12-07
10.3,95,6.4,15.6,136,2022-12-08
10.5,95,10.5,13.7,223,2022-12-09
6.6,85,1.1,10.7,31,2022-12-10
6.2,87,0.1,6.9,156,2022-12-11
8.8,91,9.1,24.5,166,2022-12-12
13.9,88,2.4,15.3,182,2022-12-13
14.0,80,5.5,14.5,189,2022-12-14
12.2,88,7.7,14.0,202,2022-12-15
9.7,95,6.0,11.7,304,2022-12-16
8.4,89,0.0,13.0,161,2022-12-17
11.8,72,0.0,23.1,182,2022-12-18
12.3,68,21.8,30.3,176,2022-12-19
13.1,78,14.1,21.6,176,2022-12-20
14.4,76,0.2,20.0,205,2022-12-21
16.4,70,0.0,18.2,211,2022-12-22
17.3,64,0.0,21.4,210,2022-12-23
14.6,67,0.0,23.3,199,2022-12-24
15.1,62,0.1,22.9,171,2022-12-25
14.3,75,0.1,15.5,215,2022-12-26
12.5,92,0.2,7.1,173,2022-12-27
13.3,72,0.0,20.3,203,2022-12-28
13.1,83,7.6,17.3,221,2022-12-29
16.9,68,1.2,23.9,198,2022-12-30
17.3,44,0.0,27.1,188,2022-12-31
17.4,43,0.0,23.8,176,2023-01-01
11.7,89,9.6,10.4,312,2023-01-02
7.6,86,0.0,8.1,175,2023-01-03
8.4,79,0.0,7.6,182,2023-01-04
9.3,87,0.0,8.3,161,2023-01-05
8.2,78,0.0,15.2,197,2023-01-06
11.2,66,2.6,27.4,201,2023-01-07
11.6,91,16.4,19.6,229,2023-01-08
9.5,84,3.2,19.1,286,2023-01-09
9.9,76,0.0,15.6,190,2023-01-10
11.6,84,7.1,17.2,245,2023-01-11
8.4,86,0.0,12.9,171,2023-01-12
9.9,84,1.8,11.0,190,2023-01-13
12.1,71,0.0,21.9,201,2023-01-14
9.2,82,9.3,23.5,254,2023-01-15
8.5,90,59.9,26.4,228,2023-01-16
7.5,87,32.7,27.1,271,2023-01-17
3.3,90,43.5,18.2,249,2023-01-18
5.0,91,30.4,23.4,237,2023-01-19
7.5,84,2.0,18.1,14,2023-01-20
3.3,76,0.1,12.2,28,2023-01-21
4.4,78,0.3,15.5,354,2023-01-22
4.7,85,4.1,11.9,22,2023-01-23
4.0,94,2.1,9.0,66,2023-01-24
4.7,88,2.3,10.7,301,2023-01-25
6.5,92,5.4,13.8,350,2023-01-26
5.4,92,10.4,11.7,360,2023-01-27
5.1,93,4.1,11.5,18,2023-01-28
4.8,88,1.4,11.4,27,2023-01-29
5.7,82,0.0,7.1,199,2023-01-30
7.2,84,0.8,11.6,270,2023-01-31
8.3,91,1.2,12.3,43,2023-02-01
5.8,84,0.0,9.7,109,2023-02-02
3.6,88,0.0,9.9,125,2023-02-03
5.7,85,0.2,10.1,117,2023-02-04
8.4,86,1.4,12.7,9,2023-02-05
6.7,77,0.1,12.3,35,2023-02-06
3.3,92,2.7,8.3,138,2023-02-07
5.3,90,0.0,10.4,104,2023-02-08
4.9,85,0.0,10.0,185,2023-02-09
4.1,83,0.0,12.3,121,2023-02-10
5.2,70,0.0,10.3,161,2023-02-11
8.0,59,0.0,14.0,181,2023-02-12
10.1,58,0.0,16.7,171,2023-02-13
11.0,59,0.0,17.0,168,2023-02-14
11.8,65,0.0,16.7,181,2023-02-15
9.5,76,0.0,10.6,194,2023-02-16
10.1,75,0.0,9.3,126,2023-02-17
10.5,69,0.0,9.2,182,2023-02-18
8.9,87,0.1,9.2,102,2023-02-19
13.9,75,0.0,9.8,158,2023-02-20
14.3,64,0.0,12.7,201,2023-02-21
10.6,96,9.6,7.9,247,2023-02-22
6.6,99,40.0,17.8,293,2023-02-23
6.4,77,4.9,15.6,209,2023-02-24
7.3,67,0.0,9.8,169,2023-02-25
6.8,74,1.5,18.8,360,2023-02-26
3.6,66,2.7,18.7,4,2023-02-27
4.6,75,1.7,16.8,336,2023-02-28
4.1,76,1.5,11.9,326,2023-03-01
5.9,86,4.2,15.9,277,2023-03-02
6.4,89,3.4,9.4,282,2023-03-03
6.4,87,0.7,6.2,125,2023-03-04
5.4,82,0.0,10.1,115,2023-03-05
7.5,83,0.0,7.9,140,2023-03-06
10.4,85,0.8,18.1,205,2023-03-07
16.1,67,6.2,24.7,212,2023-03-08
14.4,77,0.6,26.8,209,2023-03-09
15.2,66,0.5,18.9,232,2023-03-10
15.8,79,7.0,19.8,240,2023-03-11
16.6,85,4.1,10.7,181,2023-03-12
16.6,66,5.1,28.4,207,2023-03-13
11.0,77,1.6,21.2,282,2023-03-14
12.0,77,0.0,10.8,138,2023-03-15
17.4,55,0.0,17.5,167,2023-03-16
16.0,57,0.0,22.4,189,2023-03-17
12.6,76,12.9,14.9,236,2023-03-18
11.3,90,5.3,15.0,300,2023-03-19
11.8,83,0.0,8.9,100,2023-03-20
12.4,84,0.0,11.9,35,2023-03-21
13.5,71,0.0,9.6,183,2023-03-22
17.7,43,0.0,16.9,192,2023-03-23
14.2,69,3.1,19.8,249,2023-03-24
13.5,68,0.0,19.7,190,2023-03-25
13.5,73,9.3,27.9,291,2023-03-26
10.9,80,4.6,14.9,307,2023-03-27
15.3,62,0.0,16.9,159,2023-03-28
20.7,38,0.0,20.0,176,2023-03-29
17.6,58,0.0,21.7,212,2023-03-30
15.4,70,3.4,19.7,284,2023-03-31
11.0,85,18.0,22.6,294,2023-04-01
10.0,87,10.1,20.6,309,2023-04-02
10.1,80,0.8,12.8,79,2023-04-03
9.3,80,0.2,12.1,349,2023-04-04
8.5,78,0.0,10.0,93,2023-04-05
10.1,71,0.0,12.3,50,2023-04-06
11.4,72,0.0,12.0,76,2023-04-07
13.5,73,0.0,12.1,94,2023-04-08
14.6,69,0.0,17.7,284,2023-04-09
14.2,69,0.0,12.9,328,2023-04-10
15.1,82,1.1,16.2,354,2023-04-11
10.2,93,11.8,18.7,275,2023-04-12
9.1,86,14.0,18.6,283,2023-04-13
12.1,85,8.8,24.3,262,2023-04-14
11.7,92,9.9,18.7,312,2023-04-15
12.0,78,0.0,12.3,59,2023-04-16
10.3,77,0.0,13.9,50,2023-04-17
11.2,80,0.0,12.3,67,2023-04-18
14.2,75,0.0,14.6,122,2023-04-19
14.5,78,0.0,11.8,290,2023-04-20
16.1,76,0.0,12.5,84,2023-04-21
14.5,76,7.3,9.4,9,2023-04-22
14.7,74,3.6,17.7,232,2023-04-23
14.8,83,2.3,9.7,277,2023-04-24
16.5,82,3.7,11.8,310,2023-04-25
17.7,84,2.7,12.1,18,2023-04-26
19.2,79,0.0,10.2,300,2023-04-27
18.8,79,0.1,17.2,311,2023-04-28
15.8,90,1.0,11.9,316,2023-04-29
15.2,86,8.0,12.2,335,2023-04-30
15.0,82,0.1,9.7,48,2023-05-01
15.0,74,0.0,16.0,90,2023-05-02
20.9,57,0.0,15.6,161,2023-05-03
18.9,66,0.2,16.3,285,2023-05-04
17.0,74,0.0,14.5,47,2023-05-05
16.2,78,0.0,17.0,319,2023-05-06
15.8,81,0.6,14.0,319,2023-05-07
15.8,76,0.1,10.6,331,2023-05-08
14.8,86,12.5,18.9,295,2023-05-09
13.3,78,1.4,17.1,303,2023-05-10
11.8,89,26.0,19.0,296,2023-05-11
11.8,87,6.8,18.1,311,2023-05-12
12.5,84,3.6,18.7,302,2023-05-13
13.1,93,21.8,17.4,309,2023-05-14
12.5,93,8.9,14.0,303,2023-05-15
12.7,78,4.0,16.5,332,2023-05-16
12.9,72,0.1,15.5,6,2023-05-17
13.8,70,0.3,19.1,357,2023-05-18
13.7,75,1.1,16.7,334,2023-05-19
13.6,83,2.4,14.3,312,2023-05-20
13.9,86,2.9,12.2,302,2023-05-21
15.0,89,3.5,14.3,318,2023-05-22
16.0,93,2.4,16.3,321,2023-05-23
16.0,91,3.9,13.6,315,2023-05-24
15.0,81,2.1,17.4,326,2023-05-25
16.9,78,1.2,16.9,99,2023-05-26
20.6,70,0.0,15.4,104,2023-05-27
18.7,81,0.5,12.9,299,2023-05-28
18.7,82,0.1,12.3,335,2023-05-29
18.8,86,10.9,8.2,344,2023-05-30
18.2,87,0.0,13.8,309,2023-05-31
18.5,82,4.4,8.2,88,2023-06-01
20.0,75,3.4,10.5,113,2023-06-02
19.9,78,4.9,7.6,265,2023-06-03
19.9,80,0.4,9.7,339,2023-06-04
19.8,80,1.9,9.6,14,2023-06-05
21.9,77,0.1,12.4,151,2023-06-06
22.7,72,0.2,13.8,158,2023-06-07
23.3,72,4.1,13.0,162,2023-06-08
22.6,69,0.8,16.4,204,2023-06-09
20.7,80,1.8,11.9,291,2023-06-10
20.3,86,7.8,10.3,70,2023-06-11
19.6,90,12.8,10.2,70,2023-06-12
18.2,91,18.3,18.9,306,2023-06-13
18.9,88,4.4,18.1,310,2023-06-14
19.4,81,0.0,9.8,41,2023-06-15
20.4,81,0.0,9.3,73,2023-06-16
20.7,88,0.7,15.0,330,2023-06-17
20.2,89,1.0,14.0,356,2023-06-18
22.4,80,0.2,17.4,135,2023-06-19
19.8,90,2.8,11.9,335,2023-06-20
19.5,92,4.4,11.6,9,2023-06-21
20.3,82,1.5,10.7,321,2023-06-22
20.5,80,0.0,11.5,76,2023-06-23
22.6,78,0.0,10.1,98,2023-06-24
21.6,81,0.0,16.1,324,2023-06-25
20.8,82,0.9,14.0,7,2023-06-26
20.1,74,0.1,13.0,2,2023-06-27
20.6,74,0.0,13.8,5,2023-06-28
18.6,88,4.9,18.2,319,2023-06-29
17.6,80,4.0,17.8,308,2023-06-30
19.2,80,1.2,18.8,297,2023-07-01
19.8,88,2.5,12.4,329,2023-07-02
20.0,79,0.0,11.8,40,2023-07-03
19.5,80,0.1,14.3,310,2023-07-04
20.3,79,0.1,11.8,349,2023-07-05
20.8,81,0.1,11.0,38,2023-07-06
24.6,71,0.7,17.2,167,2023-07-07
22.6,77,0.0,14.5,11,2023-07-08
20.7,85,1.1,14.3,329,2023-07-09
22.6,76,0.0,11.6,339,2023-07-10
21.0,82,0.0,15.3,325,2023-07-11
21.1,77,1.0,12.8,347,2023-07-12
20.2,86,5.1,12.2,32,2023-07-13
23.5,70,0.0,16.3,271,2023-07-14
19.4,86,5.4,14.5,326,2023-07-15
19.1,77,1.5,13.9,15,2023-07-16
21.4,73,0.0,13.0,55,2023-07-17
21.2,82,0.0,19.5,316,2023-07-18
20.1,82,0.7,12.0,10,2023-07-19
19.2,83,1.3,13.5,350,2023-07-20
19.9,78,3.2,12.6,356,2023-07-21
20.2,73,0.0,11.5,18,2023-07-22
20.6,78,0.0,14.7,336,2023-07-23
19.2,83,1.4,18.1,301,2023-07-24
17.9,78,2.7,19.5,297,2023-07-25
19.8,77,0.1,12.6,303,2023-07-26
20.7,83,0.4,16.8,317,2023-07-27
22.6,75,0.2,14.6,334,2023-07-28
21.9,77,0.3,18.2,325,2023-07-29
20.7,81,1.0,11.0,5,2023-07-30
20.0,77,0.0,13.2,319,2023-07-31
20.4,82,1.7,20.5,296,2023-08-01
21.2,80,0.9,22.0,294,2023-08-02
18.6,76,4.4,23.3,301,2023-08-03
16.9,85,9.9,18.6,301,2023-08-04
18.4,77,0.6,16.8,298,2023-08-05
18.3,79,2.3,13.7,327,2023-08-06
18.6,71,0.0,13.3,69,2023-08-07
20.6,72,0.0,10.6,66,2023-08-08
25.7,66,0.0,15.0,96,2023-08-09
23.1,73,0.0,21.7,325,2023-08-10
23.2,70,0.0,12.6,358,2023-08-11
21.0,83,1.8,15.3,321,2023-08-12
21.0,82,0.2,11.3,50,2023-08-13
20.6,85,0.9,13.8,335,2023-08-14
20.6,83,0.4,12.7,48,2023-08-15
20.2,93,7.0,10.9,1,2023-08-16
21.5,85,0.0,11.2,14,2023-08-17
25.3,74,0.1,15.3,151,2023-08-18
24.0,81,0.0,14.5,59,2023-08-19
22.6,87,0.2,12.3,319,2023-08-20
22.8,83,0.0,12.0,331,2023-08-21
23.6,80,0.0,10.7,35,2023-08-22
28.8,68,0.0,14.0,144,2023-08-23
26.1,67,0.0,14.8,346,2023-08-24
21.4,84,1.3,13.7,329,2023-08-25
17.8,94,10.1,12.3,310,2023-08-26
16.1,87,11.0,21.1,297,2023-08-27
17.5,93,12.4,21.1,296,2023-08-28
18.0,84,4.2,15.0,311,2023-08-29
17.8,84,4.4,18.6,298,2023-08-30
19.6,79,0.1,11.7,187,2023-08-31
20.4,87,0.0,13.7,8,2023-09-01
19.4,94,15.7,8.9,54,2023-09-02
19.7,90,3.0,13.3,105,2023-09-03
25.5,64,8.8,23.0,152,2023-09-04
25.0,73,0.0,15.0,156,2023-09-05
24.7,75,0.0,9.5,183,2023-09-06
24.9,71,0.0,13.1,176,2023-09-07
24.7,77,1.1,14.0,150,2023-09-08
24.8,77,0.0,11.5,249,2023-09-09
23.3,87,8.8,9.8,28,2023-09-10
22.0,88,4.9,13.2,335,2023-09-11
18.9,93,14.4,12.1,290,2023-09-12
18.8,89,1.3,10.2,17,2023-09-13
19.3,86,0.1,11.1,94,2023-09-14
20.7,87,3.3,15.8,162,2023-09-15
22.5,75,0.3,14.1,166,2023-09-16
20.9,74,0.5,18.4,180,2023-09-17
20.6,65,0.7,21.2,236,2023-09-18
19.5,82,1.5,14.7,86,2023-09-19
19.7,84,0.0,13.5,180,2023-09-20
18.8,73,9.2,22.7,230,2023-09-21
14.6,89,9.5,16.6,252,2023-09-22
16.3,83,1.3,10.6,344,2023-09-23
18.4,76,0.0,11.4,175,2023-09-24
18.9,70,0.0,11.2,109,2023-09-25
18.0,86,0.0,10.0,16,2023-09-26
20.0,79,0.0,20.8,192,2023-09-27
20.7,73,0.0,13.2,184,2023-09-28
20.3,82,0.0,12.9,93,2023-09-29
22.3,81,0.0,8.7,128,2023-09-30
22.1,76,0.0,9.7,135,2023-10-01
23.2,73,0.0,17.4,192,2023-10-02
18.8,92,4.3,8.7,348,2023-10-03
18.6,86,0.0,10.2,80,2023-10-04
19.9,87,0.0,8.7,96,2023-10-05
20.1,89,0.0,8.1,72,2023-10-06
22.3,81,0.0,7.6,118,2023-10-07
21.6,71,0.0,9.2,190,2023-10-08
19.4,63,0.0,7.3,207,2023-10-09
19.3,58,0.0,7.0,166,2023-10-10
19.6,55,0.0,8.2,170,2023-10-11
20.5,58,0.0,11.2,173,2023-10-12
22.5,52,1.9,19.5,197,2023-10-13
17.5,95,5.7,10.6,4,2023-10-14
16.4,87,3.5,14.3,72,2023-10-15
19.1,78,2.5,11.6,182,2023-10-16
23.3,59,0.0,25.5,158,2023-10-17
23.2,59,6.9,25.1,207,2023-10-18
19.7,67,3.2,31.3,200,2023-10-19
15.5,72,3.7,27.2,246,2023-10-20
13.4,69,0.0,16.5,219,2023-10-21
14.1,70,0.5,16.5,150,2023-10-22
14.4,90,16.4,14.8,189,2023-10-23
14.3,76,0.0,27.8,203,2023-10-24
18.1,71,2.6,24.5,222,2023-10-25
16.2,95,53.0,9.8,206,2023-10-26
14.4,74,1.4,22.4,219,2023-10-27
18.4,59,0.2,26.6,205,2023-10-28
17.8,73,8.1,23.3,195,2023-10-29
15.5,72,1.0,17.4,227,2023-10-30
14.7,62,0.0,18.4,208,2023-10-31
16.2,66,6.5,36.7,204,2023-11-01
13.1,78,40.4,37.5,254,2023-11-02
11.0,73,10.9,30.9,241,2023-11-03
15.0,72,23.9,33.0,217,2023-11-04
13.8,67,5.2,26.8,230,2023-11-05
10.7,76,0.6,17.9,231,2023-11-06
9.7,77,0.1,19.6,219,2023-11-07
12.0,72,0.0,22.4,199,2023-11-08
13.4,81,8.0,16.1,264,2023-11-09
11.9,97,11.2,8.1,172,2023-11-10
14.4,96,12.7,25.6,186,2023-11-11
17.0,78,5.1,13.8,211,2023-11-12
19.9,66,0.0,20.9,212,2023-11-13
18.0,76,3.0,18.6,225,2023-11-14
15.9,87,0.6,11.6,165,2023-11-15
16.8,82,3.3,18.1,257,2023-11-16
13.2,89,0.7,6.4,155,2023-11-17
13.6,86,0.0,10.9,166,2023-11-18
12.6,90,0.0,7.2,175,2023-11-19
12.3,97,3.8,13.8,291,2023-11-20
10.4,94,9.5,20.4,289,2023-11-21
11.3,90,5.5,17.8,8,2023-11-22
10.4,77,0.1,11.2,358,2023-11-23
11.4,90,0.6,8.1,276,2023-11-24
11.2,92,0.1,8.0,119,2023-11-25
8.3,87,0.0,6.0,134,2023-11-26
10.2,93,8.1,18.1,243,2023-11-27
12.2,99,16.5,16.3,292,2023-11-28
13.8,90,16.1,19.2,187,2023-11-29
12.2,98,47.1,11.3,302,2023-11-30
9.0,96,14.9,16.3,198,2023-12-01
7.8,97,10.2,20.5,280,2023-12-02
7.5,81,0.2,26.3,189,2023-12-03
11.8,71,10.7,26.7,227,2023-12-04
8.1,89,2.3,12.3,228,2023-12-05
7.3,87,0.0,10.1,159,2023-12-06
10.9,74,12.1,24.4,205,2023-12-07
10.5,85,12.3,17.5,236,2023-12-08
14.2,74,8.0,21.7,216,2023-12-09
15.5,81,0.0,19.2,200,2023-12-10
16.8,67,0.0,20.6,209,2023-12-11
14.6,82,15.2,20.9,211,2023-12-12
10.5,83,16.1,22.9,276,2023-12-13
10.3,84,6.5,19.4,313,2023-12-14
11.0,95,6.4,9.4,286,2023-12-15
9.1,88,0.3,9.7,109,2023-12-16
6.4,88,0.0,9.8,174,2023-12-17
6.0,89,0.0,8.7,186,2023-12-18
6.5,88,0.1,6.8,186,2023-12-19
9.8,96,20.2,18.7,321,2023-12-20
11.2,92,7.0,17.0,291,2023-12-21
11.3,95,9.0,16.1,294,2023-12-22
10.5,94,2.5,10.2,268,2023-12-23
9.1,91,0.0,5.1,158,2023-12-24
6.7,88,0.0,7.5,162,2023-12-25
5.5,80,0.0,9.3,172,2023-12-26
8.5,60,0.0,17.2,188,2023-12-27
11.1,69,0.1,17.5,208,2023-12-28
10.3,89,0.4,8.1,187,2023-12-29
10.7,82,0.0,21.3,203,2023-12-30
10.9,77,4.6,28.7,228,2023-12-31
8.9,74,0.0,16.5,193,2024-01-01
13.5,61,0.2,29.9,211,2024-01-02
13.0,87,1.0,12.0,216,2024-01-03
10.0,80,0.0,22.9,197,2024-01-04
7.7,92,11.5,21.4,277,2024-01-05
6.1,95,25.8,15.5,262,2024-01-06
6.3,95,17.7,11.6,264,2024-01-07
5.9,94,4.5,6.2,329,2024-01-08
3.2,90,0.0,8.0,110,2024-01-09
3.9,96,1.6,6.6,101,2024-01-10
4.6,97,3.1,7.0,211,2024-01-11
5.9,91,0.2,7.6,107,2024-01-12
7.9,72,0.0,15.8,178,2024-01-13
11.6,81,7.5,15.9,202,2024-01-14
11.6,93,2.3,9.0,192,2024-01-15
13.0,90,2.6,25.5,173,2024-01-16
16.3,62,1.4,25.5,194,2024-01-17
12.8,69,4.5,29.1,236,2024-01-18
5.1,75,0.1,16.3,60,2024-01-19
3.5,72,0.0,11.9,167,2024-01-20
7.7,63,0.0,15.5,186,2024-01-21
13.0,71,0.8,20.5,204,2024-01-22
13.5,87,0.6,9.0,179,2024-01-23
10.8,90,0.0,8.7,155,2024-01-24
11.0,87,0.0,10.8,155,2024-01-25
9.7,90,0.0,8.1,161,2024-01-26
11.7,84,0.0,12.3,163,2024-01-27
13.9,70,0.0,15.9,181,2024-01-28
14.0,72,0.0,15.8,184,2024-01-29
12.6,79,0.0,11.2,204,2024-01-30
10.9,82,0.0,8.4,176,2024-01-31
10.3,87,0.6,11.9,290,2024-02-01
11.1,95,2.0,8.5,296,2024-02-02
10.6,92,0.0,8.9,99,2024-02-03
10.8,91,0.0,7.7,62,2024-02-04
10.1,90,0.0,8.0,189,2024-02-05
10.1,89,0.0,7.4,103,2024-02-06
10.5,78,0.1,18.1,201,2024-02-07
15.0,55,7.6,41.1,198,2024-02-08
14.7,68,6.5,26.6,183,2024-02-09
9.9,81,16.2,21.4,280,2024-02-10
9.8,65,1.7,15.1,215,2024-02-11
11.6,78,5.2,37.6,254,2024-02-12
11.9,82,0.0,13.5,185,2024-02-13
14.9,77,0.0,14.5,176,2024-02-14
17.5,71,12.8,20.2,177,2024-02-15
11.9,89,11.4,14.0,306,2024-02-16
9.6,82,0.0,8.2,118,2024-02-17
9.8,84,1.1,11.6,166,2024-02-18
12.3,91,3.6,10.2,346,2024-02-19
10.5,85,0.0,8.9,105,2024-02-20
11.6,72,0.0,11.4,177,2024-02-21
13.6,67,7.2,30.2,234,2024-02-22
7.1,78,3.6,19.2,234,2024-02-23
6.1,85,23.6,16.0,252,2024-02-24
11.3,83,19.9,25.9,223,2024-02-25
8.5,89,17.7,30.2,286,2024-02-26
7.7,90,17.0,29.4,329,2024-02-27
10.2,83,3.4,17.6,336,2024-02-28
9.8,91,9.2,21.6,262,2024-02-29
9.5,74,3.3,21.5,233,2024-03-01
8.5,89,18.3,26.1,227,2024-03-02
6.2,89,10.5,19.4,279,2024-03-03
8.6,86,3.7,18.2,203,2024-03-04
8.1,82,5.9,16.4,283,2024-03-05
8.4,77,0.0,10.0,159,2024-03-06
13.0,59,0.3,26.2,143,2024-03-07
11.1,65,5.8,26.4,192,2024-03-08
10.7,61,4.6,23.5,198,2024-03-09
9.5,76,12.5,23.3,237,2024-03-10
9.1,92,13.0,19.5,273,2024-03-11
10.8,85,1.1,8.9,142,2024-03-12
12.3,76,0.0,11.6,156,2024-03-13
15.7,64,0.0,24.6,206,2024-03-14
15.2,71,0.0,11.9,224,2024-03-15
14.9,74,0.0,12.0,184,2024-03-16
17.3,71,0.0,12.6,199,2024-03-17
15.4,85,0.2,14.7,84,2024-03-18
16.0,88,0.0,9.4,10,2024-03-19
14.4,90,0.0,11.8,341,2024-03-20
15.4,85,0.0,9.9,69,2024-03-21
15.3,92,0.5,12.1,326,2024-03-22
12.1,84,2.3,12.1,354,2024-03-23
10.9,77,0.2,12.5,61,2024-03-24
10.2,85,3.7,16.2,302,2024-03-25
8.0,84,8.5,11.2,262,2024-03-26
11.0,65,1.7,30.6,213,2024-03-27
12.4,65,3.2,29.1,208,2024-03-28
11.4,79,7.3,19.7,207,2024-03-29
11.2,74,3.4,18.3,162,2024-03-30
10.0,76,6.4,15.7,198,2024-03-31
11.2,65,1.6,24.5,219,2024-04-01
12.3,67,2.2,30.7,192,2024-04-02
16.6,58,0.0,20.6,214,2024-04-03
18.5,56,0.0,18.4,203,2024-04-04
21.5,44,0.0,27.8,174,2024-04-05
21.9,46,0.0,32.2,151,2024-04-06
16.3,84,4.9,11.3,108,2024-04-07
14.0,78,10.0,24.0,234,2024-04-08
9.9,80,8.9,21.9,293,2024-04-09
11.0,76,0.0,11.7,16,2024-04-10
12.4,74,0.0,13.5,92,2024-04-11
16.5,72,0.0,7.4,111,2024-04-12
19.3,63,0.0,12.5,267,2024-04-13
17.6,69,0.0,15.6,335,2024-04-14
12.9,88,1.6,14.0,323,2024-04-15
11.5,83,4.2,17.7,312,2024-04-16
10.7,85,4.0,16.2,321,2024-04-17
11.3,79,3.3,13.3,345,2024-04-18
11.4,73,0.0,14.7,102,2024-04-19
11.6,77,0.0,13.2,32,2024-04-20
10.6,69,0.0,13.3,31,2024-04-21
10.6,56,0.0,15.4,14,2024-04-22
9.0,82,19.4,15.9,314,2024-04-23
10.0,69,0.0,14.3,298,2024-04-24
9.8,87,5.2,9.7,246,2024-04-25
11.2,91,7.7,12.9,63,2024-04-26
11.5,82,11.3,19.9,222,2024-04-27
9.6,81,0.3,14.7,332,2024-04-28
11.2,81,1.0,10.3,39,2024-04-29
12.8,79,4.0,19.4,228,2024-04-30
10.0,88,15.5,18.1,298,2024-05-01
10.4,76,2.6,9.5,248,2024-05-02
13.2,69,0.8,15.3,213,2024-05-03
18.2,60,0.6,23.0,217,2024-05-04
15.5,84,7.3,24.4,220,2024-05-05
13.1,82,2.2,19.1,303,2024-05-06
12.9,85,3.2,20.7,309,2024-05-07
14.6,80,0.3,13.2,76,2024-05-08
15.8,78,0.0,13.6,96,2024-05-09
19.5,72,0.0,11.6,197,2024-05-10
18.2,76,0.3,18.9,348,2024-05-11
14.6,88,0.5,12.8,336,2024-05-12
16.2,83,11.5,17.4,226,2024-05-13
13.1,92,14.1,14.0,265,2024-05-14
12.3,83,3.0,9.0,338,2024-05-15
13.2,83,8.4,15.9,236,2024-05-16
13.6,84,4.4,13.4,312,2024-05-17
13.9,80,4.5,11.3,90,2024-05-18
13.3,91,6.1,13.6,314,2024-05-19
13.7,87,22.8,16.3,301,2024-05-20
13.5,83,3.0,17.4,307,2024-05-21
13.8,85,18.1,12.0,281,2024-05-22
13.8,83,1.3,12.2,298,2024-05-23
14.5,79,0.0,11.4,73,2024-05-24
17.1,78,0.0,18.0,305,2024-05-25
14.8,86,1.0,12.2,328,2024-05-26
14.6,83,0.7,11.1,340,2024-05-27
15.2,78,0.0,8.8,45,2024-05-28
16.7,77,0.0,12.4,322,2024-05-29
15.2,90,3.3,12.8,315,2024-05-30
14.3,80,2.1,14.8,321,2024-05-31
14.7,82,1.9,13.8,348,2024-06-01
15.8,84,2.0,13.0,353,2024-06-02
16.4,85,2.3,10.8,25,2024-06-03
18.1,79,0.0,9.8,39,2024-06-04
19.0,76,0.0,11.0,18,2024-06-05
18.4,81,0.0,13.4,17,2024-06-06
19.1,82,2.4,10.9,16,2024-06-07
17.9,93,9.1,17.3,317,2024-06-08
16.1,88,4.6,18.9,319,2024-06-09
16.0,73,0.8,15.7,315,2024-06-10
15.1,80,2.5,14.6,305,2024-06-11
15.1,77,1.5,16.4,309,2024-06-12
16.4,74,0.0,15.5,214,2024-06-13
17.4,79,2.4,18.2,336,2024-06-14
16.4,71,0.0,14.5,313,2024-06-15
17.7,71,0.0,13.4,21,2024-06-16
20.9,67,0.0,16.1,177,2024-06-17
20.0,83,3.3,13.3,35,2024-06-18
17.8,85,6.8,14.1,316,2024-06-19
16.8,85,7.6,14.1,306,2024-06-20
16.8,83,1.7,18.0,299,2024-06-21
16.6,89,2.1,17.4,310,2024-06-22
17.2,94,7.2,16.0,305,2024-06-23
19.5,80,0.8,11.8,56,2024-06-24
20.6,80,0.0,11.5,359,2024-06-25
22.6,81,0.0,12.1,350,2024-06-26
20.7,87,0.1,14.7,338,2024-06-27
19.8,84,0.4,11.5,16,2024-06-28
17.4,89,13.3,19.0,316,2024-06-29
17.5,81,0.4,11.4,343,2024-06-30
16.6,86,3.0,14.3,313,2024-07-01
17.6,83,1.3,13.8,319,2024-07-02
17.3,80,0.0,11.5,304,2024-07-03
18.0,85,0.1,10.6,346,2024-07-04
19.8,84,0.2,12.2,15,2024-07-05
17.2,86,3.7,17.5,327,2024-07-06
16.3,77,0.4,10.0,72,2024-07-07
20.4,76,0.0,15.1,17,2024-07-08
20.7,82,3.6,12.9,275,2024-07-09
22.0,83,0.5,11.8,15,2024-07-10
22.3,84,0.1,18.4,326,2024-07-11
18.4,83,8.3,14.6,316,2024-07-12
18.1,74,0.0,13.8,70,2024-07-13
19.1,84,0.0,13.8,317,2024-07-14
20.0,77,0.4,14.8,326,2024-07-15
19.0,80,0.8,13.0,345,2024-07-16
20.5,80,0.0,11.4,74,2024-07-17
21.6,84,0.0,14.0,323,2024-07-18
22.4,81,0.0,12.6,357,2024-07-19
21.4,83,4.9,14.7,322,2024-07-20
18.3,76,3.4,22.6,303,2024-07-21
19.9,70,0.0,10.2,66,2024-07-22
21.3,75,0.0,11.5,57,2024-07-23
21.2,84,0.2,11.4,46,2024-07-24
21.3,80,0.8,12.4,10,2024-07-25
20.4,80,0.0,12.5,2,2024-07-26
20.8,78,0.0,13.3,359,2024-07-27
25.1,79,0.2,13.2,51,2024-07-28
26.2,76,0.0,13.4,354,2024-07-29
27.7,72,1.3,11.2,100,2024-07-30
24.5,81,0.0,13.0,340,2024-07-31
22.2,84,1.0,14.5,321,2024-08-01
20.5,81,1.1,16.3,317,2024-08-02
21.4,75,0.1,11.2,11,2024-08-03
21.0,78,0.0,11.9,66,2024-08-04
22.2,82,0.1,13.5,329,2024-08-05
22.1,84,0.8,11.5,342,2024-08-06
21.0,88,2.1,14.2,27,2024-08-07
21.6,81,0.0,10.2,30,2024-08-08
22.7,77,0.0,12.8,47,2024-08-09
24.2,77,0.0,11.6,65,2024-08-10
29.8,58,0.0,16.4,144,2024-08-11
23.1,80,0.8,13.8,336,2024-08-12
21.7,83,6.9,14.6,324,2024-08-13
19.4,85,5.9,19.1,309,2024-08-14
19.6,76,1.4,11.9,349,2024-08-15
20.2,71,0.0,10.1,347,2024-08-16
21.3,77,1.1,17.8,299,2024-08-17
20.2,87,2.1,10.5,337,2024-08-18
19.1,75,0.0,10.1,78,2024-08-19
19.5,79,1.5,16.2,312,2024-08-20
20.2,78,0.4,13.5,49,2024-08-21
19.0,79,0.0,13.8,331,2024-08-22
21.5,75,0.0,12.9,72,2024-08-23
21.0,80,0.8,26.7,321,2024-08-24
19.3,74,0.6,12.4,4,2024-08-25
19.2,69,0.0,13.2,60,2024-08-26
20.9,72,0.0,14.8,309,2024-08-27
21.2,77,9.2,15.5,360,2024-08-28
20.2,92,7.1,8.7,46,2024-08-29
20.8,90,1.3,10.2,4,2024-08-30
22.3,90,9.2,8.7,115,2024-08-31
21.4,87,3.1,13.0,340,2024-09-01
19.5,94,8.8,12.9,322,2024-09-02
18.2,91,6.1,13.1,304,2024-09-03
17.5,90,13.7,13.9,310,2024-09-04
15.1,93,8.9,11.0,266,2024-09-05
16.0,85,13.8,14.2,100,2024-09-06
16.0,83,0.5,13.9,312,2024-09-07
16.2,83,1.6,15.3,310,2024-09-08
17.1,85,1.9,18.5,279,2024-09-09
17.5,86,2.0,12.5,314,2024-09-10
17.2,83,3.5,18.4,282,2024-09-11
15.3,99,19.2,15.5,315,2024-09-12
14.4,82,2.0,14.0,40,2024-09-13
13.5,76,0.0,13.8,89,2024-09-14
13.4,79,0.0,10.8,2,2024-09-15
13.8,83,0.0,12.3,7,2024-09-16
15.5,84,0.4,14.8,9,2024-09-17
16.3,87,0.1,10.6,120,2024-09-18
18.8,83,0.0,11.4,133,2024-09-19
18.7,84,3.6,12.6,177,2024-09-20
17.8,93,30.8,13.8,163,2024-09-21
17.2,89,6.3,13.4,293,2024-09-22
16.2,84,0.4,14.7,294,2024-09-23
17.0,81,2.4,8.9,205,2024-09-24
20.9,69,0.4,26.9,205,2024-09-25
19.5,85,12.9,24.1,285,2024-09-26
14.7,81,1.7,24.5,284,2024-09-27
13.3,84,3.2,11.9,343,2024-09-28
16.5,67,0.0,13.9,180,2024-09-29
17.5,82,0.0,9.4,101,2024-09-30
18.7,87,22.6,13.5,270,2024-10-01
16.1,99,29.6,12.0,25,2024-10-02
14.8,88,1.3,12.5,328,2024-10-03
13.2,87,0.0,10.2,101,2024-10-04
17.2,81,2.9,16.2,179,2024-10-05
20.8,81,3.9,20.7,218,2024-10-06
18.8,85,14.0,17.3,194,2024-10-07
19.1,62,0.7,20.5,213,2024-10-08
19.8,73,26.0,40.7,210,2024-10-09
14.6,86,3.5,13.1,282,2024-10-10
16.0,76,0.2,17.0,155,2024-10-11
19.9,69,0.1,20.4,171,2024-10-12
19.4,79,0.0,11.9,181,2024-10-13
20.0,85,0.2,9.5,96,2024-10-14
21.1,79,0.7,20.7,156,2024-10-15
19.5,81,7.9,21.3,181,2024-10-16
14.3,97,34.5,23.3,298,2024-10-17
14.4,85,5.8,13.3,278,2024-10-18
16.8,85,0.2,11.8,172,2024-10-19
19.5,75,0.0,13.5,193,2024-10-20
17.0,82,0.4,19.5,231,2024-10-21
15.4,91,1.6,10.3,15,2024-10-22
15.4,84,0.0,10.8,158,2024-10-23
18.7,73,0.0,18.0,174,2024-10-24
14.4,87,9.3,16.8,287,2024-10-25
10.6,95,11.3,6.4,216,2024-10-26
12.1,93,23.4,7.9,224,2024-10-27
11.9,92,0.1,8.6,90,2024-10-28
14.5,90,0.0,9.8,87,2024-10-29
14.9,92,0.5,13.4,98,2024-10-30
16.5,86,0.0,17.1,127,2024-10-31
17.7,79,0.0,11.1,162,2024-11-01
15.3,90,0.0,6.9,171,2024-11-02
17.4,79,0.0,14.3,163,2024-11-03
18.3,75,0.0,14.3,166,2024-11-04
18.0,80,0.0,12.8,180,2024-11-05
15.9,87,0.0,7.3,118,2024-11-06
15.5,84,0.0,12.0,168,2024-11-07
16.3,80,0.0,11.5,179,2024-11-08
14.3,87,9.7,14.5,272,2024-11-09
13.7,86,1.8,10.2,245,2024-11-10
13.9,91,3.6,15.5,356,2024-11-11
11.4,87,6.7,18.3,5,2024-11-12
8.6,88,0.7,16.0,79,2024-11-13
8.2,91,0.0,8.5,108,2024-11-14
11.2,88,0.0,8.8,163,2024-11-15
13.8,83,0.0,13.0,189,2024-11-16
11.5,94,0.0,6.4,120,2024-11-17
12.6,90,0.0,6.4,99,2024-11-18
11.5,90,0.0,11.6,235,2024-11-19
13.4,86,23.1,18.5,277,2024-11-20
14.1,80,22.1,23.4,239,2024-11-21
10.2,76,4.6,22.6,286,2024-11-22
12.8,61,0.0,26.7,177,2024-11-23
16.4,63,0.1,32.9,155,2024-11-24
14.0,83,21.2,27.9,183,2024-11-25
9.1,85,0.0,8.8,172,2024-11-26
9.9,82,0.0,9.8,175,2024-11-27
10.6,80,0.0,10.9,169,2024-11-28
13.6,67,0.0,13.1,186,2024-11-29
12.7,84,0.0,12.6,174,2024-11-30
15.1,76,0.0,12.0,184,2024-12-01
11.7,91,5.4,10.9,253,2024-12-02
11.0,92,2.0,4.9,207,2024-12-03
10.3,89,4.2,8.3,73,2024-12-04
11.6,80,0.1,10.7,190,2024-12-05
14.6,94,17.9,12.0,267,2024-12-06
11.5,89,13.3,30.4,288,2024-12-07
8.2,87,22.4,30.7,306,2024-12-08
7.9,91,11.7,17.4,313,2024-12-09
6.9,93,4.4,8.8,344,2024-12-10
5.9,92,0.8,6.2,124,2024-12-11
5.9,85,0.0,6.6,113,2024-12-12
6.3,87,0.1,10.6,177,2024-12-13
5.8,91,3.5,19.4,240,2024-12-14
8.1,95,14.7,7.4,271,2024-12-15
6.8,83,0.0,12.4,165,2024-12-16
9.4,63,0.0,14.7,183,2024-12-17
14.9,53,0.0,25.6,202,2024-12-18
12.8,79,9.2,29.0,254,2024-12-19
8.0,94,6.5,11.3,280,2024-12-20
9.2,89,1.9,10.0,213,2024-12-21
10.1,89,9.8,28.3,277,2024-12-22
9.7,81,4.9,23.7,337,2024-12-23
10.3,96,11.8,13.0,272,2024-12-24
11.3,95,0.8,6.3,58,2024-12-25
10.4,93,0.0,5.6,39,2024-12-26
9.3,86,0.0,7.7,182,2024-12-27
7.4,89,0.0,8.5,182,2024-12-28
7.7,91,0.0,7.3,140,2024-12-29
5.7,90,0.0,8.7,167,2024-12-30
3.9,89,0.0,7.6,177,2024-12-31
5.2,76,0.0,11.9,181,2025-01-01
7.0,70,0.0,15.7,198,2025-01-02
9.7,78,7.4,20.3,203,2025-01-03
13.0,74,1.6,22.7,204,2025-01-04
14.8,56,0.4,34.6,193,2025-01-05
11.2,76,8.7,25.4,244,2025-01-06
8.9,73,0.2,28.9,206,2025-01-07
15.2,61,6.2,27.5,208,2025-01-08
12.8,78,4.7,25.3,238,2025-01-09
13.7,79,0.3,18.8,206,2025-01-10
12.4,93,12.8,18.5,306,2025-01-11
7.7,85,1.0,10.9,33,2025-01-12
3.7,83,0.0,10.3,292,2025-01-13
3.0,88,0.0,6.1,164,2025-01-14
3.6,90,0.0,6.8,182,2025-01-15
5.6,93,0.6,11.5,78,2025-01-16
4.8,89,0.0,6.5,142,2025-01-17
2.9,85,0.0,7.0,156,2025-01-18
4.8,74,0.0,17.1,176,2025-01-19
9.1,75,2.0,17.1,182,2025-01-20
10.4,79,1.6,16.5,168,2025-01-21
12.9,77,9.0,19.7,181,2025-01-22
11.2,86,4.7,13.6,257,2025-01-23
14.9,66,0.0,35.3,195,2025-01-24
12.4,76,19.2,27.6,206,2025-01-25
11.7,66,4.0,44.8,184,2025-01-26
12.8,80,18.9,32.0,221,2025-01-27
9.8,63,8.6,25.9,237,2025-01-28
9.8,72,7.8,27.7,200,2025-01-29
8.6,87,15.1,30.4,294,2025-01-30
7.2,80,0.4,11.9,285,2025-01-31
8.4,86,7.7,16.0,307,2025-02-01
7.2,91,4.4,22.3,243,2025-02-02
7.8,89,0.1,7.5,168,2025-02-03
7.5,87,0.0,9.1,183,2025-02-04
7.2,87,0.0,9.6,98,2025-02-05
7.0,90,0.0,7.6,143,2025-02-06
7.2,86,9.3,20.4,195,2025-02-07
5.6,86,3.2,13.1,230,2025-02-08
9.8,87,2.6,13.8,177,2025-02-09
11.3,83,1.0,11.9,178,2025-02-10
12.8,73,0.0,18.0,168,2025-02-11
11.0,87,14.4,15.1,265,2025-02-12
9.3,92,1.7,8.4,189,2025-02-13
12.3,88,0.0,14.5,110,2025-02-14
12.4,79,0.0,13.9,167,2025-02-15
13.3,74,0.0,13.1,206,2025-02-16
12.7,89,0.4,11.7,76,2025-02-17
13.5,75,0.0,14.6,161,2025-02-18
14.0,76,0.0,14.3,179,2025-02-19
14.4,74,0.0,16.4,194,2025-02-20
15.2,70,0.1,21.8,167,2025-02-21
11.4,85,10.7,9.4,298,2025-02-22
11.0,75,0.0,9.0,177,2025-02-23
14.3,61,0.5,19.7,201,2025-02-24
11.1,83,10.4,25.1,277,2025-02-25
9.2,80,1.3,10.8,233,2025-02-26
8.4,83,0.0,9.4,94,2025-02-27
8.0,87,0.4,11.5,49,2025-02-28
7.2,78,0.1,13.5,14,2025-03-01
7.6,72,0.0,14.8,87,2025-03-02
10.3,80,1.4,17.9,112,2025-03-03
12.0,85,0.2,13.1,94,2025-03-04
13.4,69,0.0,18.8,133,2025-03-05
14.5,64,27.7,24.7,160,2025-03-06
15.4,64,0.0,27.4,154,2025-03-07
15.3,70,8.0,28.9,144,2025-03-08
12.3,62,0.2,20.4,182,2025-03-09
11.6,66,0.0,14.8,168,2025-03-10
11.2,87,9.4,14.7,216,2025-03-11
9.6,91,11.1,15.4,283,2025-03-12
7.7,89,6.8,11.3,310,2025-03-13
5.8,89,7.8,11.9,313,2025-03-14
4.6,90,4.4,12.9,270,2025-03-15
4.7,86,2.7,14.5,265,2025-03-16
6.8,76,0.0,12.5,127,2025-03-17
10.9,68,0.8,21.4,156,2025-03-18
15.0,66,0.0,24.7,152,2025-03-19
16.9,64,0.0,39.2,154,2025-03-20
16.1,63,8.2,32.0,185,2025-03-21
11.3,73,6.8,21.3,224,2025-03-22
9.9,75,2.9,17.1,282,2025-03-23
9.4,97,29.3,16.4,286,2025-03-24
10.8,93,3.4,14.1,308,2025-03-25
10.7,87,2.5,12.9,330,2025-03-26
10.4,87,2.6,13.2,326,2025-03-27
10.7,85,3.0,19.8,301,2025-03-28
10.6,78,5.6,21.1,341,2025-03-29
10.5,72,0.0,13.1,10,2025-03-30
10.3,83,0.0,12.9,85,2025-03-31
12.8,81,0.0,11.0,292,2025-04-01
12.7,79,3.4,22.6,139,2025-04-02
14.4,74,2.6,24.4,157,2025-04-03
16.9,64,0.3,24.7,148,2025-04-04
16.3,69,4.2,21.1,193,2025-04-05
13.8,85,0.2,11.8,0,2025-04-06
14.7,83,0.0,9.6,10,2025-04-07
14.5,80,0.0,9.1,55,2025-04-08
15.0,85,0.0,10.5,343,2025-04-09
14.5,81,0.0,16.6,79,2025-04-10
17.0,70,0.4,18.2,156,2025-04-11
15.7,84,17.9,18.5,209,2025-04-12
13.4,93,7.4,9.5,346,2025-04-13
14.3,76,0.0,22.0,189,2025-04-14
11.1,79,8.7,21.3,282,2025-04-15
9.8,74,1.6,22.3,247,2025-04-16
10.6,77,0.2,12.9,36,2025-04-17
16.0,69,2.8,24.4,188,2025-04-18
12.2,77,12.9,16.9,209,2025-04-19
11.6,84,4.1,18.9,272,2025-04-20
12.6,88,1.5,11.4,296,2025-04-21
12.4,84,8.4,12.7,326,2025-04-22
12.1,82,0.2,20.5,285,2025-04-23
14.4,84,0.2,10.4,357,2025-04-24
14.8,86,3.0,14.5,14,2025-04-25
12.7,94,17.0,23.1,302,2025-04-26
13.3,87,5.4,14.9,322,2025-04-27
15.0,82,0.0,14.2,108,2025-04-28
18.9,59,0.0,21.3,143,2025-04-29
20.0,53,0.1,23.0,149,2025-04-30
18.9,66,4.4,21.9,150,2025-05-01
16.5,82,9.2,16.7,140,2025-05-02
18.3,74,0.3,18.6,188,2025-05-03
14.8,91,13.8,12.1,303,2025-05-04
13.4,84,7.1,16.5,330,2025-05-05
10.9,80,2.9,13.5,312,2025-05-06
11.9,79,0.5,11.8,56,2025-05-07
12.0,81,0.1,11.1,48,2025-05-08
12.4,88,0.7,12.9,71,2025-05-09
13.6,91,23.1,12.5,178,2025-05-10
13.0,82,3.7,12.7,259,2025-05-11
13.6,80,1.4,15.8,221,2025-05-12
14.1,87,3.3,10.6,52,2025-05-13
14.5,94,7.8,13.6,324,2025-05-14
14.6,90,8.6,23.0,309,2025-05-15
14.9,84,0.4,17.7,310,2025-05-16
15.5,82,0.0,9.9,76,2025-05-17
18.7,80,0.8,10.9,129,2025-05-18
15.7,87,5.3,20.9,289,2025-05-19
15.4,82,1.0,16.2,300,2025-05-20
14.2,86,1.2,21.2,298,2025-05-21
14.5,86,6.5,16.9,317,2025-05-22
13.6,84,0.8,13.2,331,2025-05-23
14.2,82,0.0,8.7,49,2025-05-24
15.0,83,0.0,14.1,326,2025-05-25
16.1,85,1.3,10.8,34,2025-05-26
16.0,79,0.0,12.1,78,2025-05-27
16.4,81,0.0,11.1,16,2025-05-28
20.6,76,0.0,12.0,85,2025-05-29
22.8,76,0.2,13.2,43,2025-05-30
19.4,84,0.0,11.9,358,2025-05-31
17.6,84,0.6,12.8,347,2025-06-01
16.1,91,4.2,15.0,42,2025-06-02
15.7,94,4.4,12.1,355,2025-06-03
15.6,90,0.9,16.6,315,2025-06-04
18.6,76,0.0,11.6,133,2025-06-05
18.9,81,1.1,13.1,31,2025-06-06
17.1,83,0.7,12.5,335,2025-06-07
17.6,80,1.0,11.6,21,2025-06-08
18.6,84,0.0,10.3,59,2025-06-09
22.0,86,0.0,10.1,357,2025-06-10
23.5,78,9.0,15.6,174,2025-06-11
21.9,77,0.0,10.8,23,2025-06-12
22.0,81,0.0,17.0,303,2025-06-13
18.2,90,3.3,14.0,338,2025-06-14
17.7,85,3.2,11.5,8,2025-06-15
19.6,78,0.0,13.6,61,2025-06-16
20.7,76,0.0,11.4,54,2025-06-17
22.5,71,0.0,12.0,81,2025-06-18
25.4,74,0.0,15.8,313,2025-06-19
27.4,68,0.0,10.5,117,2025-06-20
21.9,82,0.0,14.5,352,2025-06-21
21.2,82,0.1,12.4,17,2025-06-22
21.6,82,0.3,11.8,47,2025-06-23
27.0,70,0.0,7.0,132,2025-06-24
22.5,82,6.5,18.6,318,2025-06-25
20.9,79,0.8,12.2,15,2025-06-26
22.3,78,0.0,11.6,69,2025-06-27
24.2,75,0.0,13.8,57,2025-06-28
27.1,64,0.0,13.2,76,2025-06-29
27.0,69,0.0,13.5,356,2025-06-30
23.9,82,0.0,15.1,357,2025-07-01
21.5,83,0.4,15.7,337,2025-07-02
21.3,78,0.4,13.9,338,2025-07-03
23.0,79,0.0,12.1,15,2025-07-04
23.0,76,0.0,14.8,334,2025-07-05
21.1,79,0.3,18.9,308,2025-07-06
19.1,85,10.8,21.0,311,2025-07-07
19.2,74,0.1,12.5,5,2025-07-08
19.8,74,0.0,12.7,64,2025-07-09
22.2,65,0.0,14.3,72,2025-07-10
22.5,71,14.2,13.3,344,2025-07-11
21.0,89,1.7,12.2,329,2025-07-12
20.4,87,0.3,13.5,352,2025-07-13
20.0,89,0.6,12.3,336,2025-07-14
20.1,83,0.5,9.3,359,2025-07-15
20.6,85,0.0,9.6,76,2025-07-16
21.6,86,0.1,13.4,337,2025-07-17
21.5,81,0.4,13.0,327,2025-07-18
20.7,81,1.2,15.7,335,2025-07-19
19.8,78,1.2,17.1,319,2025-07-20
19.2,76,0.0,16.8,310,2025-07-21
20.5,77,0.0,12.0,53,2025-07-22
19.1,85,3.8,20.5,306,2025-07-23
18.1,83,4.4,15.8,316,2025-07-24
18.3,82,0.9,16.7,313,2025-07-25
18.8,81,0.5,12.2,336,2025-07-26
19.8,80,0.2,15.9,322,2025-07-27
19.1,85,3.6,14.9,331,2025-07-28
18.9,82,3.2,16.4,325,2025-07-29
19.4,86,3.2,12.9,320,2025-07-30
19.9,83,2.0,13.0,343,2025-07-31
19.9,79,0.5,13.1,345,2025-08-01
20.5,77,0.1,13.4,0,2025-08-02
19.7,75,0.0,12.8,59,2025-08-03
22.0,70,0.0,12.9,332,2025-08-04
21.0,78,0.2,13.8,350,2025-08-05
22.4,77,0.1,11.0,51,2025-08-06
22.1,74,0.0,12.9,350,2025-08-07
22.9,73,0.0,11.5,16,2025-08-08
22.1,76,0.0,14.7,351,2025-08-09
25.8,72,0.0,11.0,75,2025-08-10
26.7,65,0.0,17.6,345,2025-08-11
27.3,63,0.1,14.6,140,2025-08-12
24.6,71,0.1,15.1,337,2025-08-13
24.1,82,0.0,11.5,37,2025-08-14
29.2,65,0.0,11.4,136,2025-08-15
24.2,79,0.0,12.6,358,2025-08-16
23.1,84,0.0,15.4,338,2025-08-17
21.1,84,0.8,12.9,321,2025-08-18
19.1,89,6.9,13.0,311,2025-08-19
18.6,88,11.8,18.9,286,2025-08-20
18.7,91,18.7,17.8,297,2025-08-21
18.9,83,0.8,10.2,329,2025-08-22
19.1,82,0.0,12.1,93,2025-08-23
21.5,83,0.0,7.6,72,2025-08-24
21.5,88,0.0,11.9,336,2025-08-25
21.1,86,0.6,12.5,336,2025-08-26
19.5,90,2.5,13.1,325,2025-08-27
18.4,79,1.3,18.7,300,2025-08-28
19.1,72,2.2,24.9,269,2025-08-29
21.0,81,1.1,14.9,2,2025-08-30
17.7,92,5.2,13.9,269,2025-08-31
16.7,81,0.7,19.5,271,2025-09-01
18.8,75,0.0,17.2,224,2025-09-02
21.5,67,0.0,20.0,219,2025-09-03
19.3,78,2.5,16.2,326,2025-09-04
18.9,77,0.0,17.8,84,2025-09-05
25.7,60,0.0,21.6,160,2025-09-06
24.5,59,0.0,21.0,186,2025-09-07
17.5,90,5.9,12.0,318,2025-09-08
16.6,84,1.5,8.0,334,2025-09-09
16.3,89,8.4,17.5,240,2025-09-10
18.9,78,0.3,16.7,278,2025-09-11
18.2,86,2.7,12.4,17,2025-09-12
18.1,80,0.0,14.4,348,2025-09-13
19.8,76,0.0,13.4,257,2025-09-14
18.7,87,0.5,16.7,335,2025-09-15
18.8,81,0.4,12.7,85,2025-09-16
18.7,82,0.0,11.6,341,2025-09-17
22.2,80,0.0,8.1,79,2025-09-18
24.1,74,2.2,13.9,177,2025-09-19
22.3,74,5.5,19.3,278,2025-09-20
14.8,92,10.4,16.2,296,2025-09-21
13.3,82,5.2,24.6,274,2025-09-22
13.0,90,7.8,9.9,305,2025-09-23
12.6,87,1.6,8.4,275,2025-09-24
12.5,85,0.4,9.7,274,2025-09-25
13.0,83,0.3,9.1,120,2025-09-26
16.7,77,0.0,8.8,167,2025-09-27
17.6,84,0.0,14.9,306,2025-09-28
16.5,84,1.0,12.5,333,2025-09-29
15.2,83,0.3,10.5,74,2025-09-30
14.4,83,0.0,10.7,98,2025-10-01
16.0,79,0.0,6.8,116,2025-10-02
17.7,79,0.0,7.9,330,2025-10-03
16.1,90,2.8,15.9,312,2025-10-04
13.9,88,3.1,11.4,322,2025-10-05
13.6,84,0.0,12.6,102,2025-10-06
15.8,75,0.0,7.7,173,2025-10-07
16.4,83,0.3,14.3,318,2025-10-08
16.3,89,2.3,13.8,324,2025-10-09
15.1,85,1.6,9.4,310,2025-10-10
14.2,85,0.0,10.7,103,2025-10-11
16.6,81,0.0,12.0,114,2025-10-12
18.1,80,0.1,9.2,122,2025-10-13
16.8,87,0.0,9.8,325,2025-10-14
16.5,88,0.0,9.5,72,2025-10-15
16.0,88,0.0,9.3,60,2025-10-16
17.3,86,0.0,9.2,75,2025-10-17
17.4,79,0.0,9.3,171,2025-10-18
20.3,57,2.9,26.3,180,2025-10-19
16.8,84,6.8,12.9,219,2025-10-20
18.7,78,3.3,21.4,228,2025-10-21
20.6,71,0.3,22.9,220,2025-10-22
16.1,70,20.5,34.6,282,2025-10-23
12.3,76,0.0,9.0,201,2025-10-24
13.3,86,2.5,17.9,245,2025-10-25
11.9,85,3.4,16.8,288,2025-10-26
11.2,82,0.0,10.1,214,2025-10-27
12.8,80,0.0,11.0,153,2025-10-28
16.3,72,7.3,16.2,201,2025-10-29
15.8,78,0.1,18.2,195,2025-10-30
18.8,56,0.1,26.8,194,2025-10-31
16.7,83,5.0,25.8,198,2025-11-01
13.8,83,0.1,14.1,229,2025-11-02
13.8,78,0.0,12.2,160,2025-11-03
16.8,54,0.0,21.8,171,2025-11-04
18.6,60,1.0,28.2,153,2025-11-05
14.7,72,4.4,21.5,217,2025-11-06
13.0,83,5.3,16.5,203,2025-11-07
12.0,92,11.5,19.7,290,2025-11-08
10.8,87,0.1,8.2,162,2025-11-09
13.6,69,0.0,14.8,198,2025-11-10
16.4,63,0.0,20.9,173,2025-11-11
18.3,55,0.0,27.0,153,2025-11-12
19.1,57,0.0,23.8,149,2025-11-13
18.7,57,1.7,35.8,178,2025-11-14
16.3,59,3.2,21.8,187,2025-11-15
15.1,65,0.0,19.3,209,2025-11-16
11.0,91,8.2,14.5,3,2025-11-17
9.7,75,0.0,11.6,63,2025-11-18
8.0,87,8.6,16.8,250,2025-11-19
6.4,97,18.4,14.9,261,2025-11-20
4.6,94,12.8,9.7,238,2025-11-21
6.0,81,0.8,14.1,196,2025-11-22
11.4,75,3.6,18.3,213,2025-11-23
12.5,85,26.3,27.1,248,2025-11-24
8.6,91,36.9,20.3,274,2025-11-25
8.2,85,11.7,13.6,291,2025-11-26
8.8,85,0.0,7.0,174,2025-11-27
9.0,92,0.0,5.2,168,2025-11-28
9.2,83,1.1,12.6,197,2025-11-29
9.1,92,20.2,15.4,285,2025-11-30
7.1,76,0.0,23.1,191,2025-12-01
9.2,79,3.4,23.6,212,2025-12-02
6.7,91,2.7,10.5,204,2025-12-03
9.5,85,11.1,19.5,238,2025-12-04
11.3,82,10.2,19.3,206,2025-12-05
15.0,84,1.5,20.5,208,2025-12-06
15.9,67,0.0,20.2,208,2025-12-07
14.0,66,0.0,19.5,194,2025-12-08
15.9,52,0.9,29.3,191,2025-12-09
12.2,93,9.0,10.6,199,2025-12-10
11.7,86,0.2,17.5,167,2025-12-11
11.3,79,0.0,12.3,170,2025-12-12
8.5,92,0.0,8.0,121,2025-12-13
8.6,86,0.0,14.2,183,2025-12-14
12.5,74,0.0,20.8,171,2025-12-15
11.1,89,0.4,12.0,188,2025-12-16
10.6,87,0.0,12.2,171,2025-12-17
14.7,61,0.0,24.2,181,2025-12-18
11.6,89,11.5,19.1,234,2025-12-19
10.6,84,0.2,15.4,180,2025-12-20
7.3,88,6.2,15.3,197,2025-12-21
5.4,87,12.2,14.2,185,2025-12-22
7.0,93,5.2,13.1,239,2025-12-23
8.4,93,1.3,12.5,352,2025-12-24
5.5,78,0.2,10.4,26,2025-12-25
4.1,91,2.8,4.5,130,2025-12-26
7.3,94,0.3,8.1,119,2025-12-27
8.5,88,0.0,11.9,128,2025-12-28
6.8,92,0.0,6.3,180,2025-12-29
7.2,94,0.6,7.2,257,2025-12-30
7.0,85,0.0,7.6,336,2025-12-31
4.3,83,0.0,12.6,182,2026-01-01
6.6,88,0.9,10.2,127,2026-01-02
6.3,97,7.7,10.8,59,2026-01-03
3.6,77,0.0,12.3,47,2026-01-04
2.8,78,0.0,8.9,170,2026-01-05
3.1,86,10.3,23.6,315,2026-01-06
4.3,88,4.3,15.1,201,2026-01-07
9.7,78,0.5,27.6,210,2026-01-08
8.4,88,10.5,28.1,276,2026-01-09
7.3,91,8.7,18.9,277,2026-01-10
7.7,84,0.0,17.2,183,2026-01-11
13.9,63,0.0,25.3,195,2026-01-12
13.0,59,0.0,27.2,178,2026-01-13
11.6,72,0.0,17.6,208,2026-01-14
9.6,76,2.7,29.5,194,2026-01-15
9.0,79,0.0,13.7,186,2026-01-16
6.4,96,11.6,9.2,223,2026-01-17
8.4,95,8.4,10.1,241,2026-01-18
8.9,85,0.1,9.4,259,2026-01-19
7.1,78,0.0,21.0,191,2026-01-20
12.0,66,10.4,33.3,190,2026-01-21
9.2,76,0.5,27.6,203,2026-01-22
9.8,64,4.3,27.3,209,2026-01-23
7.3,73,1.6,20.3,235,2026-01-24
8.1,79,19.5,23.9,236,2026-01-25
9.2,82,9.4,22.7,206,2026-01-26
11.1,83,17.2,32.9,175,2026-01-27
6.9,80,2.8,16.3,187,2026-01-28
11.6,70,10.9,18.3,210,2026-01-29
9.7,78,10.5,27.1,209,2026-01-30
8.2,79,9.7,21.7,260,2026-01-31
9.7,81,0.1,13.3,183,2026-02-01
12.2,70,4.3,23.0,172,2026-02-02
10.5,59,0.2,22.9,206,2026-02-03
10.9,71,3.7,22.5,183,2026-02-04
12.4,75,15.5,25.7,196,2026-02-05
11.9,63,0.0,23.1,215,2026-02-06
10.9,56,0.0,22.1,200,2026-02-07
9.4,84,9.7,19.7,246,2026-02-08
10.4,82,10.9,17.7,193,2026-02-09
14.2,88,33.0,23.0,224,2026-02-10
13.5,80,13.8,23.8,210,2026-02-11
13.0,59,2.5,28.3,282,2026-02-12
10.6,82,13.7,38.0,246,2026-02-13
8.1,89,20.1,32.0,306,2026-02-14
9.8,73,1.0,14.5,216,2026-02-15
11.5,93,37.1,18.4,243,2026-02-16
11.7,93,9.4,13.5,285,2026-02-17
11.3,80,14.1,30.2,215,2026-02-18
8.9,75,8.0,27.8,275,2026-02-19
9.3,83,3.1,13.3,289,2026-02-20
8.1,83,0.0,8.1,122,2026-02-21
9.4,85,0.0,11.7,203,2026-02-22
11.5,86,0.0,6.2,119,2026-02-23
14.3,62,0.0,17.5,177,2026-02-24
15.1,62,0.0,15.4,181,2026-02-25
13.6,74,0.0,8.8,171,2026-02-26
12.0,81,1.9,13.3,234,2026-02-27
10.0,85,1.4,10.8,311,2026-02-28
9.5,76,0.0,15.6,166,2026-03-01
13.7,62,0.0,19.9,157,2026-03-02
14.2,71,0.0,16.5,154,2026-03-03
13.6,73,0.0,15.4,145,2026-03-04
13.5,79,2.7,14.9,305,2026-03-05
10.5,99,34.0,21.5,314,2026-03-06
11.1,90,29.2,23.4,301,2026-03-07
10.9,86,0.1,10.3,149,2026-03-08
10.5,86,1.3,10.6,195,2026-03-09
11.0,87,0.7,8.7,327,2026-03-10
10.2,93,6.1,14.5,237,2026-03-11
12.7,84,0.0,11.8,51,2026-03-12
11.8,81,6.5,13.5,267,2026-03-13
8.0,98,39.0,18.7,282,2026-03-14
9.1,83,4.5,20.0,325,2026-03-15
11.1,87,2.3,8.7,45,2026-03-16
13.8,73,0.0,8.0,156,2026-03-17
15.3,66,0.0,10.6,188,2026-03-18
14.1,68,0.0,15.8,155,2026-03-19
13.8,60,0.0,14.0,143,2026-03-20
11.8,65,0.0,11.0,184,2026-03-21
9.9,83,0.2,17.8,304,2026-03-22
10.7,83,1.1,11.3,338,2026-03-23
10.4,79,0.0,9.2,111,2026-03-24
9.2,89,4.2,19.4,311,2026-03-25
9.3,72,3.6,17.5,348,2026-03-26
9.3,78,1.5,17.0,349,2026-03-27
8.3,85,5.1,18.2,321,2026-03-28
8.6,69,4.3,22.0,354,2026-03-29
9.7,83,5.8,21.1,310,2026-03-30
11.2,82,2.8,19.4,342,2026-03-31
11.5,89,7.4,20.4,329,2026-04-01
10.3,91,7.5,20.1,324,2026-04-02
11.3,80,0.9,8.2,297,2026-04-03
15.0,73,0.0,8.4,166,2026-04-04
13.5,79,0.0,11.0,25,2026-04-05
17.9,67,0.0,20.4,156,2026-04-06
19.2,46,0.0,20.7,150,2026-04-07
18.1,65,0.0,11.4,103,2026-04-08
15.3,83,0.0,14.1,329,2026-04-09
16.9,82,0.0,8.5,73,2026-04-10
12.1,93,6.6,20.1,329,2026-04-11
10.1,80,1.2,14.9,328,2026-04-12
9.6,86,4.1,17.0,305,2026-04-13
12.2,81,0.6,16.8,245,2026-04-14
14.5,86,0.6,12.7,39,2026-04-15
15.1,86,0.1,13.4,48,2026-04-16
14.6,88,0.0,12.6,350,2026-04-17
14.4,87,0.5,11.4,31,2026-04-18
15.9,88,14.2,9.3,59,2026-04-19
17.6,87,0.2,10.2,309,2026-04-20
19.6,80,0.1,16.3,148,2026-04-21
16.3,77,0.0,17.5,310,2026-04-22
17.0,77,0.0,13.1,131,2026-04-23
17.8,67,0.5,16.4,213,2026-04-24
15.1,84,0.0,12.2,325,2026-04-25
15.7,84,0.0,10.9,7,2026-04-26
15.3,89,1.1,11.0,37,2026-04-27
16.8,86,0.7,13.8,1,2026-04-28
17.3,86,17.5,15.0,157,2026-04-29
17.2,79,1.0,14.6,150,2026-04-30
18.2,84,3.4,9.1,106,2026-05-01
17.8,81,7.7,18.2,166,2026-05-02
15.9,89,24.3,11.6,211,2026-05-03
13.0,92,7.7,11.7,301,2026-05-04
11.8,86,7.8,15.1,287,2026-05-05
11.5,89,2.6,14.1,288,2026-05-06
