Temperature,Humidity,Precipitation,WindSpeed,WindDirection,Date
6.8,85,0.0,8.0,176,2015-01-01
8.7,81,0.0,8.9,207,2015-01-02
9.3,80,0.0,13.0,215,2015-01-03
10.1,88,0.0,8.7,219,2015-01-04
9.5,85,0.0,13.9,170,2015-01-05
9.6,86,0.0,10.2,224,2015-01-06
9.0,86,0.0,10.5,186,2015-01-07
9.0,81,0.3,15.3,208,2015-01-08
11.0,79,0.0,14.1,202,2015-01-09
9.8,86,0.0,11.8,229,2015-01-10
10.4,86,4.1,17.4,313,2015-01-11
8.5,76,0.0,21.0,189,2015-01-12
12.3,64,0.3,27.6,203,2015-01-13
10.5,76,1.7,22.5,198,2015-01-14
11.6,67,5.2,32.6,203,2015-01-15
7.9,82,12.0,29.8,273,2015-01-16
7.6,74,4.2,21.3,263,2015-01-17
8.7,65,5.2,23.5,200,2015-01-18
7.2,76,10.1,29.3,324,2015-01-19
6.3,78,0.8,9.7,226,2015-01-20
6.9,84,8.8,28.6,268,2015-01-21
7.2,87,18.8,27.6,306,2015-01-22
7.1,80,3.6,13.3,337,2015-01-23
7.6,81,1.5,20.3,296,2015-01-24
7.2,77,0.4,15.5,31,2015-01-25
7.5,78,0.0,11.3,307,2015-01-26
9.5,83,4.1,17.7,316,2015-01-27
9.7,82,0.7,15.1,275,2015-01-28
11.9,79,4.9,34.7,260,2015-01-29
9.4,90,49.5,40.1,296,2015-01-30
6.9,87,18.5,32.7,287,2015-01-31
5.2,90,24.3,35.1,300,2015-02-01
7.6,77,4.3,16.9,227,2015-02-02
5.9,86,17.9,31.8,352,2015-02-03
3.5,87,18.7,25.6,2,2015-02-04
4.4,85,15.4,26.2,4,2015-02-05
2.8,85,13.5,18.0,9,2015-02-06
3.6,79,4.1,13.3,28,2015-02-07
4.7,78,1.7,18.9,12,2015-02-08
5.7,72,0.0,21.4,56,2015-02-09
6.1,77,0.0,12.0,158,2015-02-10
7.9,72,0.0,15.5,180,2015-02-11
9.0,72,0.0,14.9,191,2015-02-12
9.4,75,4.1,24.6,211,2015-02-13
9.4,84,10.6,17.4,219,2015-02-14
10.3,88,12.0,13.9,287,2015-02-15
9.6,89,11.1,30.2,289,2015-02-16
8.3,83,11.9,27.0,355,2015-02-17
7.6,74,0.9,13.5,35,2015-02-18
8.2,77,0.0,14.4,187,2015-02-19
9.1,78,4.2,19.5,197,2015-02-20
8.4,86,22.8,29.8,301,2015-02-21
8.8,84,12.9,25.8,316,2015-02-22
10.2,86,9.2,29.5,270,2015-02-23
7.4,84,14.4,32.0,289,2015-02-24
9.9,93,25.7,33.3,296,2015-02-25
11.4,92,17.4,25.1,297,2015-02-26
8.8,80,10.4,26.7,331,2015-02-27
10.1,84,7.3,13.1,231,2015-02-28
13.8,84,2.9,13.3,207,2015-03-01
12.5,92,8.4,10.7,295,2015-03-02
11.2,92,7.3,12.2,49,2015-03-03
8.9,83,9.8,21.6,343,2015-03-04
8.2,66,0.3,17.3,38,2015-03-05
9.6,69,0.0,13.0,93,2015-03-06
11.7,78,0.0,12.7,188,2015-03-07
11.3,79,0.0,12.4,298,2015-03-08
10.3,82,0.0,9.8,117,2015-03-09
10.9,86,0.0,10.5,80,2015-03-10
10.7,88,0.0,14.1,315,2015-03-11
11.0,85,0.1,13.8,17,2015-03-12
10.0,76,2.7,26.5,303,2015-03-13
7.7,86,14.3,26.2,307,2015-03-14
7.2,85,5.7,14.8,319,2015-03-15
8.3,76,0.0,18.8,148,2015-03-16
11.5,60,0.0,18.0,153,2015-03-17
11.4,74,0.5,11.1,134,2015-03-18
11.0,87,2.5,14.6,12,2015-03-19
9.5,84,0.7,15.9,348,2015-03-20
9.1,87,8.0,18.1,5,2015-03-21
9.1,86,8.9,23.2,25,2015-03-22
6.8,90,17.6,8.6,297,2015-03-23
8.5,91,14.9,22.8,327,2015-03-24
7.3,82,12.1,22.6,330,2015-03-25
9.6,86,12.9,21.7,290,2015-03-26
11.0,91,8.0,20.1,301,2015-03-27
12.2,88,2.3,15.7,297,2015-03-28
13.4,79,0.0,15.8,277,2015-03-29
13.7,77,0.3,22.7,289,2015-03-30
12.6,86,2.3,18.6,296,2015-03-31
10.7,78,2.2,14.8,356,2015-04-01
9.8,77,0.0,11.5,90,2015-04-02
10.3,86,0.0,13.1,16,2015-04-03
10.5,84,1.4,16.0,326,2015-04-04
10.7,81,0.5,18.6,46,2015-04-05
10.6,68,0.0,18.9,63,2015-04-06
12.0,71,0.0,16.4,76,2015-04-07
14.2,55,0.0,23.1,150,2015-04-08
14.8,56,2.1,19.0,163,2015-04-09
13.4,77,7.5,16.2,176,2015-04-10
12.6,89,0.4,13.3,65,2015-04-11
14.2,82,0.0,13.2,126,2015-04-12
16.8,62,0.0,15.9,142,2015-04-13
18.1,57,0.0,17.7,143,2015-04-14
17.8,49,1.1,19.1,167,2015-04-15
14.6,76,4.5,10.9,194,2015-04-16
13.3,91,6.4,12.8,63,2015-04-17
13.8,85,4.8,14.3,69,2015-04-18
12.7,76,0.2,17.1,286,2015-04-19
13.1,84,0.0,15.2,83,2015-04-20
14.9,80,0.0,15.9,117,2015-04-21
17.5,65,3.9,22.2,179,2015-04-22
14.4,78,0.9,15.2,16,2015-04-23
15.4,83,0.0,9.1,129,2015-04-24
16.3,77,0.1,13.3,187,2015-04-25
15.5,79,13.3,16.4,246,2015-04-26
12.9,86,5.0,22.5,302,2015-04-27
12.0,70,0.1,17.6,18,2015-04-28
12.6,77,1.0,11.6,39,2015-04-29
15.7,74,0.0,18.7,191,2015-04-30
18.3,72,5.4,21.8,219,2015-05-01
19.1,80,1.2,24.5,178,2015-05-02
19.5,68,1.4,18.4,190,2015-05-03
20.9,70,1.7,28.2,177,2015-05-04
15.3,73,10.9,37.5,283,2015-05-05
13.0,72,0.9,15.3,35,2015-05-06
16.7,72,0.5,13.2,129,2015-05-07
17.2,75,0.3,16.1,251,2015-05-08
15.7,83,0.0,14.1,75,2015-05-09
18.6,80,0.0,14.4,129,2015-05-10
17.3,90,0.0,13.8,3,2015-05-11
17.4,89,0.0,14.3,51,2015-05-12
18.0,83,0.0,14.8,40,2015-05-13
14.2,80,3.4,26.7,315,2015-05-14
13.0,81,8.1,31.1,306,2015-05-15
13.6,84,2.3,18.5,319,2015-05-16
14.3,87,1.4,12.2,14,2015-05-17
13.5,83,0.7,14.4,358,2015-05-18
12.7,73,3.5,23.7,323,2015-05-19
12.0,84,6.1,22.4,307,2015-05-20
12.4,72,1.7,17.8,335,2015-05-21
12.7,72,0.8,15.9,355,2015-05-22
13.2,73,0.0,14.8,337,2015-05-23
14.8,86,1.3,16.4,334,2015-05-24
14.8,85,1.3,18.0,324,2015-05-25
14.2,83,2.6,16.6,324,2015-05-26
15.1,83,0.0,13.9,4,2015-05-27
14.8,86,0.0,13.8,36,2015-05-28
14.4,81,0.0,11.3,9,2015-05-29
15.3,77,0.0,13.5,2,2015-05-30
16.6,79,0.0,13.4,55,2015-05-31
17.4,86,0.3,12.2,3,2015-06-01
17.8,84,0.0,13.7,47,2015-06-02
17.3,84,0.0,13.5,59,2015-06-03
21.5,77,0.3,14.1,122,2015-06-04
19.9,86,0.2,14.4,336,2015-06-05
17.1,82,1.0,14.3,25,2015-06-06
18.3,81,0.0,14.1,40,2015-06-07
18.9,84,0.0,15.6,316,2015-06-08
17.5,81,0.2,16.5,326,2015-06-09
17.2,82,6.9,16.9,101,2015-06-10
19.1,87,26.3,14.6,194,2015-06-11
16.9,87,3.9,12.9,13,2015-06-12
17.7,83,2.9,10.8,69,2015-06-13
16.9,82,5.6,10.4,321,2015-06-14
16.3,85,2.6,18.5,323,2015-06-15
16.0,78,0.3,19.7,314,2015-06-16
16.9,78,0.0,16.4,328,2015-06-17
17.2,81,0.0,13.0,344,2015-06-18
16.9,84,1.3,13.7,328,2015-06-19
17.5,80,0.0,12.5,40,2015-06-20
18.5,81,0.0,14.2,59,2015-06-21
19.2,85,0.0,13.6,57,2015-06-22
18.4,80,0.0,15.6,45,2015-06-23
18.8,78,0.0,13.7,54,2015-06-24
20.2,80,0.0,13.8,98,2015-06-25
20.9,84,0.0,18.8,325,2015-06-26
20.1,79,0.0,15.1,45,2015-06-27
20.6,84,0.0,14.5,42,2015-06-28
20.9,81,0.0,15.0,73,2015-06-29
24.7,74,0.0,15.9,187,2015-06-30
22.1,82,0.1,15.6,359,2015-07-01
20.2,83,1.6,16.6,338,2015-07-02
24.7,71,0.1,23.1,115,2015-07-03
21.6,78,0.0,20.9,39,2015-07-04
20.9,83,0.8,12.8,7,2015-07-05
21.9,79,0.0,13.6,63,2015-07-06
21.6,79,0.1,16.8,328,2015-07-07
19.4,73,2.3,15.4,346,2015-07-08
19.1,70,0.0,15.7,51,2015-07-09
21.4,75,0.0,27.7,291,2015-07-10
19.9,77,0.0,18.9,340,2015-07-11
19.8,78,0.0,16.8,56,2015-07-12
19.4,76,0.0,15.0,61,2015-07-13
19.8,78,0.0,15.3,55,2015-07-14
21.0,83,0.1,15.8,39,2015-07-15
21.8,85,0.3,19.8,356,2015-07-16
21.8,83,0.3,14.5,57,2015-07-17
22.6,84,4.6,15.5,28,2015-07-18
22.2,83,0.2,16.6,45,2015-07-19
23.5,78,0.0,16.5,64,2015-07-20
22.5,89,1.3,13.7,23,2015-07-21
21.2,86,1.9,18.7,316,2015-07-22
21.2,76,0.0,17.1,52,2015-07-23
21.4,79,1.1,25.2,304,2015-07-24
19.0,69,0.4,19.1,324,2015-07-25
21.6,69,1.0,16.0,327,2015-07-26
20.1,81,5.3,15.8,311,2015-07-27
21.0,72,0.0,12.8,330,2015-07-28
19.3,86,9.3,18.5,27,2015-07-29
17.8,71,2.8,13.8,41,2015-07-30
17.9,80,14.1,14.8,19,2015-07-31
18.7,70,0.0,14.3,6,2015-08-01
22.7,71,0.0,14.5,140,2015-08-02
21.8,82,7.7,15.2,355,2015-08-03
19.7,82,2.8,14.8,7,2015-08-04
21.6,82,0.0,17.9,338,2015-08-05
21.2,80,0.0,16.4,49,2015-08-06
20.0,84,3.7,19.0,328,2015-08-07
18.4,76,2.9,15.5,309,2015-08-08
19.4,76,0.0,17.2,313,2015-08-09
20.4,80,0.0,17.2,96,2015-08-10
21.9,86,0.5,13.7,324,2015-08-11
22.6,84,0.3,14.0,319,2015-08-12
20.4,84,16.8,22.6,296,2015-08-13
18.6,72,0.5,26.2,290,2015-08-14
17.9,84,4.6,15.2,319,2015-08-15
17.7,81,1.1,13.2,79,2015-08-16
18.4,79,1.0,13.2,14,2015-08-17
19.2,75,0.0,13.9,15,2015-08-18
19.1,75,0.0,14.1,63,2015-08-19
19.7,82,0.0,12.8,91,2015-08-20
21.9,84,0.0,13.6,307,2015-08-21
21.2,90,11.4,15.5,337,2015-08-22
20.8,69,7.5,21.7,241,2015-08-23
19.3,65,0.2,19.5,286,2015-08-24
20.0,71,0.0,16.8,134,2015-08-25
22.5,69,0.0,17.0,157,2015-08-26
24.8,65,0.0,23.9,197,2015-08-27
22.5,83,0.0,15.6,42,2015-08-28
23.3,83,0.0,15.6,348,2015-08-29
25.6,69,0.0,15.5,132,2015-08-30
22.6,82,28.5,15.2,291,2015-08-31
18.5,85,3.9,16.4,330,2015-09-01
17.8,73,0.0,12.3,31,2015-09-02
17.1,82,4.6,16.6,332,2015-09-03
16.3,79,2.7,10.8,19,2015-09-04
16.2,76,0.0,12.6,349,2015-09-05
16.9,72,0.0,14.8,58,2015-09-06
17.3,73,0.0,15.3,42,2015-09-07
17.0,77,0.0,11.8,120,2015-09-08
18.7,84,0.1,15.4,231,2015-09-09
18.4,87,2.3,10.7,337,2015-09-10
19.8,84,0.0,16.3,45,2015-09-11
19.1,81,0.9,12.1,349,2015-09-12
20.0,78,1.9,17.3,223,2015-09-13
17.0,73,6.1,19.6,299,2015-09-14
17.9,71,11.9,34.7,186,2015-09-15
22.3,60,2.3,35.9,211,2015-09-16
16.2,73,1.6,23.1,271,2015-09-17
16.2,75,0.1,13.0,286,2015-09-18
16.5,78,0.0,14.3,4,2015-09-19
16.6,83,0.0,12.6,93,2015-09-20
16.9,84,0.7,15.7,301,2015-09-21
16.7,79,4.0,28.2,293,2015-09-22
15.7,85,8.9,20.4,313,2015-09-23
17.1,83,0.1,11.6,79,2015-09-24
17.0,84,0.0,14.8,77,2015-09-25
17.3,86,0.0,16.0,62,2015-09-26
16.3,87,0.0,14.0,341,2015-09-27
16.6,87,0.0,15.3,110,2015-09-28
16.4,88,0.0,15.1,49,2015-09-29
17.9,78,1.8,15.9,107,2015-09-30
17.6,79,1.3,21.6,274,2015-10-01
15.2,80,4.6,11.2,288,2015-10-02
14.5,70,1.3,12.1,221,2015-10-03
19.1,67,0.0,27.0,177,2015-10-04
24.2,58,1.1,28.7,197,2015-10-05
19.2,71,8.9,27.5,247,2015-10-06
15.7,76,0.0,15.1,305,2015-10-07
15.2,80,0.0,11.2,44,2015-10-08
15.0,80,0.0,15.0,94,2015-10-09
17.8,73,0.0,13.3,151,2015-10-10
18.4,78,2.4,15.1,184,2015-10-11
16.3,92,6.7,16.7,343,2015-10-12
14.7,85,2.7,17.1,359,2015-10-13
12.8,66,0.0,16.8,31,2015-10-14
11.9,68,0.0,10.9,96,2015-10-15
12.1,78,0.0,15.5,101,2015-10-16
14.6,75,1.5,15.9,120,2015-10-17
17.6,85,2.0,17.8,165,2015-10-18
16.2,97,21.5,12.2,58,2015-10-19
14.2,81,8.1,21.7,9,2015-10-20
13.5,80,4.5,14.8,20,2015-10-21
14.1,77,0.0,11.2,318,2015-10-22
14.7,81,0.0,12.4,121,2015-10-23
16.9,78,0.0,17.0,181,2015-10-24
15.9,89,0.0,13.3,77,2015-10-25
18.2,70,1.2,20.9,173,2015-10-26
15.5,80,7.4,15.7,177,2015-10-27
15.3,65,1.0,20.6,208,2015-10-28
18.2,70,0.0,18.8,189,2015-10-29
19.9,68,0.0,20.9,172,2015-10-30
19.3,70,0.0,22.1,168,2015-10-31
17.6,69,0.0,17.8,160,2015-11-01
16.1,77,10.3,19.2,128,2015-11-02
16.1,72,1.0,23.8,177,2015-11-03
17.0,73,0.7,21.3,184,2015-11-04
18.2,72,2.8,17.1,195,2015-11-05
18.9,80,0.0,17.8,189,2015-11-06
18.1,78,0.0,19.8,164,2015-11-07
18.6,76,0.0,20.5,173,2015-11-08
17.1,86,0.0,10.7,166,2015-11-09
14.9,91,0.0,9.3,188,2015-11-10
14.0,93,0.0,7.3,153,2015-11-11
14.5,88,0.0,10.8,158,2015-11-12
13.9,89,0.1,8.3,269,2015-11-13
15.0,87,0.7,11.2,104,2015-11-14
13.7,82,0.0,14.3,195,2015-11-15
12.3,84,0.0,11.5,199,2015-11-16
13.6,76,0.0,17.9,196,2015-11-17
14.9,76,0.0,14.1,202,2015-11-18
15.4,83,0.0,12.7,202,2015-11-19
15.1,75,0.0,19.0,201,2015-11-20
11.3,82,32.8,34.6,313,2015-11-21
8.2,83,16.0,28.0,304,2015-11-22
8.4,76,5.7,23.0,329,2015-11-23
10.8,82,5.5,25.8,279,2015-11-24
12.7,90,20.7,36.4,302,2015-11-25
12.6,86,10.0,28.4,319,2015-11-26
12.8,86,5.4,19.4,330,2015-11-27
11.4,77,4.8,21.8,320,2015-11-28
11.3,75,0.0,10.5,223,2015-11-29
9.7,78,0.0,10.6,197,2015-11-30
8.5,83,0.0,11.3,166,2015-12-01
9.8,73,0.0,14.7,198,2015-12-02
12.1,75,0.0,19.4,188,2015-12-03
12.9,81,0.0,19.5,206,2015-12-04
12.6,85,0.0,13.5,180,2015-12-05
12.9,76,0.0,20.1,182,2015-12-06
13.4,72,0.0,24.5,183,2015-12-07
13.6,78,3.4,18.9,220,2015-12-08
12.6,84,0.0,12.8,105,2015-12-09
11.3,81,0.0,14.6,192,2015-12-10
9.9,86,0.0,12.2,184,2015-12-11
10.2,82,0.0,18.2,185,2015-12-12
11.1,75,0.0,18.4,191,2015-12-13
14.8,65,1.4,24.5,195,2015-12-14
16.9,59,0.0,27.0,199,2015-12-15
15.7,63,0.0,16.0,187,2015-12-16
15.4,53,0.0,22.0,192,2015-12-17
16.4,60,0.0,16.6,194,2015-12-18
17.8,54,0.0,28.9,192,2015-12-19
14.6,67,1.2,17.6,187,2015-12-20
11.4,76,0.4,16.3,186,2015-12-21
11.4,64,0.0,23.0,192,2015-12-22
12.0,74,1.7,18.6,186,2015-12-23
13.1,67,0.0,22.0,193,2015-12-24
13.8,69,0.0,20.6,190,2015-12-25
12.7,67,0.0,21.7,184,2015-12-26
12.5,65,0.0,23.9,178,2015-12-27
14.3,59,0.0,29.8,172,2015-12-28
12.5,72,2.5,18.0,190,2015-12-29
13.9,62,1.1,34.0,200,2015-12-30
11.8,84,6.5,10.7,71,2015-12-31
12.4,74,3.0,26.9,178,2016-01-01
10.8,78,6.7,16.7,255,2016-01-02
12.3,73,8.2,33.5,209,2016-01-03
12.1,83,8.9,19.4,234,2016-01-04
9.3,68,0.9,25.2,267,2016-01-05
10.0,68,5.3,32.4,234,2016-01-06
14.1,78,10.4,29.1,222,2016-01-07
14.5,79,7.8,32.4,225,2016-01-08
12.7,76,3.4,29.5,213,2016-01-09
12.8,82,15.4,26.4,203,2016-01-10
12.1,66,7.2,28.4,239,2016-01-11
9.5,68,0.1,27.2,271,2016-01-12
9.2,70,0.5,23.8,200,2016-01-13
11.2,78,9.9,28.8,258,2016-01-14
7.9,83,11.1,24.1,325,2016-01-15
7.9,72,6.1,24.0,341,2016-01-16
7.7,72,1.3,14.6,184,2016-01-17
9.4,75,5.6,25.2,243,2016-01-18
10.0,72,3.8,15.9,244,2016-01-19
8.5,76,0.0,12.7,183,2016-01-20
10.1,83,0.0,14.9,191,2016-01-21
12.9,86,1.9,17.2,194,2016-01-22
13.9,86,1.8,11.9,171,2016-01-23
14.1,82,0.0,19.9,174,2016-01-24
14.7,76,0.0,22.4,188,2016-01-25
13.2,89,0.0,13.2,163,2016-01-26
13.1,74,0.0,22.8,191,2016-01-27
12.5,78,7.2,22.9,221,2016-01-28
10.6,76,3.0,25.0,7,2016-01-29
9.8,78,0.0,13.1,200,2016-01-30
12.9,78,2.9,16.5,245,2016-01-31
12.3,90,1.6,9.3,302,2016-02-01
11.8,86,0.0,9.7,301,2016-02-02
10.2,82,5.0,23.7,314,2016-02-03
9.1,77,0.3,10.5,328,2016-02-04
10.4,73,0.0,19.1,168,2016-02-05
12.0,64,1.6,37.4,196,2016-02-06
10.2,68,7.1,25.8,262,2016-02-07
13.4,69,0.0,22.7,208,2016-02-08
12.9,77,20.6,35.9,243,2016-02-09
9.0,89,15.1,25.2,298,2016-02-10
10.0,85,1.8,17.9,279,2016-02-11
12.7,85,14.4,21.5,239,2016-02-12
14.0,84,14.0,16.2,265,2016-02-13
8.9,80,8.9,35.0,278,2016-02-14
7.2,81,13.7,27.2,346,2016-02-15
6.7,70,5.4,20.6,28,2016-02-16
6.6,63,0.8,16.2,201,2016-02-17
7.9,82,6.9,21.5,283,2016-02-18
7.8,75,0.2,10.9,277,2016-02-19
9.3,77,0.0,14.5,204,2016-02-20
10.7,84,0.0,13.0,166,2016-02-21
9.7,84,0.4,15.6,259,2016-02-22
11.6,79,0.3,15.2,272,2016-02-23
11.0,77,1.2,18.6,208,2016-02-24
9.8,85,3.9,28.2,289,2016-02-25
9.9,80,10.9,22.5,204,2016-02-26
7.0,91,42.8,39.9,302,2016-02-27
9.2,89,21.5,28.0,349,2016-02-28
8.4,72,4.1,28.5,329,2016-02-29
9.7,72,0.0,15.8,301,2016-03-01
10.1,83,6.3,29.6,284,2016-03-02
9.5,80,3.9,30.6,292,2016-03-03
10.0,79,11.0,29.2,239,2016-03-04
7.6,81,12.9,28.0,279,2016-03-05
7.3,86,12.1,23.8,293,2016-03-06
7.8,82,14.8,25.9,305,2016-03-07
8.3,77,5.2,21.2,326,2016-03-08
8.7,82,20.8,32.8,281,2016-03-09
8.0,88,32.2,33.3,327,2016-03-10
8.5,78,5.9,23.4,354,2016-03-11
8.4,68,0.2,13.8,19,2016-03-12
8.8,67,0.2,17.7,11,2016-03-13
8.4,81,3.4,12.2,26,2016-03-14
8.8,76,0.0,14.4,143,2016-03-15
8.6,87,4.5,21.6,318,2016-03-16
8.0,77,1.3,11.8,43,2016-03-17
9.6,75,0.8,17.6,86,2016-03-18
10.6,84,9.8,14.6,111,2016-03-19
10.7,81,1.0,10.5,145,2016-03-20
10.2,92,1.8,13.7,354,2016-03-21
10.1,82,0.9,18.8,334,2016-03-22
9.6,75,1.1,21.2,338,2016-03-23
10.1,76,0.0,12.6,353,2016-03-24
10.8,83,1.8,7.3,189,2016-03-25
15.1,72,3.3,25.7,205,2016-03-26
12.0,66,9.1,27.9,200,2016-03-27
14.0,63,0.0,31.7,215,2016-03-28
14.1,78,2.6,20.8,195,2016-03-29
15.0,68,0.0,22.9,190,2016-03-30
9.7,87,24.3,30.0,321,2016-03-31
9.4,71,1.0,16.2,344,2016-04-01
11.2,64,0.0,20.6,170,2016-04-02
13.6,59,0.9,21.7,187,2016-04-03
11.5,75,5.9,18.2,210,2016-04-04
10.8,85,6.2,22.2,325,2016-04-05
10.8,78,0.0,13.9,322,2016-04-06
10.1,83,7.5,23.7,319,2016-04-07
8.9,80,9.3,25.0,314,2016-04-08
9.6,80,1.6,16.3,258,2016-04-09
12.8,66,0.2,32.7,193,2016-04-10
12.7,61,0.7,19.6,183,2016-04-11
13.9,63,0.0,22.2,191,2016-04-12
14.1,61,0.0,24.0,198,2016-04-13
15.3,66,4.2,27.6,190,2016-04-14
13.6,85,6.0,11.1,124,2016-04-15
14.3,78,5.0,17.6,207,2016-04-16
11.5,85,5.5,15.8,323,2016-04-17
11.4,73,0.1,20.0,69,2016-04-18
14.4,75,3.0,18.9,108,2016-04-19
15.6,69,4.0,21.3,153,2016-04-20
14.1,79,2.1,15.9,213,2016-04-21
12.9,87,3.7,11.0,68,2016-04-22
12.0,90,3.5,15.9,340,2016-04-23
10.9,79,3.6,16.6,4,2016-04-24
10.7,66,0.0,13.6,13,2016-04-25
10.6,76,0.0,14.1,324,2016-04-26
10.6,76,0.8,14.4,34,2016-04-27
10.0,65,0.0,13.8,21,2016-04-28
10.7,73,0.3,17.4,64,2016-04-29
10.3,70,4.2,28.7,315,2016-04-30
10.6,61,0.0,15.7,353,2016-05-01
10.7,67,0.0,14.3,49,2016-05-02
12.0,77,0.0,14.5,60,2016-05-03
14.8,77,0.0,14.2,102,2016-05-04
17.6,73,0.2,12.5,175,2016-05-05
17.6,72,5.1,21.1,156,2016-05-06
17.6,71,3.5,21.1,161,2016-05-07
17.5,69,3.2,30.8,149,2016-05-08
17.1,70,3.3,19.0,159,2016-05-09
16.8,66,0.1,19.5,161,2016-05-10
15.3,66,0.0,17.1,194,2016-05-11
13.0,84,9.7,12.2,302,2016-05-12
13.7,83,2.7,18.7,293,2016-05-13
14.5,85,1.5,20.0,306,2016-05-14
14.5,85,5.2,14.9,342,2016-05-15
13.7,85,0.0,11.2,338,2016-05-16
14.2,81,0.0,14.8,62,2016-05-17
14.4,83,0.8,21.1,310,2016-05-18
14.7,82,2.9,17.3,308,2016-05-19
16.9,80,0.0,13.7,118,2016-05-20
18.5,77,0.4,15.5,184,2016-05-21
14.4,79,11.4,29.5,304,2016-05-22
13.5,72,0.1,16.8,332,2016-05-23
16.5,74,0.5,15.9,121,2016-05-24
16.8,81,0.1,13.6,336,2016-05-25
16.0,86,1.2,13.0,20,2016-05-26
17.0,85,1.7,11.3,47,2016-05-27
18.1,82,10.7,10.8,260,2016-05-28
16.0,81,8.7,12.3,278,2016-05-29
15.4,80,2.3,21.6,291,2016-05-30
15.8,77,0.7,22.5,300,2016-05-31
15.6,77,0.0,22.1,296,2016-06-01
16.4,83,0.0,12.5,25,2016-06-02
17.5,88,0.6,14.8,68,2016-06-03
17.4,91,2.5,12.7,357,2016-06-04
17.5,88,0.0,14.3,67,2016-06-05
18.2,88,1.3,12.7,308,2016-06-06
18.5,88,0.0,15.9,49,2016-06-07
19.5,89,0.0,13.2,64,2016-06-08
19.7,87,0.0,10.5,0,2016-06-09
18.0,84,2.0,21.9,300,2016-06-10
17.1,74,0.0,14.0,315,2016-06-11
17.8,79,1.5,12.1,192,2016-06-12
18.2,86,5.3,24.1,293,2016-06-13
17.1,78,8.4,16.6,305,2016-06-14
16.1,81,22.7,12.9,246,2016-06-15
14.9,77,4.0,26.3,281,2016-06-16
15.0,77,5.9,24.0,275,2016-06-17
15.0,79,1.3,19.9,302,2016-06-18
15.9,78,0.7,14.1,339,2016-06-19
17.8,76,0.0,10.2,82,2016-06-20
20.4,79,0.0,14.3,76,2016-06-21
22.4,79,0.0,12.6,257,2016-06-22
21.3,86,0.2,21.3,329,2016-06-23
19.0,91,5.1,16.9,6,2016-06-24
17.2,80,0.4,14.8,11,2016-06-25
16.9,71,0.0,14.2,10,2016-06-26
17.4,78,0.0,13.8,35,2016-06-27
17.7,79,0.0,14.6,27,2016-06-28
18.0,79,0.0,16.2,354,2016-06-29
18.7,81,0.0,13.5,25,2016-06-30
19.1,83,1.0,14.4,360,2016-07-01
18.2,81,1.7,15.6,337,2016-07-02
18.7,75,0.0,15.1,55,2016-07-03
19.2,84,0.0,16.1,46,2016-07-04
19.3,86,1.5,14.6,33,2016-07-05
19.7,83,0.2,15.8,59,2016-07-06
21.1,85,0.0,13.9,38,2016-07-07
20.0,88,0.0,15.3,349,2016-07-08
20.3,83,0.0,13.9,62,2016-07-09
21.2,82,0.0,15.5,353,2016-07-10
19.4,83,4.4,15.3,337,2016-07-11
18.3,76,0.5,20.1,313,2016-07-12
17.0,74,1.7,19.2,316,2016-07-13
17.1,65,0.0,16.4,356,2016-07-14
17.9,66,0.0,17.7,63,2016-07-15
19.7,73,0.0,16.6,60,2016-07-16
21.4,76,0.0,13.6,104,2016-07-17
26.1,63,0.0,14.4,144,2016-07-18
27.3,52,0.0,22.0,181,2016-07-19
21.4,80,0.4,15.5,335,2016-07-20
20.7,80,0.2,13.7,357,2016-07-21
19.9,82,1.7,16.3,331,2016-07-22
19.7,85,4.6,17.3,328,2016-07-23
19.7,77,0.0,14.4,16,2016-07-24
20.7,77,0.0,15.0,44,2016-07-25
20.8,83,0.9,16.0,40,2016-07-26
19.8,76,0.0,15.0,2,2016-07-27
20.7,75,0.0,15.0,48,2016-07-28
21.1,82,0.0,15.0,55,2016-07-29
21.3,81,0.9,14.5,36,2016-07-30
20.1,83,3.1,14.5,347,2016-07-31
19.9,77,0.0,13.0,5,2016-08-01
20.6,74,0.0,14.6,66,2016-08-02
20.7,76,0.0,14.6,27,2016-08-03
21.2,80,3.8,20.1,309,2016-08-04
19.9,80,2.8,14.8,344,2016-08-05
19.8,75,0.0,16.2,40,2016-08-06
21.2,76,0.0,13.5,30,2016-08-07
20.7,83,0.0,16.1,10,2016-08-08
19.6,82,4.4,19.0,12,2016-08-09
18.9,67,0.0,21.7,9,2016-08-10
18.4,68,0.0,13.5,19,2016-08-11
20.1,73,0.0,16.8,84,2016-08-12
22.7,76,0.0,12.2,112,2016-08-13
23.8,77,0.0,12.8,48,2016-08-14
24.5,76,0.0,12.7,114,2016-08-15
23.5,79,0.0,14.8,311,2016-08-16
21.6,81,0.1,15.7,339,2016-08-17
20.6,73,0.4,17.9,335,2016-08-18
21.3,79,0.7,17.9,312,2016-08-19
20.0,72,2.0,18.2,315,2016-08-20
19.6,71,0.0,14.2,353,2016-08-21
22.3,69,0.0,15.8,104,2016-08-22
24.9,63,0.0,15.5,232,2016-08-23
23.5,79,0.0,21.6,2,2016-08-24
24.2,71,0.0,23.4,127,2016-08-25
22.7,84,0.1,14.3,347,2016-08-26
23.9,77,0.0,20.1,280,2016-08-27
21.0,81,1.1,18.9,337,2016-08-28
19.9,74,0.1,17.5,330,2016-08-29
20.1,79,0.3,15.2,32,2016-08-30
20.6,82,0.0,13.4,329,2016-08-31
20.9,84,0.0,14.5,39,2016-09-01
22.0,82,0.0,13.1,40,2016-09-02
22.3,82,0.0,13.0,83,2016-09-03
23.1,83,0.0,13.0,47,2016-09-04
22.6,81,0.0,13.3,39,2016-09-05
22.8,80,0.0,14.3,91,2016-09-06
24.4,74,0.0,22.2,261,2016-09-07
20.3,80,2.7,17.4,337,2016-09-08
19.8,74,0.0,13.5,45,2016-09-09
20.3,74,0.0,11.5,51,2016-09-10
21.9,77,0.0,15.8,60,2016-09-11
24.7,69,0.0,14.3,174,2016-09-12
21.4,80,7.7,24.0,283,2016-09-13
17.0,68,3.8,17.8,271,2016-09-14
17.0,70,9.0,31.7,211,2016-09-15
17.5,87,16.7,34.9,299,2016-09-16
16.5,80,2.8,20.0,314,2016-09-17
16.7,80,0.8,15.6,312,2016-09-18
17.1,80,0.0,11.2,336,2016-09-19
17.2,85,5.8,10.7,345,2016-09-20
17.2,85,0.0,13.2,99,2016-09-21
18.4,88,0.0,14.8,43,2016-09-22
18.8,82,0.0,15.9,67,2016-09-23
20.6,79,0.0,16.2,173,2016-09-24
17.9,85,9.9,18.2,311,2016-09-25
18.0,78,0.0,10.7,59,2016-09-26
18.5,85,2.8,18.6,296,2016-09-27
19.7,86,0.6,15.1,71,2016-09-28
20.6,73,0.0,17.4,195,2016-09-29
19.6,86,0.9,16.6,323,2016-09-30
17.2,82,3.8,16.3,301,2016-10-01
16.9,79,0.0,14.6,29,2016-10-02
19.3,81,0.0,15.6,99,2016-10-03
18.8,82,0.0,19.3,282,2016-10-04
17.7,85,0.5,14.3,342,2016-10-05
17.5,83,1.2,12.8,23,2016-10-06
16.0,80,1.7,10.5,60,2016-10-07
16.2,76,0.0,11.4,20,2016-10-08
15.5,68,0.0,14.3,48,2016-10-09
15.0,61,0.0,13.9,66,2016-10-10
14.2,60,0.0,18.8,100,2016-10-11
16.5,67,5.2,19.6,143,2016-10-12
15.6,88,7.6,10.9,213,2016-10-13
14.8,80,5.9,19.4,299,2016-10-14
17.2,63,0.0,20.3,190,2016-10-15
18.1,68,0.2,16.9,178,2016-10-16
17.1,87,2.5,14.0,44,2016-10-17
16.5,86,0.4,11.4,50,2016-10-18
14.6,82,0.0,12.1,73,2016-10-19
13.7,74,0.4,12.9,64,2016-10-20
13.2,61,0.0,15.5,86,2016-10-21
15.7,70,0.4,18.7,150,2016-10-22
18.8,68,0.6,24.0,175,2016-10-23
17.0,72,0.2,14.6,178,2016-10-24
16.3,85,0.7,10.4,167,2016-10-25
16.6,92,0.1,10.6,11,2016-10-26
15.6,89,0.0,12.4,76,2016-10-27
15.5,86,0.0,10.8,118,2016-10-28
16.6,82,0.0,12.0,165,2016-10-29
15.3,85,0.0,8.8,167,2016-10-30
15.2,79,0.0,13.0,169,2016-10-31
15.9,73,0.0,18.9,192,2016-11-01
14.8,79,0.0,9.2,176,2016-11-02
14.8,85,0.0,11.8,104,2016-11-03
14.7,82,2.0,15.9,193,2016-11-04
12.7,90,18.9,26.6,296,2016-11-05
9.8,81,2.6,26.8,285,2016-11-06
8.7,82,5.1,24.1,286,2016-11-07
10.0,79,10.2,25.2,277,2016-11-08
12.2,78,7.9,28.7,267,2016-11-09
12.5,76,0.2,22.2,268,2016-11-10
13.0,82,1.7,19.2,277,2016-11-11
12.2,86,7.7,13.8,204,2016-11-12
13.7,88,6.0,18.3,326,2016-11-13
11.9,80,2.5,17.0,12,2016-11-14
10.7,78,0.2,9.8,34,2016-11-15
10.6,83,0.0,7.4,111,2016-11-16
12.1,86,0.0,9.6,207,2016-11-17
12.1,88,6.2,14.0,256,2016-11-18
12.5,73,1.6,31.5,217,2016-11-19
15.0,69,3.0,31.9,193,2016-11-20
15.0,62,0.1,29.5,203,2016-11-21
9.4,83,11.4,10.9,324,2016-11-22
9.4,91,47.5,29.0,351,2016-11-23
10.6,70,10.4,29.4,201,2016-11-24
9.2,70,0.0,14.4,172,2016-11-25
9.8,73,0.5,18.7,143,2016-11-26
12.0,84,0.0,14.1,109,2016-11-27
10.5,91,0.6,9.4,295,2016-11-28
11.9,81,0.0,14.2,105,2016-11-29
13.0,75,0.0,21.1,159,2016-11-30
12.0,78,0.0,17.0,168,2016-12-01
11.6,80,0.0,15.3,189,2016-12-02
10.3,84,0.0,19.0,169,2016-12-03
12.9,76,0.4,24.7,165,2016-12-04
15.0,76,0.0,20.1,171,2016-12-05
13.0,84,0.0,14.1,184,2016-12-06
12.3,81,0.0,15.7,180,2016-12-07
12.0,76,0.0,21.7,181,2016-12-08
12.0,70,0.0,23.8,184,2016-12-09
11.7,78,0.0,17.2,192,2016-12-10
11.8,80,0.0,13.0,190,2016-12-11
12.2,80,0.0,6.4,159,2016-12-12
10.8,81,0.0,20.0,178,2016-12-13
12.4,72,0.3,23.2,194,2016-12-14
12.3,76,0.3,19.7,178,2016-12-15
11.6,78,2.6,22.4,185,2016-12-16
11.4,89,0.0,9.5,270,2016-12-17
10.0,90,0.0,9.8,117,2016-12-18
8.7,90,1.9,17.4,329,2016-12-19
9.4,85,4.7,12.4,316,2016-12-20
11.0,87,4.3,10.7,251,2016-12-21
12.6,87,5.8,10.2,205,2016-12-22
12.6,86,0.1,9.2,224,2016-12-23
13.0,86,0.1,8.2,246,2016-12-24
10.7,90,0.0,10.5,161,2016-12-25
10.3,88,0.0,10.3,77,2016-12-26
10.6,86,0.0,11.4,106,2016-12-27
10.5,80,0.0,16.7,183,2016-12-28
8.7,83,0.0,9.5,200,2016-12-29
7.6,86,0.0,9.7,153,2016-12-30
7.0,78,0.0,15.9,178,2016-12-31
4.4,69,0.0,14.0,185,2017-01-01
6.5,64,0.0,23.8,173,2017-01-02
5.0,82,0.0,10.6,159,2017-01-03
5.0,90,0.0,8.3,157,2017-01-04
4.4,85,0.0,10.7,152,2017-01-05
3.5,82,0.0,8.5,134,2017-01-06
2.9,78,0.0,6.3,172,2017-01-07
4.1,73,0.0,5.4,174,2017-01-08
8.1,80,0.0,8.3,169,2017-01-09
9.5,92,37.8,33.1,312,2017-01-10
12.0,96,20.3,26.8,310,2017-01-11
12.1,87,5.2,31.4,258,2017-01-12
8.5,75,20.5,33.2,308,2017-01-13
7.4,86,34.2,22.2,316,2017-01-14
9.0,89,44.0,26.0,328,2017-01-15
10.3,93,41.7,35.0,329,2017-01-16
6.7,69,9.3,29.4,30,2017-01-17
3.5,67,0.6,21.6,31,2017-01-18
3.6,79,0.2,10.4,111,2017-01-19
2.4,82,0.0,8.4,162,2017-01-20
5.1,82,0.0,10.3,199,2017-01-21
7.1,85,0.4,13.2,293,2017-01-22
8.2,84,1.0,17.1,295,2017-01-23
7.6,83,0.0,11.5,293,2017-01-24
3.7,81,0.0,13.4,159,2017-01-25
5.0,65,0.0,28.1,170,2017-01-26
9.3,70,1.0,27.5,183,2017-01-27
8.1,76,0.2,18.5,230,2017-01-28
11.4,71,0.6,23.5,193,2017-01-29
14.4,76,0.0,19.3,185,2017-01-30
14.5,65,0.0,27.5,181,2017-01-31
13.6,68,0.5,20.8,182,2017-02-01
13.5,66,4.1,36.1,190,2017-02-02
12.6,60,2.7,36.1,195,2017-02-03
11.7,86,21.6,38.9,235,2017-02-04
9.9,78,13.0,38.9,272,2017-02-05
10.5,85,5.8,28.6,247,2017-02-06
10.7,87,11.6,31.7,282,2017-02-07
8.3,79,20.5,31.8,314,2017-02-08
8.1,79,0.2,13.4,146,2017-02-09
9.4,62,0.0,18.0,173,2017-02-10
7.2,86,2.1,15.2,105,2017-02-11
10.5,82,2.1,24.8,127,2017-02-12
13.1,71,2.3,26.8,147,2017-02-13
12.1,67,0.0,18.8,175,2017-02-14
13.2,66,0.0,20.9,173,2017-02-15
12.6,74,0.0,15.3,186,2017-02-16
10.7,83,0.0,12.8,195,2017-02-17
10.0,85,0.1,15.8,263,2017-02-18
11.3,88,0.3,13.5,297,2017-02-19
10.6,86,0.4,10.1,268,2017-02-20
10.7,85,0.0,9.4,164,2017-02-21
9.4,91,0.0,10.4,145,2017-02-22
10.1,87,0.0,16.1,286,2017-02-23
10.6,79,1.3,18.0,1,2017-02-24
9.5,77,0.0,11.3,163,2017-02-25
11.2,79,0.0,11.9,229,2017-02-26
12.5,74,4.3,25.5,217,2017-02-27
9.9,85,12.1,31.0,258,2017-02-28
11.6,71,0.0,20.6,206,2017-03-01
13.0,74,0.1,14.7,179,2017-03-02
12.4,73,8.9,23.8,218,2017-03-03
8.8,70,1.1,26.3,257,2017-03-04
11.9,74,3.3,21.8,206,2017-03-05
13.2,80,4.2,38.3,281,2017-03-06
12.3,84,2.3,29.9,276,2017-03-07
13.1,88,0.1,13.7,316,2017-03-08
12.0,89,0.0,11.3,103,2017-03-09
14.4,78,0.0,9.7,144,2017-03-10
14.7,72,0.7,32.2,259,2017-03-11
11.5,82,12.5,36.2,294,2017-03-12
10.9,81,10.5,30.9,346,2017-03-13
11.9,90,1.7,14.8,355,2017-03-14
12.4,85,0.0,13.8,349,2017-03-15
15.1,67,0.0,18.1,179,2017-03-16
11.5,84,0.0,15.5,304,2017-03-17
11.2,81,0.0,11.7,3,2017-03-18
9.8,84,0.0,13.2,347,2017-03-19
10.9,81,0.0,12.3,309,2017-03-20
10.0,87,5.4,21.4,283,2017-03-21
8.4,82,8.1,19.9,214,2017-03-22
7.9,64,1.6,16.3,185,2017-03-23
7.8,69,0.2,14.4,129,2017-03-24
8.8,91,17.2,19.6,255,2017-03-25
11.5,71,0.2,18.4,149,2017-03-26
14.3,63,0.2,22.5,176,2017-03-27
14.0,67,0.0,14.8,178,2017-03-28
16.0,63,0.0,15.2,192,2017-03-29
17.9,59,0.0,18.8,178,2017-03-30
14.6,79,3.6,17.6,14,2017-03-31
11.2,83,10.7,34.6,284,2017-04-01
11.2,82,7.9,22.6,309,2017-04-02
11.3,80,0.0,14.3,114,2017-04-03
11.7,87,0.8,16.3,302,2017-04-04
12.0,88,8.8,18.8,347,2017-04-05
12.6,86,1.0,12.3,339,2017-04-06
11.9,82,0.0,12.1,67,2017-04-07
16.0,71,0.0,20.3,193,2017-04-08
15.1,76,0.0,12.3,229,2017-04-09
13.0,89,0.0,12.0,310,2017-04-10
13.2,82,0.0,14.8,343,2017-04-11
13.0,83,0.0,14.2,65,2017-04-12
12.6,85,0.0,13.3,353,2017-04-13
12.1,88,0.1,9.6,320,2017-04-14
12.6,87,0.9,16.4,326,2017-04-15
12.6,81,0.0,16.6,82,2017-04-16
13.2,83,0.0,14.2,36,2017-04-17
13.0,79,0.0,17.4,39,2017-04-18
12.3,54,0.0,18.6,57,2017-04-19
11.8,53,0.0,19.2,73,2017-04-20
13.0,61,0.0,18.6,112,2017-04-21
16.1,51,0.0,21.3,185,2017-04-22
15.0,69,0.0,13.7,17,2017-04-23
14.1,73,0.3,13.8,12,2017-04-24
12.4,88,12.7,20.4,325,2017-04-25
8.7,85,21.1,22.3,354,2017-04-26
8.8,69,3.2,17.8,347,2017-04-27
10.0,70,0.0,17.1,58,2017-04-28
13.0,65,0.1,24.3,170,2017-04-29
12.9,68,12.4,33.5,226,2017-04-30
11.0,68,0.1,19.5,263,2017-05-01
13.2,82,0.4,19.7,286,2017-05-02
13.6,85,0.0,15.1,50,2017-05-03
14.5,81,0.0,15.1,84,2017-05-04
16.9,79,9.3,20.6,182,2017-05-05
14.9,72,1.9,15.1,246,2017-05-06
14.8,71,0.0,14.3,75,2017-05-07
13.6,75,0.0,15.1,75,2017-05-08
13.7,82,0.4,14.8,89,2017-05-09
16.3,83,1.4,13.7,272,2017-05-10
18.1,64,3.4,22.7,199,2017-05-11
17.7,62,3.6,21.7,211,2017-05-12
16.1,79,2.4,15.3,82,2017-05-13
17.9,66,0.2,15.5,136,2017-05-14
19.8,64,0.0,17.0,208,2017-05-15
19.3,71,0.0,10.8,289,2017-05-16
16.4,89,8.9,15.1,308,2017-05-17
13.3,85,12.2,22.6,305,2017-05-18
13.0,76,2.2,23.1,289,2017-05-19
14.2,73,0.2,13.6,344,2017-05-20
19.4,67,0.1,17.6,161,2017-05-21
18.6,75,0.3,22.5,296,2017-05-22
16.1,79,0.0,15.0,7,2017-05-23
19.0,79,0.0,11.8,82,2017-05-24
23.9,69,0.0,14.9,201,2017-05-25
21.3,73,0.0,20.1,265,2017-05-26
20.6,84,0.2,12.1,24,2017-05-27
20.4,82,2.4,14.4,307,2017-05-28
17.4,92,10.5,18.3,309,2017-05-29
17.2,88,0.3,14.8,4,2017-05-30
18.0,85,0.0,14.8,37,2017-05-31
20.0,83,0.0,14.8,13,2017-06-01
18.1,91,5.1,16.1,307,2017-06-02
16.3,88,15.9,24.0,306,2017-06-03
14.9,85,6.5,16.1,338,2017-06-04
17.2,76,0.0,14.4,326,2017-06-05
16.6,74,1.0,28.3,306,2017-06-06
17.3,73,0.0,12.6,89,2017-06-07
19.2,79,3.0,24.4,254,2017-06-08
17.9,83,0.0,14.9,12,2017-06-09
19.5,85,0.0,15.3,321,2017-06-10
19.0,89,0.1,18.9,320,2017-06-11
18.8,83,0.9,14.4,27,2017-06-12
18.8,85,1.0,14.8,335,2017-06-13
19.6,87,0.0,13.2,323,2017-06-14
18.3,87,0.0,15.8,314,2017-06-15
18.8,82,0.0,12.1,43,2017-06-16
20.3,78,0.0,14.2,32,2017-06-17
22.5,72,0.0,13.7,34,2017-06-18
25.1,68,0.2,20.9,197,2017-06-19
25.6,61,0.0,14.2,256,2017-06-20
27.8,60,0.0,16.4,227,2017-06-21
21.3,82,0.0,20.7,315,2017-06-22
20.3,77,0.2,14.3,326,2017-06-23
20.0,78,0.1,12.6,351,2017-06-24
20.2,76,0.1,14.0,64,2017-06-25
20.6,87,4.9,21.1,297,2017-06-26
19.2,87,7.0,21.2,302,2017-06-27
18.7,79,11.8,38.4,263,2017-06-28
16.8,67,2.2,29.1,276,2017-06-29
15.2,80,14.8,33.2,273,2017-06-30
15.6,77,5.0,26.9,288,2017-07-01
17.4,80,0.5,13.5,299,2017-07-02
18.6,83,0.0,15.0,77,2017-07-03
22.3,81,0.0,15.5,119,2017-07-04
22.4,75,0.0,20.9,313,2017-07-05
20.3,83,0.2,10.6,339,2017-07-06
20.4,84,0.2,14.5,308,2017-07-07
19.8,88,1.4,19.9,312,2017-07-08
19.7,81,0.1,18.2,303,2017-07-09
19.2,86,3.0,16.9,302,2017-07-10
19.7,83,0.2,15.1,0,2017-07-11
19.3,85,0.2,15.0,316,2017-07-12
19.6,85,0.0,13.3,343,2017-07-13
19.2,81,1.0,16.8,7,2017-07-14
19.3,80,0.0,15.4,15,2017-07-15
20.5,80,0.0,13.9,357,2017-07-16
24.9,70,0.0,16.6,94,2017-07-17
23.7,75,0.0,20.1,278,2017-07-18
21.2,78,0.1,14.9,338,2017-07-19
18.9,80,4.5,16.9,321,2017-07-20
18.5,82,0.5,10.8,325,2017-07-21
18.8,78,0.9,19.5,309,2017-07-22
19.7,75,0.0,12.2,308,2017-07-23
19.1,87,8.7,24.5,304,2017-07-24
18.7,77,1.7,20.4,316,2017-07-25
19.2,77,0.0,13.1,292,2017-07-26
20.2,82,0.0,16.1,328,2017-07-27
21.3,82,0.3,14.8,6,2017-07-28
22.8,70,0.0,13.4,45,2017-07-29
20.2,83,1.8,14.6,340,2017-07-30
19.6,85,4.5,14.3,1,2017-07-31
19.8,84,1.5,13.8,29,2017-08-01
20.0,81,0.0,13.9,340,2017-08-02
21.6,76,0.0,15.7,3,2017-08-03
23.2,78,0.0,14.8,356,2017-08-04
20.0,88,3.9,16.2,353,2017-08-05
19.7,68,0.0,13.9,18,2017-08-06
20.4,78,0.6,23.7,315,2017-08-07
18.1,75,4.1,24.8,297,2017-08-08
17.3,71,3.2,23.8,294,2017-08-09
17.2,76,5.9,25.2,301,2017-08-10
18.3,66,0.0,13.9,332,2017-08-11
17.9,73,0.0,13.6,48,2017-08-12
19.1,79,0.0,15.8,53,2017-08-13
23.5,71,0.1,17.0,231,2017-08-14
20.3,85,0.9,16.6,321,2017-08-15
20.6,78,0.0,12.6,343,2017-08-16
20.8,74,0.0,14.1,341,2017-08-17
20.4,87,0.6,15.5,308,2017-08-18
19.8,79,0.5,16.9,32,2017-08-19
19.0,72,0.0,16.9,67,2017-08-20
22.6,61,0.0,17.7,111,2017-08-21
23.4,61,0.0,20.2,299,2017-08-22
20.9,80,0.0,14.8,355,2017-08-23
21.3,82,1.1,16.3,347,2017-08-24
21.2,81,0.0,18.7,10,2017-08-25
21.2,83,0.1,15.1,18,2017-08-26
22.6,78,3.6,16.6,174,2017-08-27
24.7,71,0.3,13.6,184,2017-08-28
21.8,86,9.4,13.7,337,2017-08-29
19.9,92,33.9,22.4,335,2017-08-30
17.9,81,2.2,11.2,337,2017-08-31
17.6,81,1.7,21.5,303,2017-09-01
17.7,78,1.1,11.6,318,2017-09-02
19.2,79,0.4,11.7,215,2017-09-03
19.8,88,3.5,13.2,282,2017-09-04
19.9,89,0.0,15.6,325,2017-09-05
19.1,82,1.7,16.2,344,2017-09-06
18.2,75,0.2,11.9,332,2017-09-07
17.2,79,0.0,14.8,262,2017-09-08
16.5,87,29.6,28.2,292,2017-09-09
16.8,77,5.1,23.4,287,2017-09-10
18.1,84,11.6,23.6,294,2017-09-11
17.4,83,3.0,20.2,287,2017-09-12
18.6,82,0.0,15.9,235,2017-09-13
17.4,77,2.2,25.1,318,2017-09-14
14.2,85,12.4,20.1,285,2017-09-15
13.6,85,10.7,21.1,280,2017-09-16
15.3,74,0.1,20.1,271,2017-09-17
15.6,89,5.8,12.1,266,2017-09-18
15.8,81,0.9,10.5,341,2017-09-19
15.3,79,0.0,12.1,134,2017-09-20
16.7,83,0.1,16.6,298,2017-09-21
17.1,94,9.7,14.1,9,2017-09-22
19.4,81,0.0,19.1,192,2017-09-23
18.5,83,0.0,15.0,301,2017-09-24
17.4,88,3.5,18.0,294,2017-09-25
17.0,87,1.0,13.4,85,2017-09-26
17.7,80,0.0,12.7,200,2017-09-27
19.5,76,0.0,15.3,198,2017-09-28
18.6,82,0.0,14.9,295,2017-09-29
17.3,94,5.5,15.1,19,2017-09-30
17.8,90,2.8,16.2,257,2017-10-01
19.1,91,1.1,13.4,280,2017-10-02
18.8,94,0.6,9.4,356,2017-10-03
19.2,89,0.0,14.3,93,2017-10-04
18.8,92,0.6,11.2,338,2017-10-05
16.6,83,1.0,16.9,357,2017-10-06
15.1,74,0.0,11.4,81,2017-10-07
14.1,79,0.0,11.2,117,2017-10-08
14.5,83,0.0,11.3,136,2017-10-09
15.2,86,0.0,10.8,157,2017-10-10
16.8,78,0.0,18.1,232,2017-10-11
16.2,85,0.0,10.5,151,2017-10-12
18.0,79,0.0,13.8,232,2017-10-13
20.8,76,0.0,13.7,168,2017-10-14
23.3,59,0.0,23.9,183,2017-10-15
21.1,71,0.0,23.5,193,2017-10-16
19.9,72,1.5,19.6,190,2017-10-17
16.1,89,9.0,13.7,207,2017-10-18
16.7,71,0.4,13.5,188,2017-10-19
19.2,66,0.0,17.4,187,2017-10-20
17.7,71,3.3,26.7,287,2017-10-21
14.6,78,2.9,21.5,290,2017-10-22
13.8,80,0.0,10.5,173,2017-10-23
15.9,75,0.0,11.9,174,2017-10-24
16.1,76,0.0,10.5,192,2017-10-25
18.1,67,0.0,19.5,204,2017-10-26
15.5,87,1.8,13.5,326,2017-10-27
15.6,85,1.7,15.0,25,2017-10-28
13.8,85,3.1,11.8,312,2017-10-29
14.3,84,7.5,17.1,3,2017-10-30
12.5,75,0.0,11.4,101,2017-10-31
15.9,63,0.0,21.0,181,2017-11-01
17.9,65,0.0,19.1,180,2017-11-02
16.9,72,0.8,16.3,201,2017-11-03
13.4,88,11.8,22.5,270,2017-11-04
12.5,84,27.7,25.8,314,2017-11-05
12.6,65,3.0,22.0,354,2017-11-06
11.0,75,0.5,27.0,117,2017-11-07
10.2,89,39.0,25.4,306,2017-11-08
11.1,75,7.2,19.0,322,2017-11-09
13.2,88,10.5,22.9,328,2017-11-10
13.6,88,8.2,23.9,285,2017-11-11
14.3,81,5.6,27.5,283,2017-11-12
11.6,67,1.5,25.7,6,2017-11-13
9.7,69,0.0,12.3,49,2017-11-14
7.8,79,0.0,8.3,160,2017-11-15
9.3,79,0.0,7.6,210,2017-11-16
10.6,86,0.6,8.4,228,2017-11-17
10.7,89,0.1,11.3,245,2017-11-18
9.1,87,0.0,10.2,161,2017-11-19
9.6,82,0.0,10.5,171,2017-11-20
10.9,63,0.0,17.0,187,2017-11-21
14.8,44,0.0,27.7,187,2017-11-22
17.9,47,0.0,26.7,197,2017-11-23
15.4,70,1.4,18.6,216,2017-11-24
11.9,77,13.3,19.2,330,2017-11-25
9.4,85,1.5,10.9,274,2017-11-26
7.6,82,0.0,9.4,179,2017-11-27
7.9,78,7.0,19.9,230,2017-11-28
8.0,93,21.5,19.5,293,2017-11-29
7.0,90,22.1,23.8,276,2017-11-30
6.4,93,37.5,26.3,314,2017-12-01
6.4,89,26.5,15.7,358,2017-12-02
6.6,86,3.5,11.1,209,2017-12-03
7.8,93,3.6,8.2,251,2017-12-04
5.9,85,0.0,9.1,167,2017-12-05
5.4,74,0.0,13.5,186,2017-12-06
8.4,63,3.2,20.8,190,2017-12-07
9.6,94,18.8,17.5,275,2017-12-08
9.3,87,4.1,17.2,200,2017-12-09
13.8,80,26.4,34.5,205,2017-12-10
9.8,79,16.7,43.2,257,2017-12-11
7.2,87,7.2,26.7,254,2017-12-12
10.5,69,0.2,24.0,199,2017-12-13
12.6,86,9.4,27.3,270,2017-12-14
9.4,85,28.8,29.0,281,2017-12-15
8.3,87,24.6,19.0,312,2017-12-16
7.6,93,6.6,13.0,270,2017-12-17
9.4,88,6.4,31.2,273,2017-12-18
8.8,84,0.1,15.8,33,2017-12-19
7.9,84,0.0,6.3,163,2017-12-20
7.6,84,0.0,8.0,189,2017-12-21
8.5,88,0.3,6.4,231,2017-12-22
10.1,89,0.7,7.8,58,2017-12-23
7.9,86,0.0,14.7,175,2017-12-24
9.6,70,0.1,27.0,188,2017-12-25
9.2,76,2.6,33.5,208,2017-12-26
8.9,79,20.8,45.0,276,2017-12-27
9.3,90,19.2,36.5,278,2017-12-28
12.1,85,3.3,27.8,243,2017-12-29
14.8,70,0.0,22.6,193,2017-12-30
13.3,68,6.0,27.9,221,2017-12-31
11.2,70,14.2,44.0,237,2018-01-01
13.1,83,9.1,20.6,207,2018-01-02
14.5,87,2.8,17.1,211,2018-01-03
14.6,80,0.0,21.5,198,2018-01-04
12.0,81,13.0,29.8,230,2018-01-05
7.0,97,31.9,10.6,358,2018-01-06
8.3,94,19.6,18.6,328,2018-01-07
7.0,83,0.0,15.5,182,2018-01-08
8.2,63,0.7,34.9,194,2018-01-09
9.5,73,2.4,26.7,211,2018-01-10
7.7,81,23.0,29.7,258,2018-01-11
9.4,87,2.5,15.4,223,2018-01-12
8.3,75,11.5,25.2,184,2018-01-13
7.6,93,22.1,21.6,256,2018-01-14
9.1,76,3.8,21.0,215,2018-01-15
12.4,73,1.5,20.7,228,2018-01-16
11.0,82,5.6,37.1,293,2018-01-17
9.2,80,0.0,12.1,219,2018-01-18
10.8,87,6.1,24.0,289,2018-01-19
10.8,83,2.4,31.0,259,2018-01-20
13.5,85,1.5,28.4,288,2018-01-21
12.2,82,0.5,14.0,233,2018-01-22
12.9,84,0.1,9.4,197,2018-01-23
10.8,70,0.0,22.6,191,2018-01-24
9.8,83,17.8,24.1,238,2018-01-25
8.6,85,31.8,30.1,305,2018-01-26
9.2,79,26.7,24.3,352,2018-01-27
6.9,82,0.0,9.6,149,2018-01-28
7.2,87,0.0,10.8,213,2018-01-29
7.6,90,0.0,6.8,149,2018-01-30
7.6,85,0.0,16.1,246,2018-01-31
7.7,91,26.7,21.9,295,2018-02-01
5.9,89,22.1,18.7,313,2018-02-02
7.2,90,29.7,27.0,284,2018-02-03
6.7,91,15.1,20.7,280,2018-02-04
5.9,92,14.3,20.2,24,2018-02-05
5.6,76,11.6,21.7,347,2018-02-06
5.0,87,11.3,16.5,346,2018-02-07
4.9,91,11.4,15.6,325,2018-02-08
4.8,84,6.4,31.2,291,2018-02-09
7.8,76,7.3,21.3,328,2018-02-10
9.3,94,16.8,23.8,269,2018-02-11
6.1,88,11.6,22.1,304,2018-02-12
5.6,81,8.6,31.6,217,2018-02-13
10.4,84,5.5,20.8,190,2018-02-14
14.9,73,0.0,18.3,198,2018-02-15
13.6,87,0.6,9.5,220,2018-02-16
10.5,85,7.1,25.2,306,2018-02-17
9.2,85,4.9,22.6,275,2018-02-18
10.4,97,31.0,22.1,309,2018-02-19
10.7,91,17.9,27.1,328,2018-02-20
8.4,76,4.8,25.2,8,2018-02-21
6.8,65,0.1,14.3,9,2018-02-22
5.7,73,0.3,10.5,20,2018-02-23
5.1,79,0.0,12.4,103,2018-02-24
5.3,81,0.0,12.3,177,2018-02-25
5.2,76,0.0,15.3,60,2018-02-26
0.9,61,0.0,13.4,83,2018-02-27
2.2,76,11.4,19.4,153,2018-02-28
10.9,77,3.1,32.0,168,2018-03-01
9.3,63,3.2,29.0,183,2018-03-02
12.8,59,1.1,27.0,199,2018-03-03
11.8,76,7.0,13.6,184,2018-03-04
10.9,70,10.1,22.4,226,2018-03-05
9.2,74,4.4,25.7,242,2018-03-06
8.6,71,0.1,14.4,240,2018-03-07
11.9,61,0.5,21.9,188,2018-03-08
15.9,68,3.3,31.9,183,2018-03-09
15.8,65,0.2,25.9,174,2018-03-10
14.3,51,0.0,35.0,192,2018-03-11
11.0,68,1.9,31.9,264,2018-03-12
11.1,79,1.7,9.2,141,2018-03-13
13.2,66,2.8,31.4,171,2018-03-14
12.3,63,2.4,28.1,220,2018-03-15
10.0,72,1.1,16.4,204,2018-03-16
8.3,78,6.6,19.1,269,2018-03-17
7.8,89,12.5,24.5,280,2018-03-18
5.9,90,17.8,26.9,280,2018-03-19
6.1,77,14.0,29.6,350,2018-03-20
7.4,65,5.7,22.4,8,2018-03-21
7.7,68,2.1,15.7,3,2018-03-22
9.1,75,1.7,17.6,182,2018-03-23
8.5,79,12.8,38.4,257,2018-03-24
8.9,86,12.7,29.5,279,2018-03-25
9.7,84,17.6,27.7,311,2018-03-26
12.1,85,1.6,24.9,285,2018-03-27
11.4,83,5.2,15.1,272,2018-03-28
11.2,76,6.5,15.6,254,2018-03-29
11.3,57,3.0,25.9,206,2018-03-30
8.9,76,11.7,40.6,278,2018-03-31
12.7,69,0.0,16.6,176,2018-04-01
15.5,57,2.4,22.4,183,2018-04-02
16.3,55,0.1,25.6,191,2018-04-03
13.6,66,9.1,31.5,226,2018-04-04
14.2,73,0.0,16.5,165,2018-04-05
17.3,55,0.8,25.9,171,2018-04-06
12.7,89,5.1,11.6,184,2018-04-07
12.0,84,0.5,11.5,338,2018-04-08
10.5,90,6.5,19.2,292,2018-04-09
9.0,86,11.3,18.7,221,2018-04-10
9.5,93,40.3,34.7,315,2018-04-11
11.8,87,10.1,26.7,319,2018-04-12
11.1,86,13.2,10.8,200,2018-04-13
12.9,86,2.5,12.7,161,2018-04-14
13.4,75,1.9,20.4,201,2018-04-15
12.5,82,8.5,16.0,352,2018-04-16
15.7,68,0.0,14.9,194,2018-04-17
18.8,72,0.0,18.1,178,2018-04-18
20.4,58,0.0,14.1,168,2018-04-19
18.6,68,0.0,13.4,131,2018-04-20
20.1,58,0.0,18.8,178,2018-04-21
17.5,72,1.6,16.2,242,2018-04-22
14.8,92,6.6,12.4,349,2018-04-23
15.8,89,0.0,12.8,25,2018-04-24
14.2,88,1.6,17.8,332,2018-04-25
13.5,76,0.4,13.9,34,2018-04-26
12.4,80,0.2,22.0,297,2018-04-27
11.7,88,7.5,13.8,54,2018-04-28
11.3,80,3.7,22.1,285,2018-04-29
9.3,87,19.5,20.0,267,2018-04-30
10.4,80,6.4,13.6,303,2018-05-01
11.5,83,5.2,20.8,259,2018-05-02
11.7,76,2.5,21.6,330,2018-05-03
12.4,77,2.8,22.2,340,2018-05-04
12.9,85,0.0,14.1,301,2018-05-05
15.7,78,0.0,11.4,344,2018-05-06
16.0,81,0.0,11.0,308,2018-05-07
14.5,88,0.1,22.7,300,2018-05-08
13.8,85,0.0,13.8,313,2018-05-09
13.0,78,3.7,19.2,330,2018-05-10
13.6,73,0.0,21.3,220,2018-05-11
11.4,85,13.2,23.8,295,2018-05-12
10.2,86,12.7,26.0,283,2018-05-13
12.1,83,11.2,19.3,318,2018-05-14
12.8,79,0.2,20.6,301,2018-05-15
13.7,81,0.4,14.0,312,2018-05-16
13.6,85,0.0,12.4,338,2018-05-17
14.7,88,0.0,13.0,303,2018-05-18
15.2,89,0.0,11.8,299,2018-05-19
15.5,83,0.0,10.3,319,2018-05-20
16.3,82,0.1,14.5,270,2018-05-21
16.6,81,0.0,11.1,308,2018-05-22
16.7,86,0.7,12.0,11,2018-05-23
17.7,90,0.3,12.6,322,2018-05-24
17.1,92,13.4,10.4,330,2018-05-25
17.4,92,7.7,13.2,280,2018-05-26
16.9,89,1.3,13.0,7,2018-05-27
16.4,88,3.8,14.5,336,2018-05-28
16.3,87,0.2,15.7,309,2018-05-29
16.4,87,0.8,13.1,339,2018-05-30
16.4,89,2.9,12.6,12,2018-05-31
16.6,93,12.0,12.5,19,2018-06-01
18.5,90,1.8,13.0,313,2018-06-02
17.6,93,5.1,19.7,295,2018-06-03
16.3,89,10.1,14.8,320,2018-06-04
15.1,88,10.5,11.5,310,2018-06-05
15.9,85,1.1,16.9,306,2018-06-06
17.9,86,1.0,12.7,49,2018-06-07
19.8,82,3.6,12.3,164,2018-06-08
18.8,82,1.2,14.1,84,2018-06-09
17.9,79,8.2,15.5,185,2018-06-10
16.6,89,10.4,17.0,311,2018-06-11
16.9,89,21.2,33.8,286,2018-06-12
16.8,82,3.2,26.8,306,2018-06-13
16.5,83,0.1,13.7,313,2018-06-14
16.5,88,0.5,11.9,316,2018-06-15
17.2,85,0.5,13.0,350,2018-06-16
17.1,84,0.1,12.2,317,2018-06-17
16.7,89,1.7,14.0,314,2018-06-18
18.4,86,0.8,11.5,39,2018-06-19
19.2,89,0.0,14.2,304,2018-06-20
20.1,88,0.2,16.8,310,2018-06-21
19.5,86,0.1,13.7,321,2018-06-22
18.4,77,0.0,13.7,56,2018-06-23
20.1,73,0.0,13.8,98,2018-06-24
20.7,74,0.0,14.9,54,2018-06-25
20.2,80,0.0,13.5,306,2018-06-26
19.1,87,1.2,18.0,308,2018-06-27
19.1,86,0.9,12.5,309,2018-06-28
21.1,84,0.0,15.4,352,2018-06-29
22.6,84,6.5,10.8,147,2018-06-30
22.1,90,8.8,12.8,309,2018-07-01
20.9,88,0.1,14.9,341,2018-07-02
20.6,90,1.2,12.3,342,2018-07-03
19.7,94,16.6,16.9,338,2018-07-04
19.3,86,1.8,22.7,296,2018-07-05
19.8,85,0.0,15.1,34,2018-07-06
20.4,87,0.2,14.4,6,2018-07-07
21.5,90,1.5,11.4,310,2018-07-08
22.4,85,0.0,12.4,302,2018-07-09
22.3,87,0.0,12.2,310,2018-07-10
21.5,86,1.2,12.5,315,2018-07-11
20.6,85,2.9,14.0,309,2018-07-12
20.9,82,0.8,16.0,26,2018-07-13
22.1,88,0.0,12.6,313,2018-07-14
21.9,88,4.7,20.1,295,2018-07-15
20.2,85,6.5,31.1,293,2018-07-16
20.8,82,0.0,17.6,32,2018-07-17
22.7,85,0.2,14.6,20,2018-07-18
21.9,87,2.2,18.2,323,2018-07-19
19.7,84,7.3,20.0,309,2018-07-20
19.1,83,4.7,14.8,297,2018-07-21
19.6,88,1.3,12.9,304,2018-07-22
21.7,83,0.0,13.5,102,2018-07-23
22.1,89,0.3,14.0,306,2018-07-24
22.4,87,0.6,16.1,23,2018-07-25
21.7,90,0.6,11.5,333,2018-07-26
21.8,90,2.8,19.1,325,2018-07-27
20.6,88,5.4,14.6,331,2018-07-28
20.9,84,1.0,18.9,322,2018-07-29
21.9,82,0.0,13.7,26,2018-07-30
20.8,91,11.6,18.4,329,2018-07-31
21.4,83,1.5,16.3,29,2018-08-01
22.8,84,0.0,11.4,28,2018-08-02
24.2,82,0.0,9.6,297,2018-08-03
23.0,86,0.0,13.9,301,2018-08-04
23.5,84,0.0,9.7,305,2018-08-05
26.4,73,0.0,13.8,221,2018-08-06
22.2,77,0.5,25.4,297,2018-08-07
21.2,79,2.6,18.5,14,2018-08-08
19.2,78,8.5,30.1,298,2018-08-09
19.7,78,0.9,18.3,47,2018-08-10
20.6,82,0.0,12.8,21,2018-08-11
21.4,83,0.6,18.1,316,2018-08-12
20.5,86,5.9,21.3,301,2018-08-13
20.3,84,5.1,17.4,312,2018-08-14
20.9,81,0.0,14.3,57,2018-08-15
20.5,89,3.8,18.4,310,2018-08-16
19.1,87,12.8,14.8,345,2018-08-17
19.1,75,0.9,14.3,10,2018-08-18
19.5,83,0.0,12.9,357,2018-08-19
19.9,84,0.0,13.3,329,2018-08-20
20.9,85,0.0,14.0,12,2018-08-21
21.8,86,0.0,11.8,295,2018-08-22
21.8,87,1.5,14.1,314,2018-08-23
19.9,86,5.0,16.1,323,2018-08-24
19.3,74,1.0,15.1,320,2018-08-25
19.4,77,0.2,13.3,337,2018-08-26
20.9,79,0.0,14.0,53,2018-08-27
22.0,85,0.3,23.5,284,2018-08-28
20.4,90,5.1,14.8,323,2018-08-29
20.1,82,0.2,14.5,50,2018-08-30
20.1,81,0.0,14.4,5,2018-08-31
20.7,80,0.6,15.8,71,2018-09-01
20.6,71,0.0,15.9,85,2018-09-02
19.9,77,0.0,12.2,340,2018-09-03
20.5,80,0.3,13.0,310,2018-09-04
19.4,89,15.3,14.3,297,2018-09-05
19.0,91,14.6,15.3,304,2018-09-06
19.0,84,2.7,13.0,25,2018-09-07
20.5,81,0.0,11.1,188,2018-09-08
20.8,87,1.6,12.3,290,2018-09-09
20.3,85,0.8,13.0,31,2018-09-10
20.6,85,0.0,11.6,131,2018-09-11
21.0,85,0.2,20.6,298,2018-09-12
20.4,86,1.9,9.8,339,2018-09-13
19.7,86,0.0,14.0,59,2018-09-14
20.3,78,0.0,13.9,77,2018-09-15
20.0,85,0.0,17.7,296,2018-09-16
23.8,71,0.1,19.4,185,2018-09-17
21.6,82,0.2,16.1,358,2018-09-18
21.1,87,0.0,14.5,323,2018-09-19
21.4,85,0.0,13.8,343,2018-09-20
20.2,82,0.3,17.9,342,2018-09-21
21.6,79,0.0,10.6,73,2018-09-22
20.4,84,0.6,20.1,295,2018-09-23
17.4,79,5.4,16.8,18,2018-09-24
15.6,74,0.0,11.5,31,2018-09-25
19.7,70,0.0,18.8,161,2018-09-26
23.5,60,0.0,20.9,196,2018-09-27
19.6,85,0.0,11.8,314,2018-09-28
18.7,86,0.0,13.4,359,2018-09-29
16.9,80,0.0,12.9,284,2018-09-30
16.6,67,2.9,21.8,357,2018-10-01
15.6,63,0.0,13.0,25,2018-10-02
15.0,75,0.0,12.5,85,2018-10-03
16.6,78,0.0,12.8,117,2018-10-04
18.3,70,0.0,17.2,206,2018-10-05
15.5,82,4.0,36.9,282,2018-10-06
13.9,83,17.2,32.4,303,2018-10-07
15.3,91,16.8,20.1,353,2018-10-08
15.0,84,0.0,14.0,125,2018-10-09
17.8,66,0.1,23.3,171,2018-10-10
18.9,72,2.2,27.8,177,2018-10-11
21.8,57,0.0,27.2,182,2018-10-12
23.7,51,0.0,24.8,177,2018-10-13
16.5,85,13.8,26.0,268,2018-10-14
15.5,76,0.0,18.4,170,2018-10-15
15.4,87,0.0,12.3,33,2018-10-16
15.2,89,0.0,15.0,119,2018-10-17
16.5,94,1.2,11.0,333,2018-10-18
17.0,92,0.2,18.3,305,2018-10-19
16.7,89,0.1,13.5,307,2018-10-20
16.8,91,0.0,11.2,147,2018-10-21
16.2,84,0.3,17.7,317,2018-10-22
14.9,85,0.2,13.3,10,2018-10-23
13.6,85,0.0,9.8,273,2018-10-24
13.6,87,0.0,9.4,256,2018-10-25
14.1,91,5.8,17.7,299,2018-10-26
10.4,88,32.9,26.0,321,2018-10-27
8.1,87,19.8,23.9,315,2018-10-28
8.7,86,30.8,31.9,316,2018-10-29
10.5,71,0.1,22.0,177,2018-10-30
10.9,87,5.3,18.7,247,2018-10-31
12.5,85,5.4,21.0,274,2018-11-01
12.4,89,8.0,11.6,344,2018-11-02
10.7,83,0.0,8.5,152,2018-11-03
11.6,72,0.6,20.5,174,2018-11-04
12.4,78,6.4,23.7,166,2018-11-05
12.1,75,15.9,32.6,208,2018-11-06
13.8,75,7.8,36.5,199,2018-11-07
12.1,74,0.0,17.9,163,2018-11-08
12.9,73,5.5,31.6,201,2018-11-09
15.8,76,1.8,32.8,198,2018-11-10
15.9,73,8.3,28.8,191,2018-11-11
12.9,94,10.2,11.4,290,2018-11-12
13.1,92,1.3,10.6,118,2018-11-13
15.0,79,0.0,21.2,181,2018-11-14
16.6,76,0.0,19.5,177,2018-11-15
15.3,80,0.0,16.2,173,2018-11-16
15.5,78,0.0,19.5,176,2018-11-17
12.4,86,7.9,13.1,134,2018-11-18
11.0,87,0.4,12.6,94,2018-11-19
8.2,84,2.0,13.0,68,2018-11-20
10.1,78,1.1,17.7,164,2018-11-21
12.4,63,0.0,22.5,176,2018-11-22
11.6,75,5.6,20.5,186,2018-11-23
12.8,61,0.0,20.5,193,2018-11-24
11.2,77,6.0,23.0,259,2018-11-25
9.8,91,22.3,28.7,293,2018-11-26
11.0,81,4.4,15.0,211,2018-11-27
12.8,58,0.0,25.7,192,2018-11-28
13.7,51,1.5,33.3,190,2018-11-29
10.7,82,3.3,22.6,248,2018-11-30
11.6,73,2.9,20.3,190,2018-12-01
14.2,68,0.0,21.8,194,2018-12-02
14.1,76,3.8,24.2,198,2018-12-03
14.2,83,0.0,13.3,179,2018-12-04
14.3,73,0.0,18.3,195,2018-12-05
12.5,81,0.5,13.5,238,2018-12-06
11.1,83,5.6,18.5,220,2018-12-07
11.7,77,0.2,15.5,253,2018-12-08
12.4,83,3.7,23.4,282,2018-12-09
10.9,87,0.3,7.9,169,2018-12-10
8.8,84,0.0,13.2,178,2018-12-11
11.3,85,1.9,21.4,228,2018-12-12
11.1,80,15.1,38.3,264,2018-12-13
10.4,87,10.1,31.8,282,2018-12-14
13.0,72,2.6,28.3,195,2018-12-15
11.4,90,15.7,27.2,274,2018-12-16
9.2,72,0.0,20.7,188,2018-12-17
11.4,50,0.0,41.1,176,2018-12-18
10.4,75,1.6,21.2,206,2018-12-19
11.4,73,0.0,19.6,193,2018-12-20
14.1,66,0.0,28.6,198,2018-12-21
14.4,73,0.0,18.3,193,2018-12-22
12.2,75,0.0,16.0,184,2018-12-23
9.9,84,0.0,10.7,175,2018-12-24
10.1,92,0.0,13.3,149,2018-12-25
10.8,79,0.0,18.9,187,2018-12-26
8.4,80,0.0,11.1,184,2018-12-27
10.2,89,1.3,12.3,268,2018-12-28
9.9,91,1.4,11.2,9,2018-12-29
7.0,88,0.0,7.1,149,2018-12-30
6.1,93,0.0,7.1,161,2018-12-31
6.4,91,0.0,8.0,171,2019-01-01
7.8,85,0.1,12.7,61,2019-01-02
4.9,85,0.0,8.7,148,2019-01-03
3.1,86,0.0,7.1,173,2019-01-04
4.0,83,0.0,6.2,160,2019-01-05
5.6,85,0.0,9.7,156,2019-01-06
6.3,82,0.0,9.7,81,2019-01-07
7.8,83,0.1,12.3,258,2019-01-08
9.4,82,3.1,20.7,328,2019-01-09
7.4,67,0.7,19.2,28,2019-01-10
6.3,74,0.1,13.5,70,2019-01-11
8.0,91,4.9,16.6,307,2019-01-12
9.4,84,0.7,17.1,275,2019-01-13
10.6,89,2.9,16.6,288,2019-01-14
8.9,90,0.6,9.0,125,2019-01-15
8.5,72,0.1,16.2,194,2019-01-16
8.6,87,12.0,21.6,275,2019-01-17
6.6,90,1.8,13.0,188,2019-01-18
8.0,77,1.9,20.7,190,2019-01-19
9.3,89,28.2,20.4,312,2019-01-20
8.4,80,18.0,15.2,342,2019-01-21
7.3,89,17.8,29.0,275,2019-01-22
9.7,91,33.5,47.1,307,2019-01-23
8.4,94,18.8,34.0,346,2019-01-24
10.9,91,9.7,29.1,315,2019-01-25
10.5,85,1.2,15.5,267,2019-01-26
9.2,75,6.8,37.6,291,2019-01-27
9.7,81,17.3,42.3,300,2019-01-28
8.8,88,24.7,40.6,271,2019-01-29
8.5,80,10.7,35.0,269,2019-01-30
11.4,89,25.0,24.2,218,2019-01-31
9.3,82,9.1,25.1,207,2019-02-01
7.1,82,25.0,41.7,315,2019-02-02
7.3,75,6.5,24.1,347,2019-02-03
6.1,81,0.9,13.8,185,2019-02-04
10.1,89,1.8,10.2,184,2019-02-05
10.4,84,0.0,12.4,198,2019-02-06
9.6,86,1.5,18.3,247,2019-02-07
9.4,76,0.0,20.4,197,2019-02-08
12.4,64,0.0,20.2,195,2019-02-09
11.8,73,4.3,34.9,247,2019-02-10
8.8,89,4.7,19.3,288,2019-02-11
7.4,85,0.1,11.3,148,2019-02-12
8.3,82,0.0,10.4,177,2019-02-13
11.7,66,0.0,23.5,183,2019-02-14
12.8,59,0.0,23.9,185,2019-02-15
11.9,64,0.0,24.1,179,2019-02-16
13.0,44,0.0,28.2,180,2019-02-17
11.4,65,1.2,21.6,215,2019-02-18
9.7,93,6.7,14.6,332,2019-02-19
10.3,81,0.0,18.6,193,2019-02-20
12.8,66,0.0,17.3,184,2019-02-21
14.0,61,0.0,17.4,180,2019-02-22
11.6,68,0.0,15.2,243,2019-02-23
11.4,76,0.0,9.3,213,2019-02-24
11.1,76,0.0,14.4,197,2019-02-25
14.1,68,0.0,19.8,181,2019-02-26
15.3,52,0.0,22.6,209,2019-02-27
11.6,78,0.0,13.4,284,2019-02-28
10.3,82,0.0,11.2,215,2019-03-01
12.1,80,0.0,11.7,253,2019-03-02
15.6,52,0.0,24.6,196,2019-03-03
12.6,73,8.2,26.0,291,2019-03-04
13.5,60,0.3,21.0,187,2019-03-05
15.4,56,2.2,28.3,187,2019-03-06
11.5,60,0.9,34.0,224,2019-03-07
10.9,80,9.8,18.7,293,2019-03-08
13.1,75,0.7,10.5,187,2019-03-09
12.2,87,1.2,20.3,284,2019-03-10
11.1,73,0.8,13.0,6,2019-03-11
11.6,70,2.6,30.3,263,2019-03-12
9.4,82,8.0,29.6,295,2019-03-13
10.2,80,4.0,24.8,288,2019-03-14
10.8,77,0.0,14.2,276,2019-03-15
12.4,77,0.0,15.3,213,2019-03-16
10.1,79,2.4,22.5,304,2019-03-17
9.7,78,5.8,17.1,315,2019-03-18
9.8,87,17.1,17.5,348,2019-03-19
9.5,76,1.0,14.7,27,2019-03-20
9.8,81,0.1,12.0,305,2019-03-21
10.8,71,0.0,14.2,200,2019-03-22
12.1,70,0.0,12.8,155,2019-03-23
11.4,84,0.0,12.2,297,2019-03-24
11.3,79,0.1,16.8,6,2019-03-25
10.1,67,0.0,16.3,50,2019-03-26
9.8,74,0.0,14.1,1,2019-03-27
10.2,83,0.0,12.4,313,2019-03-28
11.4,74,0.0,12.7,187,2019-03-29
14.5,57,0.1,20.3,192,2019-03-30
12.8,67,0.0,13.4,132,2019-03-31
12.9,78,2.6,10.8,144,2019-04-01
11.7,83,2.7,21.9,294,2019-04-02
8.0,90,15.4,25.5,282,2019-04-03
9.7,65,0.6,21.3,245,2019-04-04
11.3,69,3.6,18.9,192,2019-04-05
10.1,76,4.0,22.0,235,2019-04-06
10.1,75,1.0,18.2,269,2019-04-07
12.2,78,7.3,21.3,226,2019-04-08
10.9,77,9.0,19.4,219,2019-04-09
9.9,83,1.7,16.8,295,2019-04-10
10.8,87,9.0,19.7,302,2019-04-11
11.1,82,1.9,11.2,323,2019-04-12
11.1,74,0.0,13.6,132,2019-04-13
13.8,77,0.0,10.0,70,2019-04-14
15.5,81,11.3,26.1,213,2019-04-15
13.7,75,0.0,17.7,99,2019-04-16
17.5,62,0.0,28.6,153,2019-04-17
15.0,82,12.1,19.5,159,2019-04-18
14.7,85,1.8,13.5,25,2019-04-19
13.7,78,0.0,13.8,300,2019-04-20
13.0,82,0.2,13.6,345,2019-04-21
15.2,72,0.0,14.6,155,2019-04-22
13.9,81,11.0,20.8,209,2019-04-23
12.5,69,3.4,31.3,182,2019-04-24
13.8,59,0.8,23.9,209,2019-04-25
11.8,76,2.7,27.4,281,2019-04-26
11.9,82,1.8,17.6,273,2019-04-27
12.4,80,0.6,15.6,42,2019-04-28
12.3,79,0.0,15.3,84,2019-04-29
13.3,82,0.0,14.3,47,2019-04-30
12.4,81,0.4,22.2,297,2019-05-01
12.7,81,1.6,15.3,307,2019-05-02
11.6,86,8.6,18.9,328,2019-05-03
11.8,82,1.3,23.7,321,2019-05-04
10.0,66,0.3,18.0,69,2019-05-05
11.9,66,0.0,17.3,110,2019-05-06
13.6,78,0.2,11.9,230,2019-05-07
15.9,70,5.2,22.9,196,2019-05-08
14.0,70,4.4,15.1,147,2019-05-09
15.9,89,3.4,20.9,8,2019-05-10
14.2,84,2.2,21.5,306,2019-05-11
13.7,79,0.0,15.3,64,2019-05-12
13.4,69,0.0,14.7,34,2019-05-13
14.0,73,0.0,15.3,42,2019-05-14
15.0,70,0.0,13.5,47,2019-05-15
13.7,79,0.5,25.4,288,2019-05-16
12.3,89,14.3,32.4,293,2019-05-17
10.9,84,13.7,27.0,270,2019-05-18
11.8,91,29.9,31.3,288,2019-05-19
12.6,82,0.3,12.6,307,2019-05-20
13.6,82,0.2,16.5,53,2019-05-21
15.0,80,0.0,14.7,96,2019-05-22
15.2,84,1.5,19.1,299,2019-05-23
14.2,89,4.8,24.7,302,2019-05-24
14.0,89,5.8,21.9,314,2019-05-25
14.2,91,5.4,19.4,312,2019-05-26
14.4,91,5.2,18.7,306,2019-05-27
14.0,81,5.7,26.5,310,2019-05-28
14.7,81,2.3,17.4,325,2019-05-29
16.6,77,0.0,12.8,102,2019-05-30
19.4,76,0.0,12.6,104,2019-05-31
22.0,71,0.0,15.1,201,2019-06-01
19.6,75,0.0,12.9,319,2019-06-02
18.0,82,0.1,15.6,352,2019-06-03
17.0,84,1.8,21.7,309,2019-06-04
14.0,84,18.9,26.9,293,2019-06-05
17.2,66,0.7,17.2,145,2019-06-06
16.0,60,2.9,25.4,257,2019-06-07
14.8,76,0.3,19.3,34,2019-06-08
14.8,88,4.2,20.6,348,2019-06-09
13.9,81,2.9,12.9,314,2019-06-10
13.3,82,8.8,27.1,292,2019-06-11
14.1,71,0.3,21.2,282,2019-06-12
13.9,85,0.8,18.4,352,2019-06-13
14.7,85,0.5,13.7,15,2019-06-14
15.4,78,0.0,13.3,331,2019-06-15
16.7,80,0.0,15.4,54,2019-06-16
18.3,82,0.0,15.0,304,2019-06-17
21.0,74,0.0,23.6,265,2019-06-18
18.4,82,0.1,13.8,330,2019-06-19
17.1,88,1.6,12.7,345,2019-06-20
16.0,87,16.2,12.1,1,2019-06-21
18.8,74,0.0,15.8,108,2019-06-22
19.8,78,0.0,13.9,290,2019-06-23
18.7,87,0.1,17.9,297,2019-06-24
19.2,86,1.3,13.0,340,2019-06-25
24.5,73,0.0,24.4,320,2019-06-26
24.4,73,0.0,23.7,313,2019-06-27
20.1,79,0.0,19.9,321,2019-06-28
18.8,86,0.0,19.5,334,2019-06-29
18.6,85,0.3,13.6,326,2019-06-30
18.7,82,2.0,18.5,319,2019-07-01
18.7,89,0.8,15.5,312,2019-07-02
20.9,86,3.0,16.0,348,2019-07-03
24.6,78,0.1,14.8,55,2019-07-04
22.6,83,0.4,14.0,320,2019-07-05
20.5,85,0.0,15.3,317,2019-07-06
20.1,83,0.0,13.6,335,2019-07-07
19.6,91,15.7,14.8,337,2019-07-08
19.5,89,13.2,28.7,295,2019-07-09
20.0,79,0.0,11.1,306,2019-07-10
19.7,82,0.0,11.3,325,2019-07-11
20.4,78,0.0,12.0,8,2019-07-12
20.8,85,0.0,14.6,31,2019-07-13
21.1,85,1.1,16.8,306,2019-07-14
20.5,80,0.0,13.5,340,2019-07-15
19.9,82,0.0,15.7,323,2019-07-16
20.5,83,1.3,14.6,324,2019-07-17
20.1,77,0.2,13.0,331,2019-07-18
21.4,76,0.0,14.8,47,2019-07-19
21.4,82,0.0,14.8,320,2019-07-20
21.4,86,2.4,16.8,23,2019-07-21
23.3,81,0.0,13.3,1,2019-07-22
25.8,72,0.0,21.9,233,2019-07-23
24.9,80,0.0,11.7,24,2019-07-24
23.0,86,0.6,17.3,312,2019-07-25
19.3,91,19.3,20.1,309,2019-07-26
17.5,93,20.5,18.6,299,2019-07-27
18.9,83,5.8,14.6,329,2019-07-28
19.2,78,0.8,20.9,298,2019-07-29
18.8,74,2.9,20.9,304,2019-07-30
18.8,76,0.0,15.8,44,2019-07-31
19.0,89,18.1,13.5,16,2019-08-01
19.9,85,0.0,14.3,35,2019-08-02
20.6,87,0.0,13.0,339,2019-08-03
20.6,88,0.2,11.9,319,2019-08-04
20.9,85,0.0,14.6,9,2019-08-05
20.9,85,0.2,13.8,345,2019-08-06
22.5,80,0.3,13.8,60,2019-08-07
26.8,64,0.0,17.9,186,2019-08-08
26.1,64,0.2,17.3,188,2019-08-09
20.2,85,5.0,12.6,15,2019-08-10
18.2,88,18.9,14.1,338,2019-08-11
17.7,79,2.1,23.7,300,2019-08-12
17.9,78,0.4,12.4,357,2019-08-13
19.0,77,0.1,13.1,282,2019-08-14
19.9,82,1.9,15.9,322,2019-08-15
19.2,80,0.0,13.4,243,2019-08-16
21.4,74,0.0,14.1,61,2019-08-17
19.7,86,3.4,21.7,315,2019-08-18
18.5,81,3.5,12.0,360,2019-08-19
19.3,75,1.0,16.3,31,2019-08-20
19.8,78,0.0,13.7,22,2019-08-21
19.8,79,0.0,13.0,347,2019-08-22
22.0,70,0.0,10.8,186,2019-08-23
21.3,73,0.0,20.0,290,2019-08-24
20.8,85,0.4,13.9,359,2019-08-25
21.9,84,0.0,14.7,346,2019-08-26
21.2,89,1.8,10.8,326,2019-08-27
22.3,86,0.0,15.5,24,2019-08-28
22.0,83,0.0,17.4,45,2019-08-29
21.7,83,0.0,14.7,11,2019-08-30
21.2,87,0.6,13.0,340,2019-08-31
19.7,91,7.3,20.3,5,2019-09-01
19.1,69,0.4,14.1,12,2019-09-02
18.5,74,0.0,14.3,42,2019-09-03
18.0,79,0.3,18.9,314,2019-09-04
17.9,77,9.9,18.4,349,2019-09-05
17.8,66,0.1,16.6,19,2019-09-06
17.8,73,0.4,14.7,325,2019-09-07
17.9,75,0.7,13.7,347,2019-09-08
16.1,76,0.6,25.6,288,2019-09-09
15.9,81,28.3,31.6,318,2019-09-10
18.6,75,1.8,22.1,354,2019-09-11
17.6,84,0.1,14.4,67,2019-09-12
17.9,88,0.0,10.8,303,2019-09-13
21.1,81,0.0,12.5,110,2019-09-14
20.7,84,2.1,10.1,192,2019-09-15
20.8,88,0.9,12.1,211,2019-09-16
20.2,89,0.0,10.7,291,2019-09-17
19.6,92,7.1,15.0,291,2019-09-18
19.0,83,0.0,12.5,302,2019-09-19
22.1,73,0.7,15.6,165,2019-09-20
23.4,62,0.0,21.3,175,2019-09-21
19.2,82,12.4,18.8,327,2019-09-22
18.9,76,1.2,13.2,177,2019-09-23
20.2,70,2.6,26.4,229,2019-09-24
18.5,79,1.2,19.4,286,2019-09-25
18.3,81,0.0,15.2,59,2019-09-26
18.6,84,1.4,15.2,261,2019-09-27
18.6,84,0.0,13.0,57,2019-09-28
19.5,67,0.0,12.7,213,2019-09-29
21.1,79,0.1,11.5,138,2019-09-30
19.0,86,3.7,21.9,295,2019-10-01
16.8,88,14.1,27.2,292,2019-10-02
16.3,83,0.0,9.3,214,2019-10-03
17.2,87,3.5,13.7,287,2019-10-04
17.2,87,0.1,14.0,18,2019-10-05
16.3,89,4.3,20.0,298,2019-10-06
17.0,79,0.0,8.0,180,2019-10-07
17.9,77,1.4,21.5,272,2019-10-08
16.8,83,4.0,19.6,294,2019-10-09
15.9,80,0.0,11.6,152,2019-10-10
18.5,72,0.0,18.1,192,2019-10-11
21.8,66,0.0,23.1,182,2019-10-12
22.1,60,0.0,20.6,185,2019-10-13
16.8,78,11.9,17.0,281,2019-10-14
15.2,66,0.8,17.3,217,2019-10-15
18.3,56,1.6,26.2,196,2019-10-16
18.1,78,7.1,20.4,215,2019-10-17
16.3,87,4.4,10.1,68,2019-10-18
16.6,78,5.3,12.2,177,2019-10-19
12.9,95,45.1,23.4,285,2019-10-20
12.1,84,1.8,10.6,233,2019-10-21
11.6,93,12.3,14.8,20,2019-10-22
14.7,90,10.2,30.0,276,2019-10-23
13.7,86,21.8,22.9,222,2019-10-24
17.2,74,0.0,17.8,183,2019-10-25
19.2,62,0.0,22.0,184,2019-10-26
18.7,66,0.0,17.8,178,2019-10-27
19.0,72,0.0,17.3,189,2019-10-28
16.6,86,0.0,10.8,199,2019-10-29
18.3,76,0.8,20.0,195,2019-10-30
17.0,91,5.2,15.3,281,2019-10-31
18.0,91,6.7,10.8,188,2019-11-01
15.7,93,13.7,15.6,268,2019-11-02
14.9,72,7.8,50.8,262,2019-11-03
15.1,80,17.9,26.5,254,2019-11-04
11.8,80,22.1,33.1,264,2019-11-05
12.7,87,18.4,27.0,271,2019-11-06
10.8,85,16.6,27.3,276,2019-11-07
10.0,81,23.0,39.1,275,2019-11-08
10.4,91,27.7,33.1,265,2019-11-09
9.4,90,35.7,27.5,294,2019-11-10
11.0,80,8.1,45.7,302,2019-11-11
11.2,87,12.4,20.9,271,2019-11-12
11.6,86,10.4,18.4,302,2019-11-13
8.6,86,19.6,32.4,268,2019-11-14
7.6,88,10.2,34.2,272,2019-11-15
8.3,87,10.2,31.4,265,2019-11-16
8.9,91,20.3,26.3,241,2019-11-17
9.6,83,11.7,21.5,337,2019-11-18
8.7,81,0.3,14.1,171,2019-11-19
10.5,67,0.4,20.6,181,2019-11-20
11.4,68,0.1,20.1,191,2019-11-21
11.7,71,5.0,38.4,172,2019-11-22
11.2,84,31.2,44.3,271,2019-11-23
11.6,80,6.4,24.4,231,2019-11-24
13.9,84,2.5,19.1,191,2019-11-25
16.4,71,0.5,29.8,193,2019-11-26
13.0,82,3.8,16.5,212,2019-11-27
12.2,91,10.5,13.8,214,2019-11-28
13.1,90,1.8,12.4,263,2019-11-29
12.7,86,15.3,27.6,194,2019-11-30
10.3,83,7.7,15.9,207,2019-12-01
9.2,92,13.3,22.7,33,2019-12-02
7.8,79,0.4,10.8,46,2019-12-03
7.0,83,0.8,14.3,250,2019-12-04
10.9,90,0.7,10.2,358,2019-12-05
9.5,87,0.0,11.9,204,2019-12-06
9.9,84,0.0,10.3,185,2019-12-07
10.7,85,8.9,23.6,219,2019-12-08
11.4,83,3.4,33.2,288,2019-12-09
10.9,79,0.3,18.2,192,2019-12-10
10.6,74,10.5,30.8,264,2019-12-11
10.4,89,31.8,37.5,238,2019-12-12
14.9,83,8.4,45.2,282,2019-12-13
13.7,69,0.0,23.5,204,2019-12-14
14.8,64,0.0,29.7,201,2019-12-15
13.8,63,0.0,20.4,168,2019-12-16
9.8,87,5.1,18.3,273,2019-12-17
12.1,63,0.0,35.8,179,2019-12-18
15.3,63,2.1,27.9,154,2019-12-19
12.5,83,17.4,19.8,211,2019-12-20
12.9,78,12.2,25.9,197,2019-12-21
12.3,73,3.6,38.8,274,2019-12-22
11.7,71,0.2,25.0,209,2019-12-23
14.3,74,0.0,20.6,194,2019-12-24
13.4,74,0.0,18.4,180,2019-12-25
13.5,73,0.0,25.8,269,2019-12-26
7.8,86,0.0,11.3,162,2019-12-27
7.7,86,0.0,9.4,157,2019-12-28
7.9,87,0.0,12.2,173,2019-12-29
7.2,71,0.0,11.7,185,2019-12-30
7.4,76,0.0,8.4,194,2019-12-31
8.0,82,0.0,10.8,179,2020-01-01
7.8,73,0.0,15.6,185,2020-01-02
7.8,81,2.1,13.4,195,2020-01-03
9.9,93,2.2,11.4,332,2020-01-04
8.2,87,0.0,8.2,118,2020-01-05
7.3,85,0.0,12.1,194,2020-01-06
8.8,85,0.0,12.2,183,2020-01-07
9.9,83,0.0,11.5,182,2020-01-08
11.9,70,0.5,26.4,204,2020-01-09
10.1,82,4.9,24.0,296,2020-01-10
8.4,88,0.4,8.5,188,2020-01-11
6.5,77,0.0,10.7,184,2020-01-12
7.8,64,0.0,29.3,193,2020-01-13
11.2,59,0.0,33.1,193,2020-01-14
13.2,66,0.1,38.0,191,2020-01-15
13.9,63,0.0,23.5,166,2020-01-16
10.9,75,8.7,21.7,266,2020-01-17
9.9,74,4.2,25.2,176,2020-01-18
8.6,76,6.0,28.0,34,2020-01-19
6.4,68,0.2,24.8,53,2020-01-20
6.6,79,0.0,15.6,46,2020-01-21
8.7,86,4.1,11.5,78,2020-01-22
8.1,83,0.0,12.1,175,2020-01-23
10.3,74,1.1,19.8,180,2020-01-24
9.5,83,1.3,12.0,188,2020-01-25
9.0,80,1.4,18.7,195,2020-01-26
12.3,66,0.9,30.4,201,2020-01-27
11.6,78,2.7,19.3,278,2020-01-28
11.4,80,2.8,22.4,184,2020-01-29
14.9,72,4.3,23.2,201,2020-01-30
15.0,75,0.0,17.0,189,2020-01-31
16.3,81,3.0,20.8,200,2020-02-01
17.8,67,0.0,25.4,198,2020-02-02
16.8,63,0.0,21.1,194,2020-02-03
12.0,87,3.3,14.9,334,2020-02-04
9.4,73,0.0,15.2,74,2020-02-05
10.1,68,0.0,21.2,178,2020-02-06
12.1,71,0.0,19.7,185,2020-02-07
10.8,83,1.6,16.7,194,2020-02-08
13.2,70,0.0,27.9,194,2020-02-09
14.4,79,0.2,27.3,220,2020-02-10
12.2,92,7.3,18.2,299,2020-02-11
11.5,86,0.5,16.2,137,2020-02-12
13.9,76,0.7,18.9,227,2020-02-13
12.9,82,0.0,11.6,142,2020-02-14
13.0,71,0.0,22.2,193,2020-02-15
17.2,55,0.0,33.7,196,2020-02-16
12.3,82,6.0,25.7,289,2020-02-17
9.8,80,0.1,16.1,290,2020-02-18
9.2,79,0.4,11.1,174,2020-02-19
10.1,72,0.0,18.8,224,2020-02-20
10.8,82,0.0,13.4,118,2020-02-21
10.3,86,0.0,14.7,235,2020-02-22
10.6,87,0.0,10.8,198,2020-02-23
8.7,91,0.0,14.5,252,2020-02-24
10.7,90,6.2,25.9,259,2020-02-25
9.8,86,16.2,33.7,289,2020-02-26
11.9,80,4.2,22.8,236,2020-02-27
13.6,75,0.4,15.2,195,2020-02-28
13.0,74,13.0,26.2,220,2020-02-29
11.6,81,4.5,27.9,235,2020-03-01
9.4,85,24.4,41.9,279,2020-03-02
10.9,79,8.8,48.5,269,2020-03-03
13.4,90,5.3,12.8,204,2020-03-04
13.3,78,9.1,41.8,260,2020-03-05
8.5,82,17.3,41.3,289,2020-03-06
10.4,88,6.5,27.6,307,2020-03-07
10.0,81,1.5,19.7,222,2020-03-08
10.5,87,6.8,24.8,291,2020-03-09
10.6,84,0.0,12.3,191,2020-03-10
12.3,84,0.0,14.5,127,2020-03-11
11.6,92,3.4,13.0,350,2020-03-12
10.7,82,1.6,13.1,43,2020-03-13
8.5,79,0.0,9.8,148,2020-03-14
10.5,81,9.2,28.8,261,2020-03-15
9.3,95,27.8,23.8,342,2020-03-16
11.7,89,1.2,13.0,6,2020-03-17
12.9,86,0.0,15.6,190,2020-03-18
14.9,76,0.0,16.6,184,2020-03-19
15.5,55,0.0,20.5,171,2020-03-20
15.3,62,0.0,18.0,165,2020-03-21
12.1,88,0.0,15.8,298,2020-03-22
12.2,88,0.1,12.7,32,2020-03-23
12.4,85,0.0,11.9,124,2020-03-24
10.7,83,0.1,14.5,306,2020-03-25
10.1,65,1.5,22.8,327,2020-03-26
9.1,69,0.0,15.5,39,2020-03-27
10.3,74,0.0,13.1,65,2020-03-28
8.9,83,2.3,17.0,359,2020-03-29
6.3,84,8.8,17.6,18,2020-03-30
5.6,92,3.7,13.0,121,2020-03-31
11.1,85,0.9,14.8,124,2020-04-01
11.2,83,1.7,16.9,321,2020-04-02
10.0,74,0.0,14.3,40,2020-04-03
13.7,63,0.0,17.7,164,2020-04-04
17.4,58,0.4,28.9,168,2020-04-05
13.6,89,7.4,19.5,273,2020-04-06
15.2,85,1.5,12.2,174,2020-04-07
15.3,86,1.4,12.7,215,2020-04-08
17.7,74,0.1,13.7,152,2020-04-09
16.7,82,3.3,12.6,189,2020-04-10
14.6,97,13.8,15.5,312,2020-04-11
14.3,97,15.1,11.9,348,2020-04-12
13.5,88,2.5,11.4,10,2020-04-13
14.2,84,0.0,15.5,66,2020-04-14
17.0,69,0.7,26.2,156,2020-04-15
17.2,66,2.1,26.5,172,2020-04-16
17.8,64,0.3,22.6,186,2020-04-17
15.1,82,6.4,12.6,252,2020-04-18
13.7,95,6.1,17.4,295,2020-04-19
14.2,85,0.4,14.9,301,2020-04-20
12.8,97,10.5,18.8,316,2020-04-21
13.4,92,4.6,18.3,306,2020-04-22
14.7,84,0.0,14.5,62,2020-04-23
15.6,89,0.1,9.8,301,2020-04-24
15.6,93,1.2,13.0,305,2020-04-25
15.3,90,0.5,11.3,346,2020-04-26
14.4,89,9.5,14.0,312,2020-04-27
13.6,82,7.5,14.8,302,2020-04-28
14.9,72,0.2,23.5,201,2020-04-29
15.2,75,0.3,16.0,246,2020-04-30
17.6,78,10.0,24.2,245,2020-05-01
17.5,83,0.4,15.6,130,2020-05-02
18.9,78,0.0,17.8,86,2020-05-03
22.3,69,0.2,29.6,177,2020-05-04
18.9,72,0.0,15.8,128,2020-05-05
17.1,83,0.0,11.4,310,2020-05-06
18.4,83,0.0,11.4,35,2020-05-07
20.7,71,1.2,18.6,205,2020-05-08
18.1,88,5.0,15.6,208,2020-05-09
15.4,94,16.7,24.5,301,2020-05-10
14.7,87,7.1,24.0,294,2020-05-11
13.2,81,1.2,12.3,23,2020-05-12
13.7,88,4.2,12.0,344,2020-05-13
14.0,86,1.9,13.2,23,2020-05-14
13.9,82,4.1,19.6,333,2020-05-15
14.5,81,1.5,18.5,308,2020-05-16
14.4,78,0.0,13.0,316,2020-05-17
14.9,79,0.0,12.6,354,2020-05-18
16.4,77,0.0,11.9,352,2020-05-19
18.5,72,0.0,15.5,5,2020-05-20
19.7,72,0.0,17.7,342,2020-05-21
19.0,79,0.0,15.6,346,2020-05-22
16.1,87,9.1,19.2,8,2020-05-23
15.5,80,0.3,15.5,68,2020-05-24
16.7,80,0.0,13.0,325,2020-05-25
17.1,80,0.0,12.7,296,2020-05-26
18.5,77,0.0,12.5,2,2020-05-27
22.9,61,0.0,17.0,125,2020-05-28
21.5,67,0.0,13.3,332,2020-05-29
21.4,66,0.0,14.2,53,2020-05-30
21.1,76,0.0,14.8,195,2020-05-31
20.7,81,0.0,16.3,289,2020-06-01
20.5,85,0.0,12.4,6,2020-06-02
19.4,89,3.8,18.5,304,2020-06-03
16.0,88,14.7,28.5,292,2020-06-04
16.8,75,4.5,23.3,293,2020-06-05
17.1,84,6.7,18.8,304,2020-06-06
14.6,76,3.7,15.9,328,2020-06-07
14.3,87,13.3,22.0,301,2020-06-08
15.1,80,2.8,19.7,296,2020-06-09
15.6,81,0.8,9.2,300,2020-06-10
14.3,90,19.4,25.7,249,2020-06-11
14.4,77,4.2,22.9,237,2020-06-12
15.8,80,1.7,15.2,260,2020-06-13
16.8,78,2.1,14.6,332,2020-06-14
17.1,77,0.7,12.3,357,2020-06-15
15.9,88,6.7,17.7,303,2020-06-16
15.7,86,2.2,18.4,289,2020-06-17
16.1,82,2.0,12.9,316,2020-06-18
16.2,83,0.0,15.2,354,2020-06-19
18.0,77,0.0,14.9,38,2020-06-20
18.7,75,0.0,12.9,327,2020-06-21
20.3,75,0.0,15.5,60,2020-06-22
21.6,75,0.0,12.8,86,2020-06-23
21.5,82,0.0,12.6,317,2020-06-24
19.9,85,11.3,16.7,327,2020-06-25
18.3,87,1.7,14.4,320,2020-06-26
20.7,76,0.0,17.6,311,2020-06-27
20.3,80,0.4,13.7,332,2020-06-28
18.7,82,1.1,14.8,347,2020-06-29
20.1,76,0.0,14.1,27,2020-06-30
19.5,84,1.4,15.7,321,2020-07-01
17.5,88,6.7,16.1,328,2020-07-02
17.6,76,1.3,12.9,324,2020-07-03
18.2,71,0.0,11.9,324,2020-07-04
19.6,74,0.0,13.2,334,2020-07-05
18.8,84,4.2,20.0,359,2020-07-06
19.0,70,0.0,15.0,32,2020-07-07
20.3,75,0.0,15.7,8,2020-07-08
20.2,83,0.0,15.1,308,2020-07-09
19.3,84,1.6,16.1,323,2020-07-10
20.0,75,0.7,14.7,14,2020-07-11
20.3,80,4.0,18.2,339,2020-07-12
20.7,77,0.0,15.9,304,2020-07-13
19.2,77,0.0,18.8,309,2020-07-14
18.8,76,2.0,17.8,316,2020-07-15
19.2,74,0.0,13.2,329,2020-07-16
19.6,77,0.7,13.6,359,2020-07-17
21.5,73,0.0,16.5,54,2020-07-18
21.6,73,0.0,14.4,299,2020-07-19
21.6,81,0.0,15.1,312,2020-07-20
21.4,79,0.0,16.1,316,2020-07-21
21.8,84,0.0,14.1,335,2020-07-22
22.0,84,0.0,14.1,319,2020-07-23
20.7,79,0.1,15.0,322,2020-07-24
20.8,77,0.0,15.9,348,2020-07-25
21.6,79,0.0,13.5,6,2020-07-26
22.3,81,0.0,19.3,322,2020-07-27
21.3,86,2.4,17.8,1,2020-07-28
20.8,77,0.1,15.0,34,2020-07-29
27.7,62,0.0,25.5,179,2020-07-30
23.6,77,0.0,16.6,326,2020-07-31
21.6,82,2.5,19.5,318,2020-08-01
20.0,82,3.2,13.3,344,2020-08-02
20.5,70,0.4,13.9,352,2020-08-03
20.5,75,0.0,14.5,25,2020-08-04
21.7,69,0.0,12.7,69,2020-08-05
25.6,60,0.0,15.3,97,2020-08-06
24.2,74,0.0,21.6,307,2020-08-07
22.9,74,0.0,13.4,320,2020-08-08
22.9,83,0.0,15.4,328,2020-08-09
22.1,84,0.2,14.8,324,2020-08-10
23.9,82,1.1,7.9,32,2020-08-11
23.0,81,14.5,20.4,238,2020-08-12
20.4,79,2.3,21.2,297,2020-08-13
20.3,81,0.0,17.2,42,2020-08-14
20.3,86,1.6,25.3,305,2020-08-15
20.1,71,0.0,14.7,290,2020-08-16
20.3,76,2.2,12.6,151,2020-08-17
22.7,75,0.0,9.9,173,2020-08-18
27.5,47,0.0,20.9,194,2020-08-19
24.5,65,0.0,21.4,222,2020-08-20
22.2,81,1.9,15.5,5,2020-08-21
20.3,85,2.0,13.0,2,2020-08-22
20.5,78,0.0,12.8,342,2020-08-23
20.5,76,0.0,15.6,57,2020-08-24
21.6,74,0.0,18.7,300,2020-08-25
23.0,80,0.0,14.8,28,2020-08-26
22.6,85,0.2,19.8,322,2020-08-27
19.4,85,11.2,21.6,297,2020-08-28
16.4,87,21.3,24.7,300,2020-08-29
16.2,78,7.4,18.9,298,2020-08-30
17.2,71,0.0,15.4,140,2020-08-31
18.4,74,0.2,12.4,341,2020-09-01
19.3,73,0.3,14.1,6,2020-09-02
19.5,67,0.0,14.3,121,2020-09-03
22.6,67,0.0,13.5,222,2020-09-04
20.8,81,1.0,18.3,332,2020-09-05
19.1,70,0.9,16.8,355,2020-09-06
17.9,73,5.7,15.8,14,2020-09-07
18.9,71,0.2,15.3,51,2020-09-08
19.5,74,0.0,13.5,299,2020-09-09
20.0,79,0.0,11.4,294,2020-09-10
21.1,80,0.0,16.5,63,2020-09-11
20.5,79,0.0,15.6,64,2020-09-12
23.9,63,0.0,17.7,135,2020-09-13
26.9,44,0.0,21.4,197,2020-09-14
23.0,77,0.0,14.0,306,2020-09-15
22.6,80,0.0,12.0,20,2020-09-16
24.9,67,0.0,17.7,109,2020-09-17
25.0,54,1.0,22.0,163,2020-09-18
20.8,73,3.4,20.3,230,2020-09-19
19.6,85,2.0,14.3,285,2020-09-20
19.2,87,3.3,13.8,303,2020-09-21
19.1,84,0.7,10.8,350,2020-09-22
19.5,81,5.0,21.9,241,2020-09-23
18.0,80,7.6,34.8,285,2020-09-24
14.2,79,17.0,37.5,292,2020-09-25
15.1,89,36.1,40.7,285,2020-09-26
14.6,75,8.7,23.7,333,2020-09-27
15.6,67,0.0,16.6,301,2020-09-28
14.7,78,0.0,10.0,131,2020-09-29
15.4,86,0.0,14.0,262,2020-09-30
16.2,86,2.1,21.7,250,2020-10-01
13.4,80,39.0,33.7,265,2020-10-02
13.5,79,13.7,38.4,271,2020-10-03
14.0,73,6.9,32.3,258,2020-10-04
14.6,77,5.3,21.7,258,2020-10-05
18.1,81,2.5,19.9,249,2020-10-06
17.3,93,7.4,18.8,297,2020-10-07
16.8,90,0.0,10.6,151,2020-10-08
16.9,94,3.5,8.5,304,2020-10-09
15.0,87,7.6,16.3,339,2020-10-10
13.5,78,6.4,23.6,330,2020-10-11
14.4,77,8.2,19.0,326,2020-10-12
14.7,87,21.8,27.5,310,2020-10-13
12.4,86,42.0,28.5,309,2020-10-14
11.7,84,16.0,17.6,328,2020-10-15
11.3,86,2.3,8.5,185,2020-10-16
10.9,80,0.0,10.4,164,2020-10-17
13.2,81,0.0,9.6,144,2020-10-18
17.1,60,0.0,22.5,173,2020-10-19
18.0,72,6.1,25.9,169,2020-10-20
19.0,68,5.8,25.6,178,2020-10-21
17.1,76,1.1,15.3,182,2020-10-22
15.0,83,7.2,15.1,250,2020-10-23
15.4,68,0.0,26.2,194,2020-10-24
14.9,83,30.6,33.5,222,2020-10-25
12.1,80,5.9,26.3,273,2020-10-26
14.2,67,0.1,24.4,195,2020-10-27
14.8,83,1.2,11.7,218,2020-10-28
13.5,81,0.0,12.4,176,2020-10-29
13.3,83,0.0,10.9,201,2020-10-30
17.4,69,0.0,18.3,189,2020-10-31
19.5,68,0.0,21.7,193,2020-11-01
18.4,76,0.5,24.1,223,2020-11-02
12.8,88,10.6,20.4,329,2020-11-03
10.7,83,2.9,16.5,63,2020-11-04
12.0,79,0.0,15.4,106,2020-11-05
17.4,72,0.0,31.5,160,2020-11-06
17.9,76,9.9,26.1,163,2020-11-07
17.0,65,0.1,19.9,173,2020-11-08
16.7,71,0.3,22.4,194,2020-11-09
13.8,92,4.1,7.6,158,2020-11-10
14.3,72,0.0,22.1,188,2020-11-11
15.9,68,0.0,18.4,178,2020-11-12
15.4,70,0.1,23.1,178,2020-11-13
15.7,67,0.0,26.0,177,2020-11-14
17.3,77,8.2,25.8,216,2020-11-15
13.7,90,2.4,11.1,318,2020-11-16
13.6,78,0.0,18.7,170,2020-11-17
17.4,68,0.0,23.7,185,2020-11-18
13.2,91,4.7,14.1,344,2020-11-19
11.6,82,0.5,10.5,49,2020-11-20
8.6,82,0.0,9.0,150,2020-11-21
10.1,73,0.0,16.9,199,2020-11-22
9.4,81,0.0,9.4,172,2020-11-23
11.1,65,0.0,20.9,176,2020-11-24
11.9,67,0.0,22.3,169,2020-11-25
13.7,72,0.0,18.6,152,2020-11-26
14.0,79,0.0,11.6,159,2020-11-27
11.4,82,0.0,10.4,162,2020-11-28
11.8,78,0.0,13.0,168,2020-11-29
10.0,88,0.0,9.1,183,2020-11-30
11.0,87,5.9,22.2,288,2020-12-01
9.4,82,5.5,15.3,4,2020-12-02
10.1,71,1.7,22.3,211,2020-12-03
7.6,79,11.2,24.9,262,2020-12-04
7.0,78,5.0,30.3,249,2020-12-05
7.9,86,11.5,29.2,266,2020-12-06
9.3,83,18.8,31.4,252,2020-12-07
8.6,85,16.4,45.4,280,2020-12-08
8.9,84,5.0,26.9,256,2020-12-09
11.8,86,10.6,39.0,262,2020-12-10
13.7,87,18.3,34.0,271,2020-12-11
11.8,86,9.4,38.8,291,2020-12-12
13.3,77,0.0,22.3,189,2020-12-13
14.8,76,3.7,24.1,185,2020-12-14
11.3,79,3.8,18.6,171,2020-12-15
12.6,67,5.4,33.9,185,2020-12-16
11.6,83,1.4,16.3,177,2020-12-17
10.9,60,0.0,27.3,187,2020-12-18
12.5,75,5.2,29.2,178,2020-12-19
10.3,80,0.0,18.8,188,2020-12-20
14.4,71,1.5,26.0,193,2020-12-21
16.6,71,0.0,22.5,191,2020-12-22
14.0,77,5.1,30.7,222,2020-12-23
9.9,80,6.5,25.9,284,2020-12-24
8.3,72,9.5,19.8,1,2020-12-25
8.5,74,2.5,19.4,341,2020-12-26
8.1,67,5.3,34.6,206,2020-12-27
8.6,76,14.8,40.6,269,2020-12-28
7.2,83,3.5,31.0,265,2020-12-29
7.1,88,9.6,28.0,259,2020-12-30
8.0,81,12.6,19.7,221,2020-12-31
6.0,89,10.3,28.0,275,2021-01-01
5.4,90,14.3,30.8,324,2021-01-02
5.2,93,11.6,18.6,258,2021-01-03
4.6,91,13.1,20.6,267,2021-01-04
4.6,94,7.2,18.9,261,2021-01-05
3.7,86,0.7,9.4,185,2021-01-06
2.5,83,0.0,9.5,160,2021-01-07
3.8,77,0.0,13.4,120,2021-01-08
3.7,85,3.3,12.2,88,2021-01-09
5.0,81,0.5,17.3,15,2021-01-10
6.9,67,0.1,17.3,9,2021-01-11
7.2,75,0.0,13.3,255,2021-01-12
8.3,77,0.0,9.5,251,2021-01-13
7.2,83,2.0,21.5,241,2021-01-14
9.9,84,1.1,16.6,313,2021-01-15
8.3,81,0.0,10.2,232,2021-01-16
8.1,82,4.9,16.9,224,2021-01-17
8.7,93,0.2,7.6,134,2021-01-18
9.7,67,0.0,28.4,190,2021-01-19
12.4,53,0.6,37.4,184,2021-01-20
14.0,64,0.3,36.9,204,2021-01-21
10.2,82,18.3,34.2,264,2021-01-22
9.5,82,4.4,21.1,192,2021-01-23
9.6,86,10.9,27.1,274,2021-01-24
9.3,96,18.5,10.4,346,2021-01-25
9.3,90,0.8,12.6,174,2021-01-26
13.5,96,7.3,17.5,276,2021-01-27
14.8,84,0.1,13.7,187,2021-01-28
13.6,90,3.2,19.0,195,2021-01-29
12.8,79,13.3,31.8,253,2021-01-30
12.3,83,6.1,39.3,270,2021-01-31
14.1,76,1.9,38.4,284,2021-02-01
15.3,69,2.4,25.2,198,2021-02-02
14.9,70,0.7,35.4,177,2021-02-03
12.7,82,13.5,24.5,174,2021-02-04
11.2,98,10.2,10.7,58,2021-02-05
10.4,94,39.2,25.1,351,2021-02-06
8.8,77,1.7,19.3,252,2021-02-07
11.2,76,2.8,24.2,229,2021-02-08
10.7,76,6.2,28.8,189,2021-02-09
9.9,80,4.1,22.0,255,2021-02-10
12.1,77,0.6,18.9,180,2021-02-11
12.8,89,21.1,35.6,275,2021-02-12
10.5,88,0.1,11.2,190,2021-02-13
12.0,73,0.0,26.6,178,2021-02-14
13.5,65,0.0,27.3,176,2021-02-15
12.6,73,0.6,30.7,188,2021-02-16
13.6,72,0.0,20.6,192,2021-02-17
13.1,73,1.9,24.5,175,2021-02-18
14.5,62,0.0,30.0,177,2021-02-19
17.0,46,0.0,33.1,163,2021-02-20
13.3,67,14.8,26.7,170,2021-02-21
9.6,91,26.8,23.0,295,2021-02-22
12.2,66,0.0,30.7,171,2021-02-23
14.7,61,0.0,22.7,165,2021-02-24
12.9,81,0.0,16.9,204,2021-02-25
11.6,91,0.1,9.4,349,2021-02-26
10.2,86,0.5,12.5,22,2021-02-27
9.7,85,1.3,11.3,83,2021-02-28
12.4,70,0.6,23.9,161,2021-03-01
14.6,65,0.0,22.9,171,2021-03-02
13.7,74,0.0,14.2,183,2021-03-03
12.4,82,0.0,14.9,180,2021-03-04
10.3,93,0.8,14.5,18,2021-03-05
9.6,81,0.5,10.8,29,2021-03-06
7.7,88,1.4,9.2,74,2021-03-07
8.9,82,2.4,15.5,323,2021-03-08
7.9,81,4.9,15.2,323,2021-03-09
8.9,70,0.0,11.9,183,2021-03-10
12.7,76,2.9,22.6,227,2021-03-11
10.7,82,3.0,24.2,289,2021-03-12
10.9,71,0.1,24.0,258,2021-03-13
10.7,82,9.2,25.7,306,2021-03-14
10.1,85,1.7,17.4,303,2021-03-15
11.0,88,3.7,12.8,333,2021-03-16
11.3,87,3.3,15.3,350,2021-03-17
9.2,80,7.1,18.0,11,2021-03-18
8.9,85,20.0,29.7,0,2021-03-19
7.8,66,3.6,22.1,28,2021-03-20
9.7,72,2.0,15.1,354,2021-03-21
10.0,73,0.0,11.5,8,2021-03-22
9.6,77,0.0,11.5,149,2021-03-23
9.6,84,0.0,14.3,302,2021-03-24
11.3,83,0.0,16.0,70,2021-03-25
10.4,85,0.5,19.2,294,2021-03-26
11.1,77,0.4,14.5,58,2021-03-27
13.5,72,0.0,13.0,157,2021-03-28
17.7,50,0.0,20.5,174,2021-03-29
19.6,43,0.0,20.9,175,2021-03-30
20.1,40,0.0,21.1,175,2021-03-31
18.9,39,0.1,22.0,181,2021-04-01
14.8,75,0.1,16.8,296,2021-04-02
12.2,78,0.0,20.9,318,2021-04-03
11.1,72,0.0,14.3,326,2021-04-04
10.4,77,0.0,12.8,312,2021-04-05
10.2,75,2.0,16.0,359,2021-04-06
9.0,52,0.0,16.5,71,2021-04-07
13.2,58,0.0,17.8,178,2021-04-08
15.8,63,1.7,18.7,184,2021-04-09
14.5,76,7.4,18.8,194,2021-04-10
10.5,91,27.7,19.4,327,2021-04-11
9.2,69,0.1,15.7,43,2021-04-12
10.0,69,0.0,15.9,108,2021-04-13
10.1,71,0.0,15.9,56,2021-04-14
9.9,65,0.0,15.8,34,2021-04-15
9.0,63,0.0,16.3,25,2021-04-16
9.3,61,0.0,14.9,21,2021-04-17
10.9,71,0.3,16.6,47,2021-04-18
11.1,73,0.0,12.9,77,2021-04-19
11.9,83,1.0,11.5,319,2021-04-20
12.9,77,0.1,15.8,71,2021-04-21
16.1,64,0.2,15.6,135,2021-04-22
18.4,53,0.0,20.2,161,2021-04-23
20.0,41,0.0,24.5,164,2021-04-24
19.0,54,1.5,19.9,162,2021-04-25
15.4,88,1.9,10.0,9,2021-04-26
14.1,92,10.5,15.8,316,2021-04-27
12.9,84,1.2,16.0,308,2021-04-28
11.1,87,4.7,11.0,331,2021-04-29
10.8,87,1.5,9.7,308,2021-04-30
11.1,80,2.3,17.6,304,2021-05-01
11.0,80,0.4,13.5,8,2021-05-02
12.4,72,0.0,14.0,110,2021-05-03
13.2,78,0.0,16.5,305,2021-05-04
14.5,84,3.8,19.3,295,2021-05-05
15.2,81,0.5,15.0,300,2021-05-06
16.3,85,2.0,14.3,350,2021-05-07
19.1,75,0.0,20.9,192,2021-05-08
17.2,72,8.3,22.0,231,2021-05-09
14.6,70,3.7,19.0,212,2021-05-10
12.6,71,6.8,22.1,291,2021-05-11
14.3,68,2.0,35.2,251,2021-05-12
13.3,80,6.4,21.4,265,2021-05-13
12.9,82,7.4,24.3,302,2021-05-14
14.9,90,5.1,15.5,192,2021-05-15
14.5,90,6.2,19.5,282,2021-05-16
14.0,76,0.9,23.5,296,2021-05-17
13.6,80,2.1,18.9,348,2021-05-18
13.1,82,3.5,18.6,313,2021-05-19
14.7,73,0.0,11.8,270,2021-05-20
13.5,85,5.2,16.6,308,2021-05-21
12.0,90,10.0,17.1,279,2021-05-22
12.7,79,0.0,16.1,326,2021-05-23
13.5,79,3.5,25.0,282,2021-05-24
13.3,78,1.2,16.4,301,2021-05-25
12.9,77,0.0,12.9,56,2021-05-26
15.1,79,0.0,14.8,68,2021-05-27
16.5,84,0.0,8.8,304,2021-05-28
16.6,88,0.1,14.3,320,2021-05-29
17.2,78,0.0,11.5,335,2021-05-30
20.7,73,0.7,15.9,63,2021-05-31
20.7,75,2.2,22.5,205,2021-06-01
18.5,85,0.2,16.1,19,2021-06-02
16.0,91,12.3,18.4,300,2021-06-03
14.5,89,14.6,21.5,311,2021-06-04
15.0,82,0.0,15.1,64,2021-06-05
16.0,86,0.0,13.6,329,2021-06-06
17.4,81,0.0,13.9,49,2021-06-07
17.5,86,0.0,15.1,318,2021-06-08
17.7,84,0.0,12.9,313,2021-06-09
18.3,81,0.0,15.0,11,2021-06-10
18.1,87,0.0,14.6,320,2021-06-11
18.8,85,0.0,12.6,334,2021-06-12
23.3,79,0.0,11.5,68,2021-06-13
22.0,82,0.0,14.5,307,2021-06-14
21.8,79,0.0,12.2,331,2021-06-15
23.4,75,5.3,17.3,207,2021-06-16
18.9,95,13.6,10.8,330,2021-06-17
19.0,89,8.5,13.1,349,2021-06-18
18.7,90,8.8,17.5,327,2021-06-19
20.1,71,2.0,20.5,201,2021-06-20
17.5,79,18.2,19.3,251,2021-06-21
16.3,88,7.5,24.4,279,2021-06-22
15.1,91,26.6,28.0,290,2021-06-23
16.4,85,7.6,18.1,304,2021-06-24
17.0,84,0.0,14.3,40,2021-06-25
17.4,85,0.1,14.8,12,2021-06-26
16.1,86,3.2,18.9,320,2021-06-27
16.1,79,1.3,28.2,268,2021-06-28
17.2,77,0.2,25.8,292,2021-06-29
17.3,85,0.0,15.2,5,2021-06-30
17.9,89,0.9,13.3,3,2021-07-01
19.8,85,0.0,13.8,41,2021-07-02
19.6,89,4.2,15.0,358,2021-07-03
19.9,82,1.5,11.8,2,2021-07-04
22.8,73,0.0,17.6,64,2021-07-05
18.0,83,5.6,14.4,355,2021-07-06
16.8,86,20.0,19.0,295,2021-07-07
16.8,86,4.2,13.3,308,2021-07-08
17.7,83,0.0,15.5,42,2021-07-09
18.4,85,0.0,11.1,323,2021-07-10
19.0,84,0.0,17.8,337,2021-07-11
16.8,88,9.3,29.8,294,2021-07-12
16.4,87,8.8,26.2,296,2021-07-13
17.1,83,3.8,17.3,318,2021-07-14
17.5,81,0.2,12.3,9,2021-07-15
17.8,85,0.0,15.2,42,2021-07-16
19.4,86,0.0,13.6,52,2021-07-17
20.0,86,0.0,12.5,315,2021-07-18
21.1,82,0.0,11.1,297,2021-07-19
20.6,82,0.0,13.5,310,2021-07-20
21.1,87,0.0,14.4,341,2021-07-21
21.4,85,0.2,14.3,334,2021-07-22
20.2,86,0.8,21.8,323,2021-07-23
19.3,83,4.9,14.8,307,2021-07-24
19.6,83,1.4,14.7,303,2021-07-25
19.4,83,2.6,11.5,324,2021-07-26
18.8,84,0.3,14.7,317,2021-07-27
19.1,83,2.1,12.6,329,2021-07-28
18.8,84,0.0,13.2,28,2021-07-29
19.2,84,1.4,20.5,326,2021-07-30
16.7,91,10.3,18.7,310,2021-07-31
17.4,84,2.6,14.9,294,2021-08-01
17.9,80,0.0,14.0,353,2021-08-02
18.4,83,1.6,13.4,326,2021-08-03
19.7,87,9.4,24.2,290,2021-08-04
20.4,80,0.5,22.6,301,2021-08-05
19.0,84,2.1,13.3,316,2021-08-06
18.1,83,3.0,20.2,285,2021-08-07
18.3,79,1.3,12.4,311,2021-08-08
18.8,82,0.0,13.7,352,2021-08-09
19.7,86,0.0,12.0,335,2021-08-10
20.2,86,0.0,13.0,344,2021-08-11
20.6,86,0.1,16.2,327,2021-08-12
20.9,84,0.0,14.8,44,2021-08-13
21.5,87,0.0,14.5,334,2021-08-14
20.3,87,1.5,15.8,329,2021-08-15
19.2,79,2.4,19.0,319,2021-08-16
18.8,70,0.2,14.4,342,2021-08-17
18.4,73,0.1,13.3,5,2021-08-18
18.4,87,1.9,10.6,32,2021-08-19
20.9,81,0.0,14.2,3,2021-08-20
21.0,82,0.0,11.7,323,2021-08-21
20.4,83,0.0,13.8,17,2021-08-22
20.5,79,0.4,14.5,22,2021-08-23
19.9,82,0.6,16.6,5,2021-08-24
19.9,82,0.0,12.6,10,2021-08-25
20.8,79,0.0,13.4,7,2021-08-26
20.3,81,0.0,14.7,29,2021-08-27
19.4,75,0.0,16.6,31,2021-08-28
19.0,74,0.0,15.8,39,2021-08-29
19.1,77,0.0,16.1,20,2021-08-30
19.4,77,0.0,16.1,38,2021-08-31
19.4,87,4.1,12.1,272,2021-09-01
19.7,90,8.6,10.5,102,2021-09-02
19.3,93,1.8,15.1,290,2021-09-03
20.2,89,0.0,16.7,15,2021-09-04
23.2,80,0.0,11.2,133,2021-09-05
26.5,67,0.0,13.0,161,2021-09-06
27.4,60,4.2,25.8,189,2021-09-07
21.8,84,0.5,17.1,333,2021-09-08
21.3,83,7.1,10.8,351,2021-09-09
19.8,85,8.4,16.0,298,2021-09-10
20.0,84,0.0,13.8,95,2021-09-11
21.9,81,0.0,13.4,110,2021-09-12
24.9,63,0.0,22.2,179,2021-09-13
22.7,76,0.7,17.2,170,2021-09-14
20.7,84,5.6,17.1,281,2021-09-15
19.0,90,11.0,17.5,312,2021-09-16
19.0,83,1.4,20.7,266,2021-09-17
17.1,86,12.0,20.6,288,2021-09-18
17.5,79,1.1,20.7,284,2021-09-19
16.3,88,28.2,20.8,308,2021-09-20
16.6,89,11.5,12.6,352,2021-09-21
17.1,88,2.1,13.6,68,2021-09-22
17.9,89,0.1,12.1,39,2021-09-23
19.0,88,0.2,8.6,144,2021-09-24
20.5,81,1.4,19.5,188,2021-09-25
19.3,74,0.0,15.7,156,2021-09-26
19.2,73,1.3,24.3,253,2021-09-27
17.2,90,5.1,20.4,306,2021-09-28
16.7,84,3.4,20.9,288,2021-09-29
16.0,83,0.9,13.2,89,2021-09-30
16.5,82,0.1,9.8,212,2021-10-01
20.6,66,0.0,32.0,191,2021-10-02
17.2,76,31.4,37.5,268,2021-10-03
14.9,74,0.0,9.9,190,2021-10-04
16.0,86,15.9,21.3,247,2021-10-05
15.4,83,2.4,8.3,297,2021-10-06
14.1,81,0.0,14.3,128,2021-10-07
14.1,85,0.0,11.6,76,2021-10-08
14.8,84,0.3,11.9,296,2021-10-09
16.1,84,1.5,13.7,337,2021-10-10
13.9,85,0.0,11.9,74,2021-10-11
12.5,87,0.0,12.0,290,2021-10-12
13.3,80,0.0,15.8,91,2021-10-13
13.3,83,0.0,11.2,181,2021-10-14
14.4,81,0.0,11.9,267,2021-10-15
14.8,84,0.0,9.0,159,2021-10-16
17.5,82,2.5,14.3,184,2021-10-17
18.4,79,0.0,15.2,180,2021-10-18
22.6,61,0.0,23.1,178,2021-10-19
21.1,73,0.1,20.6,188,2021-10-20
15.8,80,2.0,27.2,290,2021-10-21
14.0,84,7.9,13.4,320,2021-10-22
12.9,77,0.0,10.7,147,2021-10-23
13.3,73,0.0,16.2,204,2021-10-24
13.8,82,0.3,9.0,213,2021-10-25
13.8,84,0.0,12.7,154,2021-10-26
13.1,83,0.0,11.5,182,2021-10-27
15.8,60,0.0,19.9,179,2021-10-28
17.0,69,5.0,24.2,184,2021-10-29
16.5,84,2.4,20.0,212,2021-10-30
17.5,80,7.3,29.7,213,2021-10-31
14.6,77,5.5,23.0,281,2021-11-01
13.6,77,13.8,25.8,232,2021-11-02
10.5,84,7.1,29.7,276,2021-11-03
10.0,88,12.2,27.4,281,2021-11-04
9.3,89,15.4,17.6,304,2021-11-05
10.1,79,0.9,16.3,22,2021-11-06
11.7,81,5.4,19.6,296,2021-11-07
13.1,83,5.0,24.4,320,2021-11-08
12.5,76,0.3,13.8,15,2021-11-09
9.1,82,0.0,10.9,172,2021-11-10
10.7,85,0.0,8.3,232,2021-11-11
12.5,89,0.4,11.7,265,2021-11-12
13.8,90,2.3,19.3,297,2021-11-13
12.9,88,5.8,20.2,327,2021-11-14
11.8,89,8.0,15.6,360,2021-11-15
10.9,93,5.5,9.4,8,2021-11-16
10.8,87,3.4,12.1,45,2021-11-17
10.8,81,0.6,10.6,130,2021-11-18
9.5,79,0.0,14.9,170,2021-11-19
11.9,70,0.0,21.6,180,2021-11-20
10.3,89,6.1,19.4,272,2021-11-21
9.5,87,11.6,20.7,316,2021-11-22
9.5,86,6.2,15.4,47,2021-11-23
9.9,88,13.4,11.3,231,2021-11-24
9.0,94,45.5,27.5,330,2021-11-25
9.0,88,16.4,23.8,310,2021-11-26
7.0,90,41.7,31.1,279,2021-11-27
7.2,92,45.0,27.8,301,2021-11-28
10.7,97,54.2,41.2,324,2021-11-29
11.1,90,8.1,18.1,270,2021-11-30
9.8,82,11.4,25.2,233,2021-12-01
9.1,81,12.0,27.3,308,2021-12-02
11.0,84,6.8,26.9,294,2021-12-03
11.0,84,10.9,32.0,251,2021-12-04
8.9,83,29.3,36.1,302,2021-12-05
11.0,87,14.3,29.0,289,2021-12-06
12.5,85,15.7,30.8,211,2021-12-07
7.4,83,12.9,29.1,268,2021-12-08
10.1,93,52.0,39.7,276,2021-12-09
12.1,86,30.2,38.2,295,2021-12-10
12.2,97,24.8,31.3,310,2021-12-11
12.3,87,0.4,14.4,174,2021-12-12
11.7,71,0.0,22.0,183,2021-12-13
8.4,87,0.0,13.4,184,2021-12-14
7.5,89,0.0,8.7,173,2021-12-15
7.9,85,0.0,13.0,167,2021-12-16
7.4,73,0.0,20.5,177,2021-12-17
8.4,69,0.0,25.1,184,2021-12-18
8.6,73,0.0,24.2,177,2021-12-19
10.1,72,0.0,19.1,180,2021-12-20
13.4,72,0.0,18.9,188,2021-12-21
13.4,73,0.0,19.0,174,2021-12-22
13.6,71,0.1,29.4,179,2021-12-23
13.8,69,0.0,29.8,186,2021-12-24
13.1,73,2.9,21.3,189,2021-12-25
12.3,77,4.1,24.7,188,2021-12-26
15.3,74,10.5,29.0,204,2021-12-27
16.3,66,0.0,27.4,204,2021-12-28
14.7,74,0.0,23.7,191,2021-12-29
15.0,72,0.0,27.4,177,2021-12-30
15.9,54,0.0,27.7,187,2021-12-31
16.9,48,0.0,25.1,189,2022-01-01
15.9,57,0.0,28.1,187,2022-01-02
13.8,72,0.0,24.7,195,2022-01-03
13.7,72,19.7,31.8,245,2022-01-04
8.5,83,6.6,22.8,297,2022-01-05
7.5,68,0.0,8.6,131,2022-01-06
9.5,84,11.3,22.5,287,2022-01-07
10.6,73,0.9,20.9,236,2022-01-08
11.9,95,44.5,34.7,287,2022-01-09
12.8,97,16.3,32.6,306,2022-01-10
11.5,97,12.6,16.8,344,2022-01-11
8.5,85,0.0,9.3,12,2022-01-12
6.1,79,0.0,15.9,167,2022-01-13
7.3,65,0.0,19.1,180,2022-01-14
6.3,66,0.0,14.1,187,2022-01-15
5.6,75,0.0,12.8,180,2022-01-16
6.1,86,0.0,9.0,134,2022-01-17
4.9,86,0.0,10.1,172,2022-01-18
6.0,86,0.0,10.7,209,2022-01-19
8.3,88,4.6,16.2,334,2022-01-20
6.8,72,1.3,17.8,46,2022-01-21
4.8,78,0.0,11.0,72,2022-01-22
4.4,76,0.0,14.5,167,2022-01-23
7.7,69,0.0,18.2,184,2022-01-24
7.0,76,0.0,16.1,183,2022-01-25
5.9,84,0.0,13.0,172,2022-01-26
5.4,89,0.0,8.7,184,2022-01-27
6.4,86,0.0,10.5,132,2022-01-28
6.5,87,0.0,10.4,147,2022-01-29
6.6,90,0.0,10.7,118,2022-01-30
8.8,90,4.7,26.2,305,2022-01-31
9.9,80,3.3,26.6,340,2022-02-01
9.0,85,0.0,11.4,162,2022-02-02
9.2,77,0.0,15.2,200,2022-02-03
9.0,89,2.6,15.5,237,2022-02-04
9.1,86,5.9,16.5,347,2022-02-05
6.7,80,0.0,11.9,215,2022-02-06
9.6,81,0.8,12.6,264,2022-02-07
11.2,80,0.1,14.8,163,2022-02-08
12.4,68,0.0,17.7,187,2022-02-09
10.3,80,1.1,13.9,209,2022-02-10
10.0,92,9.8,11.0,78,2022-02-11
7.7,89,0.0,10.5,183,2022-02-12
11.4,72,1.1,32.8,190,2022-02-13
9.0,82,9.0,30.1,263,2022-02-14
10.0,76,1.3,28.0,268,2022-02-15
12.3,75,1.7,16.9,214,2022-02-16
12.9,87,0.6,10.6,206,2022-02-17
11.0,81,2.8,25.2,262,2022-02-18
8.8,83,5.2,17.6,312,2022-02-19
9.8,83,0.8,14.2,238,2022-02-20
11.2,81,2.3,23.2,293,2022-02-21
10.0,80,0.0,9.7,210,2022-02-22
9.2,78,0.0,10.2,149,2022-02-23
10.1,87,1.4,20.8,290,2022-02-24
9.3,77,2.1,14.5,54,2022-02-25
9.6,69,0.0,13.0,155,2022-02-26
12.5,72,0.0,15.2,168,2022-02-27
11.5,81,0.0,11.6,201,2022-02-28
12.3,79,1.5,13.8,179,2022-03-01
11.8,89,12.3,18.7,263,2022-03-02
10.0,91,18.8,27.5,267,2022-03-03
9.6,81,8.2,23.5,326,2022-03-04
7.7,85,4.0,13.3,308,2022-03-05
7.8,82,3.6,15.0,309,2022-03-06
8.9,80,0.4,15.0,130,2022-03-07
11.0,71,1.4,17.7,181,2022-03-08
11.3,70,0.6,26.6,177,2022-03-09
12.7,79,11.7,20.0,167,2022-03-10
12.7,75,10.3,29.9,160,2022-03-11
12.3,71,6.4,22.5,186,2022-03-12
11.1,75,14.8,17.6,249,2022-03-13
11.0,74,3.7,15.8,127,2022-03-14
15.6,70,0.0,19.2,150,2022-03-15
14.0,77,1.4,27.4,247,2022-03-16
10.7,86,5.5,22.6,351,2022-03-17
10.3,84,1.0,15.9,16,2022-03-18
13.0,68,0.0,15.9,162,2022-03-19
14.3,65,0.0,20.7,173,2022-03-20
14.8,65,0.1,30.2,154,2022-03-21
13.1,63,8.1,31.2,163,2022-03-22
13.0,58,0.0,25.8,162,2022-03-23
13.1,63,0.0,18.1,151,2022-03-24
14.1,72,1.5,15.2,121,2022-03-25
14.5,62,0.0,14.0,148,2022-03-26
14.9,61,0.0,19.8,175,2022-03-27
16.4,52,0.0,18.2,176,2022-03-28
12.7,85,2.1,14.8,310,2022-03-29
11.3,89,4.6,23.6,303,2022-03-30
9.8,87,11.0,25.6,301,2022-03-31
7.0,69,16.8,26.1,337,2022-04-01
7.0,72,7.8,21.2,339,2022-04-02
5.6,80,9.4,14.5,26,2022-04-03
6.5,66,0.2,13.5,50,2022-04-04
6.9,73,0.0,14.0,21,2022-04-05
8.0,77,0.0,14.0,250,2022-04-06
12.3,74,0.3,20.8,192,2022-04-07
13.6,74,3.8,28.6,231,2022-04-08
11.3,79,1.5,14.5,330,2022-04-09
14.8,66,0.0,23.9,157,2022-04-10
19.0,56,0.0,35.7,168,2022-04-11
16.7,65,3.0,25.3,186,2022-04-12
13.2,82,0.0,19.4,296,2022-04-13
13.6,89,0.3,11.8,314,2022-04-14
13.2,89,0.0,12.6,293,2022-04-15
14.1,83,0.0,11.2,292,2022-04-16
13.1,80,0.0,18.6,296,2022-04-17
13.1,85,0.4,14.0,321,2022-04-18
10.9,90,17.5,16.6,338,2022-04-19
10.6,82,15.0,29.3,331,2022-04-20
10.8,89,22.4,27.2,308,2022-04-21
12.5,78,2.8,15.9,165,2022-04-22
11.0,81,18.6,32.3,237,2022-04-23
13.4,77,3.8,33.3,282,2022-04-24
13.5,78,0.0,17.9,89,2022-04-25
15.8,77,0.9,16.8,184,2022-04-26
14.1,93,8.5,8.3,348,2022-04-27
13.5,91,4.1,18.4,316,2022-04-28
13.1,87,0.0,14.0,341,2022-04-29
14.1,87,0.0,10.6,324,2022-04-30
13.0,87,0.0,13.7,309,2022-05-01
13.4,83,1.6,13.5,331,2022-05-02
14.2,86,2.1,20.7,306,2022-05-03
13.8,84,0.4,15.5,307,2022-05-04
14.0,84,1.4,12.3,320,2022-05-05
13.5,85,0.7,12.9,312,2022-05-06
14.3,84,0.0,12.6,306,2022-05-07
15.2,82,0.0,13.0,9,2022-05-08
17.1,76,0.0,11.3,106,2022-05-09
16.4,84,0.0,16.5,293,2022-05-10
15.1,87,0.0,17.7,324,2022-05-11
15.5,87,3.0,12.3,19,2022-05-12
16.7,89,1.4,17.0,39,2022-05-13
18.9,86,1.0,20.3,167,2022-05-14
20.8,73,0.2,20.5,205,2022-05-15
21.0,68,0.0,19.1,168,2022-05-16
22.3,62,0.0,20.4,206,2022-05-17
20.6,79,0.4,28.7,275,2022-05-18
18.4,74,0.0,15.0,360,2022-05-19
17.3,88,0.0,20.4,316,2022-05-20
19.2,84,0.0,22.2,46,2022-05-21
21.1,78,0.2,26.1,261,2022-05-22
16.4,83,6.7,20.6,291,2022-05-23
13.7,84,3.7,21.1,296,2022-05-24
14.2,81,6.5,17.5,308,2022-05-25
15.9,82,2.1,13.0,336,2022-05-26
16.4,81,0.0,14.1,25,2022-05-27
16.9,84,0.0,14.1,5,2022-05-28
17.0,75,0.0,17.6,41,2022-05-29
16.5,75,3.7,18.7,17,2022-05-30
17.6,69,0.3,14.0,66,2022-05-31
19.3,80,0.8,14.8,338,2022-06-01
18.7,84,0.1,15.5,320,2022-06-02
18.3,84,0.0,12.6,312,2022-06-03
18.1,85,0.4,15.0,331,2022-06-04
17.9,84,1.2,14.8,328,2022-06-05
18.7,74,0.0,12.2,330,2022-06-06
19.2,76,0.0,14.2,347,2022-06-07
18.4,87,6.0,20.0,298,2022-06-08
18.1,84,2.4,12.1,328,2022-06-09
19.0,79,0.0,14.2,28,2022-06-10
18.6,87,0.2,14.1,345,2022-06-11
19.0,88,15.1,21.0,337,2022-06-12
20.0,86,1.3,13.9,317,2022-06-13
21.8,87,0.0,14.0,305,2022-06-14
22.6,85,0.0,12.0,343,2022-06-15
26.4,74,0.0,27.9,48,2022-06-16
29.5,59,0.0,18.9,124,2022-06-17
27.4,59,0.0,25.2,240,2022-06-18
20.3,79,0.9,25.7,337,2022-06-19
17.9,83,2.5,17.4,333,2022-06-20
18.9,85,6.0,18.0,338,2022-06-21
18.5,86,12.8,15.5,322,2022-06-22
18.6,86,8.8,16.2,294,2022-06-23
18.9,79,1.0,15.6,0,2022-06-24
17.1,81,7.3,15.5,318,2022-06-25
16.0,79,2.2,14.6,321,2022-06-26
16.5,77,2.0,16.3,329,2022-06-27
17.3,75,0.0,15.8,44,2022-06-28
16.4,85,2.3,20.5,313,2022-06-29
15.7,85,5.3,18.2,299,2022-06-30
16.6,74,0.0,16.3,91,2022-07-01
18.3,82,0.0,15.9,296,2022-07-02
19.0,80,0.7,16.8,17,2022-07-03
18.4,79,0.0,12.4,330,2022-07-04
19.5,81,0.4,14.1,321,2022-07-05
19.9,84,1.6,21.1,312,2022-07-06
19.6,82,1.2,19.6,308,2022-07-07
19.8,83,0.0,13.6,329,2022-07-08
20.7,78,0.0,12.9,312,2022-07-09
22.5,71,0.0,14.6,11,2022-07-10
23.5,72,0.0,14.2,315,2022-07-11
25.1,69,0.0,12.6,327,2022-07-12
27.1,53,0.0,15.1,76,2022-07-13
24.6,63,0.0,13.2,309,2022-07-14
24.7,68,0.0,15.8,21,2022-07-15
27.4,59,0.0,15.1,80,2022-07-16
29.7,54,0.0,17.1,100,2022-07-17
27.3,61,0.0,21.7,259,2022-07-18
22.8,70,0.0,19.4,359,2022-07-19
21.5,80,5.6,13.5,327,2022-07-20
22.2,77,0.0,16.2,37,2022-07-21
20.5,79,1.2,15.5,331,2022-07-22
21.0,68,0.0,16.1,20,2022-07-23
22.1,78,0.0,21.8,305,2022-07-24
21.3,78,0.5,21.7,310,2022-07-25
20.5,72,0.7,14.8,351,2022-07-26
20.2,68,0.1,11.8,2,2022-07-27
20.3,70,0.0,14.2,7,2022-07-28
21.0,75,0.0,14.7,322,2022-07-29
21.5,79,1.2,12.6,340,2022-07-30
22.1,78,0.5,16.1,24,2022-07-31
21.9,79,0.0,16.4,43,2022-08-01
22.6,80,0.0,14.1,358,2022-08-02
23.1,86,0.0,16.1,310,2022-08-03
22.2,84,0.4,14.3,305,2022-08-04
21.3,83,3.6,16.2,342,2022-08-05
22.1,78,0.0,12.4,317,2022-08-06
22.4,75,0.0,16.2,335,2022-08-07
22.4,73,0.0,14.5,316,2022-08-08
23.7,71,2.8,12.3,316,2022-08-09
26.4,68,0.0,12.7,261,2022-08-10
27.5,60,0.1,16.8,260,2022-08-11
23.4,81,0.0,18.5,319,2022-08-12
22.0,83,0.1,17.7,324,2022-08-13
21.1,76,0.9,16.9,311,2022-08-14
20.8,75,0.0,16.8,319,2022-08-15
20.3,81,6.5,19.1,316,2022-08-16
18.2,87,14.2,26.1,283,2022-08-17
18.0,84,12.5,31.4,290,2022-08-18
19.7,77,0.0,14.1,17,2022-08-19
21.0,83,0.0,15.3,73,2022-08-20
21.1,87,0.3,15.0,315,2022-08-21
20.7,93,10.5,18.2,306,2022-08-22
21.8,88,0.7,15.8,40,2022-08-23
23.3,86,0.0,18.1,309,2022-08-24
21.8,90,1.9,17.7,319,2022-08-25
20.9,86,3.3,13.6,342,2022-08-26
20.8,82,0.0,13.5,49,2022-08-27
24.1,77,0.0,10.9,126,2022-08-28
23.7,78,8.5,39.7,169,2022-08-29
22.2,84,0.2,15.0,338,2022-08-30
21.2,92,4.1,14.8,332,2022-08-31
21.4,85,0.3,15.5,21,2022-09-01
20.8,82,0.2,19.9,295,2022-09-02
20.0,79,0.4,15.3,314,2022-09-03
22.0,68,0.0,11.5,173,2022-09-04
23.6,57,0.0,20.4,196,2022-09-05
21.8,73,0.8,17.8,246,2022-09-06
20.1,70,1.0,15.5,277,2022-09-07
19.9,75,0.4,15.8,355,2022-09-08
19.8,80,4.1,15.0,314,2022-09-09
21.0,68,0.0,15.5,98,2022-09-10
25.8,59,0.0,15.7,156,2022-09-11
28.1,49,0.0,28.0,190,2022-09-12
27.6,42,0.3,21.0,174,2022-09-13
24.7,50,0.0,24.6,203,2022-09-14
21.4,77,7.1,16.5,300,2022-09-15
19.9,81,5.2,20.4,335,2022-09-16
18.4,65,0.1,15.1,51,2022-09-17
17.5,66,0.0,15.1,78,2022-09-18
17.8,73,0.0,14.2,34,2022-09-19
16.4,75,0.0,13.9,8,2022-09-20
15.9,74,0.0,14.8,323,2022-09-21
16.9,73,0.0,14.3,295,2022-09-22
16.6,82,0.6,13.3,291,2022-09-23
15.5,92,16.1,21.0,290,2022-09-24
14.7,84,3.9,18.4,295,2022-09-25
15.2,85,4.5,21.9,280,2022-09-26
16.7,82,9.5,30.8,287,2022-09-27
16.7,85,8.1,30.0,275,2022-09-28
14.6,90,27.8,26.4,284,2022-09-29
14.9,86,20.9,20.9,302,2022-09-30
16.9,79,0.0,11.2,200,2022-10-01
16.3,87,0.0,11.9,176,2022-10-02
17.6,90,0.0,11.3,120,2022-10-03
17.3,88,0.0,10.7,236,2022-10-04
17.2,87,0.0,17.9,277,2022-10-05
17.6,87,0.1,13.2,70,2022-10-06
17.5,89,0.1,14.8,267,2022-10-07
17.4,85,0.6,10.8,12,2022-10-08
19.0,76,0.0,20.7,203,2022-10-09
17.7,86,1.7,14.1,184,2022-10-10
17.4,94,5.1,10.5,338,2022-10-11
17.1,92,3.5,10.4,309,2022-10-12
17.4,83,0.0,12.8,247,2022-10-13
19.2,82,0.1,13.2,275,2022-10-14
18.0,82,0.0,13.0,176,2022-10-15
21.0,62,1.3,21.7,180,2022-10-16
21.2,66,1.3,17.5,173,2022-10-17
22.9,67,0.0,21.7,168,2022-10-18
22.8,58,0.2,21.2,183,2022-10-19
20.7,61,0.0,27.3,180,2022-10-20
20.5,56,0.0,23.6,188,2022-10-21
21.5,54,0.0,31.0,173,2022-10-22
21.9,49,0.7,46.8,188,2022-10-23
20.0,57,2.5,22.2,200,2022-10-24
21.0,54,0.7,23.5,192,2022-10-25
22.1,55,0.0,19.8,181,2022-10-26
24.1,44,0.0,17.5,172,2022-10-27
23.6,44,0.3,16.6,167,2022-10-28
23.0,51,0.6,20.5,183,2022-10-29
17.1,80,3.0,12.7,149,2022-10-30
17.4,80,2.4,19.7,199,2022-10-31
16.2,83,1.2,14.8,325,2022-11-01
14.5,78,0.0,12.3,192,2022-11-02
15.9,71,5.4,29.3,239,2022-11-03
13.3,75,3.4,31.9,280,2022-11-04
13.0,80,0.0,11.7,183,2022-11-05
14.3,69,0.0,15.8,194,2022-11-06
15.9,65,0.2,27.6,186,2022-11-07
18.6,66,0.1,33.0,189,2022-11-08
14.8,86,7.7,14.0,239,2022-11-09
13.4,82,0.0,12.2,162,2022-11-10
14.6,71,0.0,17.5,161,2022-11-11
18.2,68,0.0,27.8,156,2022-11-12
17.5,69,0.0,20.5,178,2022-11-13
15.1,80,5.0,20.6,214,2022-11-14
15.6,75,16.0,30.6,201,2022-11-15
16.0,74,2.0,31.5,199,2022-11-16
15.0,90,22.0,25.3,262,2022-11-17
11.4,86,7.6,27.1,279,2022-11-18
9.2,88,17.8,30.8,276,2022-11-19
12.1,86,7.4,17.8,235,2022-11-20
12.1,89,24.7,34.5,267,2022-11-21
11.3,68,1.2,25.7,217,2022-11-22
14.7,82,9.9,33.1,280,2022-11-23
11.7,84,11.1,18.8,184,2022-11-24
11.1,89,10.6,25.7,273,2022-11-25
10.9,77,0.0,15.5,176,2022-11-26
12.9,63,4.6,24.6,192,2022-11-27
11.3,85,9.5,27.2,279,2022-11-28
11.3,90,7.2,22.8,285,2022-11-29
10.6,89,0.0,15.6,119,2022-11-30
9.3,84,0.1,10.8,73,2022-12-01
8.4,78,0.0,10.4,124,2022-12-02
6.7,90,12.9,9.6,287,2022-12-03
6.6,81,0.2,13.6,172,2022-12-04
8.3,76,0.0,20.2,172,2022-12-05
11.8,81,0.0,18.6,189,2022-12-06
11.4,93,3.6,10.9,138,2022-12-07
10.7,95,8.9,18.7,147,2022-12-08
10.7,95,15.1,15.5,40,2022-12-09
7.8,76,1.3,15.7,44,2022-12-10
7.3,83,0.1,8.8,162,2022-12-11
9.6,87,9.5,24.6,164,2022-12-12
13.9,89,2.9,13.4,179,2022-12-13
14.3,80,8.1,16.5,185,2022-12-14
12.5,87,11.6,13.3,217,2022-12-15
10.4,90,7.0,18.8,322,2022-12-16
9.1,85,0.0,14.2,161,2022-12-17
12.9,67,0.0,32.4,182,2022-12-18
13.0,67,21.2,37.1,178,2022-12-19
13.2,79,26.7,28.5,176,2022-12-20
14.7,76,0.1,23.1,198,2022-12-21
16.3,73,0.3,22.5,204,2022-12-22
17.3,66,0.0,24.7,202,2022-12-23
15.0,69,0.0,28.9,188,2022-12-24
15.4,64,7.7,35.9,174,2022-12-25
14.2,79,1.5,12.4,242,2022-12-26
12.2,96,0.1,7.6,166,2022-12-27
13.5,73,0.0,21.7,197,2022-12-28
13.2,84,5.5,21.9,229,2022-12-29
17.1,69,1.8,32.5,195,2022-12-30
17.2,47,0.0,37.0,184,2022-12-31
17.5,48,0.0,23.7,178,2023-01-01
12.2,87,8.3,15.7,289,2023-01-02
8.9,81,0.0,11.5,185,2023-01-03
9.3,77,0.0,13.3,190,2023-01-04
9.5,84,0.0,13.1,179,2023-01-05
8.5,76,0.0,25.6,192,2023-01-06
11.5,68,5.6,37.5,195,2023-01-07
12.0,88,14.3,28.7,237,2023-01-08
10.6,80,2.4,26.1,282,2023-01-09
10.6,71,0.0,21.9,187,2023-01-10
12.4,82,7.5,21.8,254,2023-01-11
9.2,84,0.0,13.3,180,2023-01-12
10.3,82,1.8,14.6,184,2023-01-13
12.6,70,0.0,26.8,195,2023-01-14
9.9,79,9.7,31.8,269,2023-01-15
9.4,87,59.9,29.3,236,2023-01-16
8.3,84,29.7,38.4,276,2023-01-17
4.8,88,25.5,32.5,274,2023-01-18
6.8,86,28.9,37.3,244,2023-01-19
8.5,80,3.5,27.7,16,2023-01-20
5.4,73,0.5,17.3,4,2023-01-21
6.3,70,0.3,17.4,7,2023-01-22
6.3,78,5.4,18.0,17,2023-01-23
5.2,89,4.2,16.6,47,2023-01-24
5.7,83,2.5,19.6,304,2023-01-25
7.6,86,6.7,22.6,356,2023-01-26
6.6,88,21.4,19.4,24,2023-01-27
6.2,87,10.2,18.0,26,2023-01-28
6.0,81,1.1,14.0,29,2023-01-29
6.6,79,0.3,7.6,187,2023-01-30
8.1,81,1.0,12.6,283,2023-01-31
9.2,89,2.3,10.7,39,2023-02-01
7.3,79,0.0,11.1,119,2023-02-02
5.1,83,0.0,11.1,165,2023-02-03
6.6,84,0.0,10.8,158,2023-02-04
9.4,80,0.5,14.5,35,2023-02-05
7.9,74,0.0,14.3,55,2023-02-06
4.7,86,5.1,12.3,133,2023-02-07
6.3,89,0.0,12.1,133,2023-02-08
6.4,79,0.0,10.2,198,2023-02-09
5.5,79,0.0,13.9,156,2023-02-10
6.7,67,0.0,19.8,168,2023-02-11
8.8,58,0.0,20.2,176,2023-02-12
10.2,59,0.0,19.5,178,2023-02-13
11.2,58,0.0,20.9,175,2023-02-14
11.8,65,0.0,22.0,188,2023-02-15
9.4,78,0.0,10.6,211,2023-02-16
10.1,77,0.0,11.4,169,2023-02-17
10.7,73,0.0,17.3,193,2023-02-18
9.6,88,0.4,9.8,206,2023-02-19
13.8,80,0.0,11.6,164,2023-02-20
13.5,71,0.0,15.9,212,2023-02-21
11.1,94,12.5,13.8,269,2023-02-22
7.3,95,44.0,28.3,323,2023-02-23
7.4,77,8.0,14.2,222,2023-02-24
8.4,68,0.0,12.5,158,2023-02-25
7.6,70,3.1,23.3,14,2023-02-26
4.5,66,4.8,25.7,18,2023-02-27
5.7,71,5.2,20.3,358,2023-02-28
5.2,72,1.4,12.0,360,2023-03-01
7.3,78,3.8,20.9,309,2023-03-02
7.7,83,5.8,13.2,327,2023-03-03
7.3,85,0.7,9.5,110,2023-03-04
6.5,80,0.0,13.2,133,2023-03-05
8.3,80,0.0,12.8,106,2023-03-06
11.0,84,1.3,23.3,217,2023-03-07
16.2,68,2.2,29.3,203,2023-03-08
14.7,77,3.3,28.1,204,2023-03-09
15.2,68,0.4,18.4,229,2023-03-10
15.5,81,7.6,21.7,239,2023-03-11
16.2,88,4.8,14.3,184,2023-03-12
16.3,69,7.7,30.4,203,2023-03-13
12.0,74,1.1,28.6,283,2023-03-14
11.9,78,0.0,13.4,142,2023-03-15
17.5,58,0.0,23.1,174,2023-03-16
15.8,65,0.9,23.4,207,2023-03-17
12.8,76,11.4,23.0,241,2023-03-18
11.8,88,6.9,24.4,299,2023-03-19
11.7,84,0.0,10.1,145,2023-03-20
12.1,86,0.0,13.6,350,2023-03-21
13.7,75,0.0,13.9,177,2023-03-22
17.5,47,1.2,22.4,188,2023-03-23
14.0,74,3.2,22.3,270,2023-03-24
13.3,70,0.0,22.5,180,2023-03-25
13.8,72,5.4,37.0,287,2023-03-26
11.6,76,2.7,22.9,306,2023-03-27
15.9,62,0.0,16.2,167,2023-03-28
21.0,40,0.0,24.5,183,2023-03-29
18.1,57,0.0,19.2,192,2023-03-30
15.5,71,2.7,25.9,288,2023-03-31
11.7,82,8.7,30.2,287,2023-04-01
10.9,81,11.9,31.3,312,2023-04-02
10.8,80,0.1,15.3,27,2023-04-03
10.1,78,0.0,12.3,11,2023-04-04
9.1,78,0.0,13.0,110,2023-04-05
10.5,75,0.0,14.3,49,2023-04-06
11.8,75,0.0,12.8,98,2023-04-07
14.1,71,0.0,14.2,105,2023-04-08
14.8,68,0.0,17.3,257,2023-04-09
14.1,73,0.0,14.8,319,2023-04-10
14.6,84,1.5,15.9,339,2023-04-11
11.1,89,9.4,26.0,273,2023-04-12
10.0,82,13.0,27.9,281,2023-04-13
13.0,79,4.1,31.4,265,2023-04-14
12.4,90,8.9,28.7,309,2023-04-15
12.2,78,0.0,14.6,42,2023-04-16
11.2,76,0.0,15.8,45,2023-04-17
11.7,82,0.0,15.5,27,2023-04-18
14.3,76,0.0,16.4,125,2023-04-19
14.2,83,0.0,13.8,301,2023-04-20
15.7,79,0.0,37.2,345,2023-04-21
14.6,74,8.0,13.0,360,2023-04-22
14.9,74,6.0,19.6,234,2023-04-23
15.1,83,1.3,14.0,281,2023-04-24
16.3,86,4.6,12.3,338,2023-04-25
17.3,86,0.8,13.3,342,2023-04-26
18.4,85,0.0,10.8,256,2023-04-27
17.1,86,0.0,20.2,306,2023-04-28
15.7,91,1.1,15.2,308,2023-04-29
15.3,88,3.9,14.6,328,2023-04-30
15.2,83,0.0,13.5,38,2023-05-01
15.5,74,0.0,16.7,100,2023-05-02
21.8,55,0.0,27.5,175,2023-05-03
18.4,70,0.0,25.6,359,2023-05-04
17.2,73,0.0,15.0,61,2023-05-05
16.3,79,0.0,20.5,303,2023-05-06
15.9,84,0.4,14.5,319,2023-05-07
16.1,75,0.0,13.8,312,2023-05-08
15.7,84,8.7,25.5,288,2023-05-09
14.1,75,2.0,20.6,298,2023-05-10
12.7,86,17.2,24.3,293,2023-05-11
12.5,83,4.6,21.6,305,2023-05-12
13.4,82,3.0,23.2,296,2023-05-13
13.8,91,31.8,22.2,314,2023-05-14
13.4,90,9.2,21.2,305,2023-05-15
13.6,72,2.2,19.6,344,2023-05-16
14.0,70,0.0,16.9,17,2023-05-17
14.9,67,0.7,21.4,3,2023-05-18
14.7,73,3.1,19.1,337,2023-05-19
14.4,82,1.5,19.1,302,2023-05-20
14.6,84,0.5,17.1,301,2023-05-21
15.5,87,2.1,17.9,309,2023-05-22
16.3,92,2.7,20.7,311,2023-05-23
16.2,89,2.9,14.9,321,2023-05-24
15.5,80,2.4,20.7,321,2023-05-25
17.2,76,1.2,19.7,93,2023-05-26
20.8,71,0.0,13.5,130,2023-05-27
18.7,83,0.0,16.7,299,2023-05-28
18.3,85,0.0,12.6,313,2023-05-29
18.4,86,0.0,13.3,324,2023-05-30
18.2,87,0.0,17.0,305,2023-05-31
18.9,81,0.1,11.3,344,2023-06-01
20.8,70,0.6,12.5,122,2023-06-02
20.4,78,0.1,10.2,291,2023-06-03
19.8,78,0.0,12.1,318,2023-06-04
20.0,78,0.0,13.0,340,2023-06-05
22.4,73,0.8,13.6,103,2023-06-06
23.6,69,0.9,16.4,160,2023-06-07
23.5,72,9.1,15.7,168,2023-06-08
22.7,70,2.4,19.6,201,2023-06-09
20.6,82,1.1,13.2,303,2023-06-10
20.6,84,2.5,13.5,51,2023-06-11
19.9,88,8.7,11.7,39,2023-06-12
18.8,89,14.2,25.3,305,2023-06-13
19.2,87,2.7,24.2,306,2023-06-14
19.4,81,0.0,13.6,9,2023-06-15
20.3,82,0.0,12.6,84,2023-06-16
20.4,90,0.9,17.9,315,2023-06-17
20.1,89,1.3,14.3,344,2023-06-18
22.2,82,0.3,18.4,154,2023-06-19
19.6,91,4.1,15.0,324,2023-06-20
19.6,90,4.8,15.0,355,2023-06-21
20.2,84,1.4,14.4,313,2023-06-22
20.6,83,0.0,14.4,70,2023-06-23
22.7,77,0.0,13.3,99,2023-06-24
21.7,82,0.0,22.5,304,2023-06-25
21.0,80,0.3,15.1,358,2023-06-26
19.9,74,0.0,13.6,358,2023-06-27
19.9,77,0.0,14.8,322,2023-06-28
19.1,88,5.7,22.2,311,2023-06-29
18.5,75,5.1,22.2,307,2023-06-30
19.8,77,1.3,22.0,287,2023-07-01
20.1,87,3.1,13.8,311,2023-07-02
19.7,81,0.0,14.2,11,2023-07-03
19.5,79,0.0,15.8,308,2023-07-04
20.3,80,0.6,13.0,325,2023-07-05
20.3,81,0.9,17.6,36,2023-07-06
24.7,70,1.5,19.8,182,2023-07-07
22.2,79,0.2,17.6,344,2023-07-08
20.5,84,0.7,17.3,318,2023-07-09
22.0,77,0.0,14.4,5,2023-07-10
20.7,84,0.1,16.6,318,2023-07-11
20.7,79,0.9,15.7,337,2023-07-12
20.4,86,6.5,13.4,37,2023-07-13
22.4,75,0.0,16.6,249,2023-07-14
19.9,85,7.7,17.6,309,2023-07-15
19.6,74,0.0,14.9,343,2023-07-16
21.4,72,0.0,18.0,48,2023-07-17
21.3,82,0.0,21.6,305,2023-07-18
20.4,80,0.3,12.2,0,2023-07-19
19.6,79,0.3,14.8,339,2023-07-20
19.9,79,3.3,12.7,349,2023-07-21
19.7,76,0.0,14.8,346,2023-07-22
20.0,78,0.0,14.1,333,2023-07-23
19.8,81,2.5,22.4,286,2023-07-24
18.8,73,2.2,23.7,293,2023-07-25
19.9,77,0.4,14.7,293,2023-07-26
20.4,85,0.6,17.1,315,2023-07-27
22.1,78,0.0,14.6,320,2023-07-28
21.5,80,0.4,21.0,311,2023-07-29
20.7,80,0.7,14.2,356,2023-07-30
19.7,80,0.0,13.7,314,2023-07-31
20.4,84,2.7,22.8,285,2023-08-01
21.3,80,1.0,27.5,283,2023-08-02
19.1,74,4.7,27.4,292,2023-08-03
17.6,82,11.3,22.1,304,2023-08-04
18.9,75,1.2,21.6,295,2023-08-05
18.8,76,2.3,15.4,337,2023-08-06
18.8,70,0.0,15.3,62,2023-08-07
20.1,76,0.0,13.8,65,2023-08-08
25.1,67,0.0,24.5,124,2023-08-09
22.6,76,0.0,32.9,306,2023-08-10
22.1,77,0.0,14.4,357,2023-08-11
20.5,85,2.9,18.6,308,2023-08-12
21.0,81,0.1,12.4,38,2023-08-13
20.6,85,2.7,12.7,348,2023-08-14
20.5,85,1.1,15.2,16,2023-08-15
20.3,91,3.6,11.1,12,2023-08-16
21.2,84,0.0,14.6,9,2023-08-17
24.4,78,0.0,15.0,136,2023-08-18
23.7,81,0.0,18.1,41,2023-08-19
22.4,86,0.0,12.2,319,2023-08-20
22.2,83,0.0,14.2,314,2023-08-21
23.1,81,0.0,12.1,345,2023-08-22
28.8,67,0.0,11.6,155,2023-08-23
25.4,73,0.0,19.5,304,2023-08-24
21.6,83,3.7,15.3,316,2023-08-25
18.2,93,16.3,16.8,305,2023-08-26
16.8,86,21.0,21.9,297,2023-08-27
18.0,91,15.7,25.1,287,2023-08-28
18.8,80,5.1,18.8,308,2023-08-29
18.6,80,4.7,23.5,289,2023-08-30
19.8,79,0.0,12.3,293,2023-08-31
19.9,88,0.1,15.8,357,2023-09-01
19.7,93,8.5,10.5,26,2023-09-02
19.9,89,2.1,14.8,123,2023-09-03
25.1,67,2.6,20.1,147,2023-09-04
24.9,74,0.1,14.9,148,2023-09-05
24.2,75,0.0,12.0,221,2023-09-06
24.7,74,0.0,15.5,192,2023-09-07
24.9,77,2.5,13.3,159,2023-09-08
24.5,79,0.0,18.5,255,2023-09-09
23.0,89,0.8,12.6,357,2023-09-10
21.9,89,12.2,14.8,315,2023-09-11
19.3,92,33.6,14.7,291,2023-09-12
19.3,88,1.4,11.4,332,2023-09-13
19.7,84,0.1,13.9,101,2023-09-14
21.4,84,1.9,17.7,175,2023-09-15
22.9,73,0.4,19.1,173,2023-09-16
21.4,74,0.6,16.9,182,2023-09-17
21.2,62,0.2,25.6,241,2023-09-18
19.9,82,2.4,15.3,47,2023-09-19
19.3,87,0.0,14.6,191,2023-09-20
19.4,69,9.4,23.9,243,2023-09-21
15.4,85,13.9,23.4,255,2023-09-22
17.2,78,1.5,16.1,288,2023-09-23
18.6,76,0.0,13.0,194,2023-09-24
18.9,72,0.0,11.9,121,2023-09-25
18.3,84,0.0,11.8,267,2023-09-26
20.1,80,0.0,22.7,196,2023-09-27
20.6,71,0.0,9.8,203,2023-09-28
19.9,81,0.0,14.6,92,2023-09-29
22.1,84,0.0,10.1,151,2023-09-30
21.5,76,0.0,11.7,195,2023-10-01
22.8,74,0.0,19.4,212,2023-10-02
19.3,88,2.4,11.6,342,2023-10-03
18.5,84,0.0,13.0,86,2023-10-04
19.9,86,0.0,10.2,132,2023-10-05
19.9,88,0.0,9.1,177,2023-10-06
21.9,84,0.0,8.7,151,2023-10-07
20.9,73,0.0,9.5,207,2023-10-08
18.4,75,0.0,6.9,213,2023-10-09
18.5,67,0.0,9.4,195,2023-10-10
19.7,60,0.0,14.4,188,2023-10-11
20.6,61,0.0,15.1,183,2023-10-12
22.3,55,1.6,17.8,200,2023-10-13
17.9,93,15.2,15.9,2,2023-10-14
16.8,83,3.0,14.9,98,2023-10-15
19.3,76,2.4,12.8,173,2023-10-16
24.1,55,0.0,29.5,163,2023-10-17
23.1,65,5.2,27.6,189,2023-10-18
20.4,65,2.4,38.9,192,2023-10-19
16.3,68,4.2,38.2,246,2023-10-20
14.0,67,0.0,16.2,221,2023-10-21
14.9,66,0.3,16.5,161,2023-10-22
14.5,91,25.8,14.8,249,2023-10-23
15.1,72,1.1,34.8,197,2023-10-24
18.5,72,3.6,25.0,205,2023-10-25
16.5,97,56.0,12.4,214,2023-10-26
15.0,72,1.8,22.9,209,2023-10-27
19.1,56,0.0,29.8,199,2023-10-28
17.5,80,8.4,27.4,176,2023-10-29
15.6,75,1.4,13.8,236,2023-10-30
15.4,59,0.0,18.8,191,2023-10-31
16.9,63,5.5,40.3,202,2023-11-01
14.1,75,28.6,48.1,260,2023-11-02
12.3,67,6.6,34.2,253,2023-11-03
15.8,70,21.0,39.9,208,2023-11-04
14.3,65,0.2,26.2,231,2023-11-05
11.5,76,5.7,17.3,238,2023-11-06
10.9,71,0.5,20.2,222,2023-11-07
12.9,67,0.4,27.8,194,2023-11-08
14.1,78,8.5,21.9,273,2023-11-09
12.6,96,15.2,16.4,251,2023-11-10
14.5,96,14.1,15.8,175,2023-11-11
17.0,81,4.9,17.0,193,2023-11-12
20.3,64,0.0,25.6,199,2023-11-13
18.4,73,2.1,22.5,215,2023-11-14
16.3,86,0.8,12.2,167,2023-11-15
17.5,79,3.1,24.4,262,2023-11-16
13.8,85,0.3,8.2,250,2023-11-17
13.9,83,0.0,16.2,185,2023-11-18
12.9,87,0.0,9.8,203,2023-11-19
13.1,94,4.6,21.7,291,2023-11-20
11.5,88,10.6,26.7,301,2023-11-21
12.6,82,7.7,22.5,13,2023-11-22
11.7,71,0.0,13.4,16,2023-11-23
12.3,85,0.2,8.1,280,2023-11-24
11.8,90,0.7,9.3,91,2023-11-25
9.2,87,0.0,9.0,165,2023-11-26
11.2,90,8.9,26.8,249,2023-11-27
12.8,98,17.7,24.5,296,2023-11-28
14.1,91,11.3,19.1,169,2023-11-29
12.4,99,44.9,20.3,293,2023-11-30
9.7,95,20.0,29.2,241,2023-12-01
8.7,95,16.3,29.9,284,2023-12-02
8.5,77,0.4,32.0,188,2023-12-03
12.6,67,2.8,34.7,230,2023-12-04
9.4,83,1.8,24.9,263,2023-12-05
8.4,79,0.0,14.4,175,2023-12-06
11.5,71,11.8,32.5,194,2023-12-07
11.6,81,5.1,26.5,256,2023-12-08
14.7,73,6.6,27.9,207,2023-12-09
16.3,80,0.0,21.5,193,2023-12-10
17.3,65,0.0,20.7,196,2023-12-11
14.9,84,13.4,24.4,204,2023-12-12
11.4,80,15.1,34.2,277,2023-12-13
11.7,75,4.7,28.1,317,2023-12-14
12.0,92,7.4,17.3,308,2023-12-15
9.8,87,0.3,9.7,137,2023-12-16
6.9,87,0.0,11.5,179,2023-12-17
6.6,87,0.0,11.6,192,2023-12-18
7.0,82,0.0,10.8,195,2023-12-19
10.7,91,28.2,28.1,323,2023-12-20
12.2,86,4.3,26.7,289,2023-12-21
12.2,90,6.2,25.9,297,2023-12-22
11.5,89,2.7,15.1,287,2023-12-23
9.5,88,0.0,9.8,188,2023-12-24
7.1,83,0.0,10.9,188,2023-12-25
5.6,76,0.0,14.8,180,2023-12-26
9.8,53,0.0,29.9,185,2023-12-27
11.8,64,0.1,26.0,196,2023-12-28
11.1,87,1.7,10.2,193,2023-12-29
11.5,80,0.0,24.8,197,2023-12-30
11.8,71,3.9,35.3,246,2023-12-31
10.0,69,0.0,23.2,188,2024-01-01
14.1,59,0.3,34.8,201,2024-01-02
13.1,87,0.5,10.7,231,2024-01-03
11.2,75,0.5,22.8,196,2024-01-04
8.8,89,15.0,27.5,278,2024-01-05
7.3,91,38.1,24.3,283,2024-01-06
7.8,89,20.8,20.9,319,2024-01-07
6.8,89,4.1,10.1,4,2024-01-08
4.7,84,0.0,8.9,131,2024-01-09
4.9,93,2.6,9.2,121,2024-01-10
5.8,92,7.7,7.1,245,2024-01-11
6.7,88,0.1,11.0,148,2024-01-12
9.4,67,0.0,20.2,180,2024-01-13
11.8,80,1.7,16.0,194,2024-01-14
12.2,92,2.4,11.0,204,2024-01-15
13.6,87,1.9,29.4,181,2024-01-16
17.2,58,0.0,27.3,193,2024-01-17
13.4,64,3.5,32.2,238,2024-01-18
5.9,69,0.0,16.4,73,2024-01-19
5.0,68,0.0,16.7,163,2024-01-20
9.2,56,0.0,27.3,187,2024-01-21
13.2,72,3.2,29.7,195,2024-01-22
14.0,86,0.6,12.3,178,2024-01-23
11.7,87,0.0,11.5,168,2024-01-24
11.7,85,0.0,16.2,183,2024-01-25
9.9,90,0.0,10.5,181,2024-01-26
12.0,82,0.0,16.0,168,2024-01-27
14.6,68,0.0,24.9,180,2024-01-28
14.5,68,0.0,23.9,183,2024-01-29
12.4,80,0.0,19.2,194,2024-01-30
10.7,84,0.0,12.6,185,2024-01-31
10.4,91,1.3,15.3,292,2024-02-01
11.7,93,2.4,8.8,305,2024-02-02
11.0,91,0.0,10.7,114,2024-02-03
11.0,90,0.0,9.4,131,2024-02-04
9.9,89,0.0,8.3,180,2024-02-05
10.0,88,0.0,6.9,162,2024-02-06
11.3,75,0.1,22.6,193,2024-02-07
15.6,53,7.0,51.1,192,2024-02-08
15.2,68,12.0,27.5,184,2024-02-09
10.6,77,15.5,28.4,281,2024-02-10
10.6,65,1.8,24.1,233,2024-02-11
12.2,74,4.4,53.8,254,2024-02-12
12.7,78,0.0,16.0,183,2024-02-13
15.7,74,0.0,24.5,178,2024-02-14
17.6,70,8.5,28.1,194,2024-02-15
12.3,88,7.8,18.9,296,2024-02-16
9.4,83,0.0,9.5,156,2024-02-17
10.4,85,2.1,11.8,221,2024-02-18
12.4,92,4.3,14.0,345,2024-02-19
10.6,84,0.0,11.9,139,2024-02-20
12.1,71,0.0,18.8,186,2024-02-21
14.1,65,7.3,34.2,232,2024-02-22
8.2,73,3.0,25.8,245,2024-02-23
7.9,79,16.6,24.3,259,2024-02-24
12.1,81,18.0,29.5,215,2024-02-25
9.5,84,18.3,39.9,291,2024-02-26
9.2,80,18.3,37.2,333,2024-02-27
11.1,80,9.1,25.0,327,2024-02-28
10.3,90,7.8,34.1,264,2024-02-29
10.0,74,2.6,24.3,233,2024-03-01
9.1,87,17.2,30.9,236,2024-03-02
7.1,85,15.6,28.2,278,2024-03-03
9.5,85,9.3,22.3,214,2024-03-04
9.1,79,1.9,19.2,275,2024-03-05
9.0,75,0.0,12.2,163,2024-03-06
13.1,59,0.2,28.8,155,2024-03-07
11.9,60,2.0,27.6,186,2024-03-08
11.2,59,4.8,25.0,190,2024-03-09
10.2,73,7.8,32.3,239,2024-03-10
10.0,88,11.5,29.0,276,2024-03-11
11.5,83,1.0,9.4,176,2024-03-12
12.3,79,0.0,14.8,180,2024-03-13
15.4,69,0.1,18.3,194,2024-03-14
14.2,76,0.0,11.3,210,2024-03-15
15.2,74,0.0,15.3,182,2024-03-16
16.8,73,0.0,17.6,174,2024-03-17
15.6,86,0.7,15.3,78,2024-03-18
15.2,90,0.6,11.8,317,2024-03-19
14.3,90,0.1,13.7,320,2024-03-20
14.7,86,0.0,10.9,44,2024-03-21
14.2,95,0.8,14.8,307,2024-03-22
12.4,80,3.0,15.9,347,2024-03-23
11.2,72,0.0,13.3,6,2024-03-24
10.6,81,3.5,23.7,268,2024-03-25
8.3,85,13.2,17.1,269,2024-03-26
11.8,63,2.3,32.2,211,2024-03-27
12.5,65,4.2,32.6,198,2024-03-28
12.1,76,6.4,19.8,187,2024-03-29
11.4,76,4.3,16.1,160,2024-03-30
10.6,75,4.3,16.0,191,2024-03-31
11.6,65,4.3,24.5,216,2024-04-01
12.9,65,1.7,32.7,190,2024-04-02
17.1,57,0.0,22.3,198,2024-04-03
18.8,55,0.0,20.4,194,2024-04-04
21.9,43,0.0,34.8,174,2024-04-05
21.5,50,0.0,32.4,168,2024-04-06
16.2,86,6.0,15.0,114,2024-04-07
14.0,80,9.3,30.2,240,2024-04-08
10.8,74,1.8,26.1,290,2024-04-09
11.2,77,0.1,13.8,24,2024-04-10
12.8,73,0.0,13.6,109,2024-04-11
16.5,73,0.0,9.7,148,2024-04-12
17.4,73,0.0,12.0,251,2024-04-13
16.2,79,0.0,16.3,308,2024-04-14
13.1,87,2.4,17.7,313,2024-04-15
12.1,80,4.3,21.7,311,2024-04-16
11.4,81,6.7,18.2,326,2024-04-17
11.7,77,4.1,14.9,348,2024-04-18
11.5,72,0.0,16.1,111,2024-04-19
11.9,78,0.0,14.6,17,2024-04-20
10.9,68,0.0,14.6,34,2024-04-21
11.1,53,0.0,16.6,24,2024-04-22
10.1,77,21.5,24.2,329,2024-04-23
11.0,62,0.0,17.1,301,2024-04-24
10.6,84,5.4,14.7,261,2024-04-25
11.5,91,7.2,12.9,36,2024-04-26
11.7,83,8.1,23.5,241,2024-04-27
10.2,79,0.2,14.4,297,2024-04-28
11.3,79,0.0,11.9,359,2024-04-29
13.0,78,2.9,24.0,232,2024-04-30
10.6,86,17.3,21.9,294,2024-05-01
11.2,73,3.3,17.6,271,2024-05-02
13.5,70,0.5,14.7,195,2024-05-03
18.6,59,1.5,27.1,207,2024-05-04
15.7,84,8.3,22.7,227,2024-05-05
13.5,80,2.9,23.3,292,2024-05-06
13.4,84,4.9,21.8,305,2024-05-07
14.4,82,0.4,13.4,40,2024-05-08
15.5,79,0.0,13.8,95,2024-05-09
18.1,75,0.0,12.6,234,2024-05-10
17.3,81,0.2,16.3,303,2024-05-11
14.7,85,0.2,14.0,309,2024-05-12
15.5,84,10.9,15.1,243,2024-05-13
13.4,91,18.4,12.8,264,2024-05-14
12.6,84,7.0,12.0,264,2024-05-15
13.1,83,7.5,13.8,214,2024-05-16
13.7,83,5.5,13.1,314,2024-05-17
13.9,81,1.5,13.6,31,2024-05-18
13.6,90,11.6,17.8,305,2024-05-19
14.1,86,7.3,19.6,297,2024-05-20
14.2,80,1.5,20.8,288,2024-05-21
14.1,84,9.6,16.5,275,2024-05-22
14.1,81,2.2,17.8,294,2024-05-23
14.4,80,0.0,17.0,32,2024-05-24
16.6,81,0.0,17.6,261,2024-05-25
15.0,86,1.1,14.1,318,2024-05-26
15.0,81,0.9,11.7,339,2024-05-27
14.8,79,0.0,12.0,60,2024-05-28
15.6,82,0.0,12.0,318,2024-05-29
15.9,86,4.0,17.1,312,2024-05-30
15.2,76,2.5,15.6,336,2024-05-31
14.7,81,1.8,15.5,336,2024-06-01
15.9,83,1.7,13.8,348,2024-06-02
16.2,85,1.6,12.2,8,2024-06-03
17.4,80,0.0,12.4,29,2024-06-04
18.2,81,0.0,15.2,4,2024-06-05
17.5,85,0.1,15.7,5,2024-06-06
18.4,83,0.3,14.0,357,2024-06-07
17.8,92,9.7,20.0,297,2024-06-08
16.5,86,5.0,21.7,318,2024-06-09
16.5,70,0.8,17.8,326,2024-06-10
15.6,77,2.3,16.5,302,2024-06-11
15.8,71,1.7,19.6,316,2024-06-12
16.6,74,0.0,17.2,218,2024-06-13
17.2,82,7.4,24.8,293,2024-06-14
17.0,68,0.0,19.4,303,2024-06-15
17.7,72,0.0,16.2,159,2024-06-16
20.5,70,0.4,14.7,195,2024-06-17
19.5,85,11.0,14.8,12,2024-06-18
17.8,85,8.5,16.6,302,2024-06-19
17.3,82,1.5,20.0,296,2024-06-20
17.2,80,1.0,22.4,289,2024-06-21
17.3,85,2.3,22.1,295,2024-06-22
17.9,92,5.6,20.5,298,2024-06-23
19.4,83,1.1,14.0,30,2024-06-24
19.6,82,0.0,13.1,274,2024-06-25
21.0,84,0.0,13.8,318,2024-06-26
20.3,88,0.6,17.5,313,2024-06-27
19.7,84,0.5,15.4,3,2024-06-28
17.8,86,10.4,22.4,307,2024-06-29
17.4,80,0.9,11.3,323,2024-06-30
17.0,85,4.8,16.7,303,2024-07-01
17.9,80,1.4,14.8,331,2024-07-02
17.1,80,0.0,11.6,311,2024-07-03
18.2,84,0.0,12.4,335,2024-07-04
19.3,84,5.6,16.6,25,2024-07-05
17.7,85,4.4,19.1,322,2024-07-06
16.9,75,0.0,12.2,32,2024-07-07
19.6,77,0.0,14.5,325,2024-07-08
20.0,84,1.7,12.4,290,2024-07-09
21.5,84,0.0,14.5,27,2024-07-10
21.6,88,0.3,18.4,330,2024-07-11
18.7,81,9.3,19.9,316,2024-07-12
18.3,73,0.0,16.1,63,2024-07-13
19.4,82,0.0,15.2,314,2024-07-14
19.9,78,9.2,18.4,298,2024-07-15
19.4,78,0.6,13.6,335,2024-07-16
20.4,79,0.0,13.8,72,2024-07-17
21.2,85,0.0,17.8,307,2024-07-18
21.7,84,0.0,13.7,336,2024-07-19
21.0,85,7.4,15.1,325,2024-07-20
19.0,71,3.0,29.0,300,2024-07-21
20.0,68,0.0,12.3,52,2024-07-22
21.0,77,0.0,14.8,46,2024-07-23
21.0,85,0.1,14.5,38,2024-07-24
20.8,82,0.0,14.8,7,2024-07-25
19.9,81,0.0,14.4,351,2024-07-26
20.3,79,0.0,13.7,346,2024-07-27
24.3,81,1.2,14.9,36,2024-07-28
24.0,84,0.0,15.3,328,2024-07-29
26.7,76,0.0,15.0,125,2024-07-30
24.0,83,0.0,17.7,313,2024-07-31
22.2,83,0.2,16.4,313,2024-08-01
21.0,77,0.3,17.6,322,2024-08-02
21.4,76,0.3,15.0,352,2024-08-03
20.9,78,0.0,15.1,55,2024-08-04
21.5,85,0.2,13.6,317,2024-08-05
22.0,82,0.0,11.9,329,2024-08-06
21.1,87,3.7,16.2,27,2024-08-07
21.4,79,0.0,13.7,34,2024-08-08
22.7,77,0.0,15.9,33,2024-08-09
23.3,79,0.0,13.5,45,2024-08-10
29.1,61,0.0,25.3,172,2024-08-11
23.0,80,0.6,19.2,306,2024-08-12
21.9,81,2.5,18.1,319,2024-08-13
19.9,82,13.7,21.8,303,2024-08-14
19.9,73,1.4,11.9,333,2024-08-15
19.8,72,0.0,13.0,309,2024-08-16
21.3,78,0.6,22.7,297,2024-08-17
20.6,84,2.7,11.2,346,2024-08-18
19.2,74,0.0,14.1,73,2024-08-19
19.6,80,1.2,18.1,322,2024-08-20
20.7,76,0.5,14.1,48,2024-08-21
19.2,80,0.0,14.4,317,2024-08-22
21.4,75,0.0,13.8,72,2024-08-23
20.5,82,1.6,32.8,306,2024-08-24
19.7,69,0.9,13.4,13,2024-08-25
19.5,68,0.0,15.3,48,2024-08-26
20.6,74,0.0,15.1,279,2024-08-27
20.9,78,6.2,15.5,321,2024-08-28
20.7,87,3.8,10.1,8,2024-08-29
20.9,89,16.4,10.9,322,2024-08-30
22.3,90,10.8,8.8,74,2024-08-31
21.2,89,7.3,13.9,339,2024-09-01
19.6,94,8.7,19.2,300,2024-09-02
18.7,88,6.9,17.1,300,2024-09-03
18.1,87,15.4,17.5,313,2024-09-04
15.6,93,11.3,16.2,267,2024-09-05
16.5,83,15.8,16.7,94,2024-09-06
16.6,80,0.6,16.1,294,2024-09-07
17.0,81,7.9,17.8,288,2024-09-08
18.1,82,2.0,21.6,282,2024-09-09
18.2,83,2.8,14.5,318,2024-09-10
18.1,78,5.0,25.4,283,2024-09-11
15.9,97,30.5,22.9,329,2024-09-12
15.3,78,2.4,14.3,20,2024-09-13
14.3,73,0.0,14.2,102,2024-09-14
14.0,79,0.0,11.2,357,2024-09-15
14.5,80,0.0,12.7,356,2024-09-16
16.5,79,1.0,16.0,24,2024-09-17
16.7,86,0.2,12.3,63,2024-09-18
18.6,84,0.0,12.6,149,2024-09-19
18.8,86,3.3,15.5,193,2024-09-20
17.8,94,32.9,15.8,241,2024-09-21
17.6,88,13.7,13.8,287,2024-09-22
17.0,80,0.6,18.5,283,2024-09-23
17.3,82,2.8,11.2,191,2024-09-24
21.5,67,0.0,27.0,201,2024-09-25
19.1,88,14.9,21.9,300,2024-09-26
15.2,80,2.4,29.6,277,2024-09-27
14.0,82,4.8,22.7,287,2024-09-28
17.3,64,0.0,17.5,184,2024-09-29
17.3,81,0.0,9.6,150,2024-09-30
18.8,88,4.3,18.9,261,2024-10-01
16.3,99,30.4,12.0,53,2024-10-02
15.4,85,1.7,13.2,348,2024-10-03
13.6,85,0.0,12.8,132,2024-10-04
17.5,81,1.5,14.0,177,2024-10-05
20.3,84,5.3,24.7,194,2024-10-06
18.4,88,14.8,18.5,193,2024-10-07
19.6,61,0.9,22.4,200,2024-10-08
20.2,71,21.4,42.8,216,2024-10-09
15.5,82,3.9,19.0,278,2024-10-10
16.5,74,0.1,16.0,161,2024-10-11
20.5,67,0.3,19.3,175,2024-10-12
19.6,79,0.0,14.8,177,2024-10-13
19.6,85,0.2,10.4,133,2024-10-14
21.4,79,1.0,23.9,164,2024-10-15
19.3,84,11.4,17.0,235,2024-10-16
14.8,95,33.8,30.6,293,2024-10-17
15.2,82,5.7,23.8,276,2024-10-18
17.1,85,0.2,16.3,179,2024-10-19
19.6,78,0.1,20.5,187,2024-10-20
17.8,77,0.1,23.9,234,2024-10-21
15.9,90,3.2,11.7,8,2024-10-22
15.8,84,0.0,13.0,165,2024-10-23
18.9,73,0.0,21.1,176,2024-10-24
14.9,84,9.1,17.3,280,2024-10-25
11.7,91,11.0,10.5,265,2024-10-26
13.1,91,24.6,11.1,275,2024-10-27
12.9,91,0.3,9.0,141,2024-10-28
14.9,88,0.0,9.2,117,2024-10-29
15.5,90,0.2,13.9,125,2024-10-30
16.9,85,0.0,16.7,148,2024-10-31
17.9,79,0.0,15.5,169,2024-11-01
15.2,90,0.0,10.6,194,2024-11-02
17.5,79,0.0,17.3,170,2024-11-03
18.6,74,0.0,15.8,176,2024-11-04
17.8,79,0.0,16.9,185,2024-11-05
16.0,87,0.0,9.1,161,2024-11-06
15.7,84,0.0,16.6,175,2024-11-07
16.7,78,0.0,19.3,183,2024-11-08
14.9,86,16.7,18.7,274,2024-11-09
14.1,86,1.2,15.6,240,2024-11-10
14.4,89,4.9,17.2,9,2024-11-11
12.1,84,15.6,19.4,19,2024-11-12
9.7,84,1.2,15.0,90,2024-11-13
9.5,88,0.0,8.9,158,2024-11-14
11.7,87,0.0,14.5,169,2024-11-15
14.7,80,0.0,20.5,185,2024-11-16
12.2,90,0.3,8.4,140,2024-11-17
13.2,89,0.3,8.1,115,2024-11-18
12.7,85,0.3,19.2,255,2024-11-19
14.4,82,33.0,29.1,278,2024-11-20
14.4,83,26.2,25.9,239,2024-11-21
11.3,71,5.5,35.0,292,2024-11-22
14.0,59,0.0,33.0,178,2024-11-23
16.8,61,0.0,40.1,169,2024-11-24
14.3,80,24.0,25.1,221,2024-11-25
10.2,81,0.0,12.1,180,2024-11-26
11.1,75,0.0,15.5,181,2024-11-27
11.3,76,0.0,18.3,171,2024-11-28
15.0,66,0.0,21.4,183,2024-11-29
13.9,80,0.0,16.8,182,2024-11-30
16.3,72,0.0,21.5,188,2024-12-01
12.6,89,9.8,13.5,268,2024-12-02
11.6,91,2.7,6.2,214,2024-12-03
11.1,86,4.9,13.7,98,2024-12-04
12.3,80,1.6,11.2,182,2024-12-05
15.2,93,20.7,20.1,275,2024-12-06
12.2,85,12.4,44.5,292,2024-12-07
9.5,79,28.3,44.2,314,2024-12-08
9.3,85,20.8,26.4,337,2024-12-09
8.2,82,7.1,17.4,21,2024-12-10
6.9,87,1.8,8.0,124,2024-12-11
7.1,81,0.0,8.9,153,2024-12-12
7.4,82,0.0,14.8,187,2024-12-13
7.6,85,3.1,21.5,257,2024-12-14
9.6,91,7.9,18.7,279,2024-12-15
7.9,79,0.0,19.5,170,2024-12-16
11.6,54,0.1,29.5,182,2024-12-17
15.7,51,0.0,28.5,196,2024-12-18
13.2,77,8.0,38.5,270,2024-12-19
9.5,87,6.6,18.1,283,2024-12-20
10.6,84,1.0,16.2,248,2024-12-21
11.8,85,8.4,43.1,286,2024-12-22
11.1,73,3.7,30.1,335,2024-12-23
11.3,92,12.0,19.9,284,2024-12-24
12.0,92,0.8,7.6,73,2024-12-25
10.6,92,0.0,7.2,142,2024-12-26
10.2,84,0.0,14.0,175,2024-12-27
8.5,86,0.0,11.6,181,2024-12-28
8.4,88,0.0,10.3,162,2024-12-29
6.2,88,0.0,12.0,177,2024-12-30
4.7,85,0.0,11.0,183,2024-12-31
6.8,72,0.0,20.2,180,2025-01-01
8.5,64,0.0,21.8,189,2025-01-02
10.4,76,9.7,23.5,190,2025-01-03
13.7,70,0.9,27.2,193,2025-01-04
15.2,57,4.1,38.7,189,2025-01-05
12.1,73,6.9,26.9,258,2025-01-06
9.7,70,0.2,36.1,197,2025-01-07
15.6,61,5.5,33.6,201,2025-01-08
13.3,76,5.3,28.8,235,2025-01-09
14.0,80,0.6,19.6,193,2025-01-10
12.9,93,10.7,23.9,307,2025-01-11
8.5,82,2.9,12.2,49,2025-01-12
4.6,80,0.0,9.9,211,2025-01-13
4.2,82,0.0,8.6,196,2025-01-14
4.5,85,0.0,7.8,212,2025-01-15
6.9,87,2.2,12.7,18,2025-01-16
5.6,87,0.0,10.4,167,2025-01-17
5.0,83,0.0,10.3,181,2025-01-18
6.8,70,0.1,22.0,185,2025-01-19
10.3,73,3.1,23.0,180,2025-01-20
11.0,77,3.4,22.6,171,2025-01-21
13.5,76,10.6,23.4,185,2025-01-22
11.9,83,4.2,17.2,315,2025-01-23
15.5,64,0.4,42.2,191,2025-01-24
13.0,75,12.3,30.7,207,2025-01-25
12.3,65,6.8,43.6,185,2025-01-26
12.8,84,24.9,36.9,203,2025-01-27
10.6,60,3.4,34.1,235,2025-01-28
10.5,70,6.6,34.7,195,2025-01-29
9.7,81,17.3,44.6,305,2025-01-30
8.7,72,0.0,20.0,310,2025-01-31
9.6,83,5.2,25.9,314,2025-02-01
8.2,87,5.7,26.7,250,2025-02-02
8.6,86,0.0,10.2,215,2025-02-03
8.0,87,0.0,12.7,196,2025-02-04
7.6,85,0.0,9.4,199,2025-02-05
7.1,88,0.0,11.6,158,2025-02-06
7.9,84,16.2,27.4,216,2025-02-07
6.9,82,1.9,15.2,249,2025-02-08
10.6,82,2.2,14.5,179,2025-02-09
11.8,85,1.3,13.4,174,2025-02-10
13.3,72,0.1,19.9,174,2025-02-11
11.7,85,20.1,20.0,277,2025-02-12
9.9,89,1.4,12.3,190,2025-02-13
12.6,86,0.0,15.0,141,2025-02-14
13.1,75,0.0,17.6,175,2025-02-15
13.1,76,0.0,13.6,220,2025-02-16
13.2,88,0.7,12.9,46,2025-02-17
13.8,72,0.0,20.3,174,2025-02-18
14.0,78,0.0,17.0,178,2025-02-19
15.2,72,0.0,17.7,188,2025-02-20
16.0,67,1.7,32.0,173,2025-02-21
11.7,86,11.1,11.0,278,2025-02-22
11.3,78,0.0,14.0,182,2025-02-23
14.6,63,1.6,26.2,190,2025-02-24
11.6,80,4.6,31.7,276,2025-02-25
10.0,79,1.3,15.2,257,2025-02-26
9.1,80,0.0,10.0,139,2025-02-27
8.8,85,0.6,12.8,56,2025-02-28
8.1,74,0.2,16.6,30,2025-03-01
8.7,66,0.0,17.5,79,2025-03-02
11.0,74,0.8,16.5,121,2025-03-03
12.2,84,0.5,15.7,101,2025-03-04
14.3,67,0.0,21.5,143,2025-03-05
15.1,61,1.3,25.1,161,2025-03-06
15.9,63,0.0,28.8,161,2025-03-07
15.7,68,3.6,28.9,141,2025-03-08
13.0,59,0.0,24.9,183,2025-03-09
12.4,63,0.0,17.5,171,2025-03-10
11.6,85,6.3,15.2,262,2025-03-11
10.4,88,6.9,23.3,283,2025-03-12
8.2,88,8.9,14.4,317,2025-03-13
6.6,85,7.1,11.4,326,2025-03-14
6.0,87,11.1,13.4,286,2025-03-15
5.9,82,1.8,14.9,275,2025-03-16
7.7,75,0.0,16.6,128,2025-03-17
11.4,67,2.4,21.7,164,2025-03-18
15.4,65,0.0,27.5,160,2025-03-19
17.3,63,0.0,40.8,159,2025-03-20
16.4,61,6.0,33.8,182,2025-03-21
11.7,72,10.3,26.4,224,2025-03-22
10.8,71,1.4,22.1,275,2025-03-23
10.5,94,30.1,24.4,308,2025-03-24
11.4,91,5.9,17.5,308,2025-03-25
11.1,85,4.6,12.6,343,2025-03-26
11.0,86,1.4,14.2,312,2025-03-27
11.5,84,3.1,22.3,301,2025-03-28
11.5,73,4.9,23.0,342,2025-03-29
11.2,70,0.0,12.2,354,2025-03-30
10.8,80,0.0,11.7,100,2025-03-31
12.4,83,0.0,11.7,232,2025-04-01
12.6,82,3.6,20.7,207,2025-04-02
14.8,75,6.7,23.6,164,2025-04-03
17.0,66,0.5,21.4,147,2025-04-04
16.3,70,0.5,24.6,189,2025-04-05
13.5,87,0.0,12.1,348,2025-04-06
14.2,84,0.0,10.5,13,2025-04-07
13.8,84,0.0,10.2,199,2025-04-08
13.9,84,0.0,9.8,308,2025-04-09
14.3,78,0.0,14.2,100,2025-04-10
17.5,70,0.4,21.9,165,2025-04-11
15.8,87,10.7,17.5,233,2025-04-12
13.7,91,8.1,11.4,330,2025-04-13
14.8,77,0.3,26.1,177,2025-04-14
11.6,76,6.1,23.9,278,2025-04-15
10.7,71,4.1,20.7,258,2025-04-16
11.5,74,0.6,12.6,280,2025-04-17
16.4,68,1.0,25.6,188,2025-04-18
12.7,75,11.6,23.8,209,2025-04-19
12.2,82,3.5,24.2,275,2025-04-20
13.1,87,4.4,17.5,287,2025-04-21
12.6,85,8.9,13.7,318,2025-04-22
12.7,83,0.0,22.0,276,2025-04-23
14.5,85,0.0,12.1,331,2025-04-24
14.5,88,5.8,18.8,328,2025-04-25
13.2,91,18.0,29.5,296,2025-04-26
13.5,86,6.7,22.8,318,2025-04-27
15.2,79,0.0,17.2,122,2025-04-28
19.2,61,0.0,21.5,154,2025-04-29
20.4,53,0.0,24.2,154,2025-04-30
18.5,71,5.5,20.6,153,2025-05-01
16.6,83,12.0,17.6,161,2025-05-02
17.9,77,0.1,19.3,198,2025-05-03
15.0,92,16.1,17.2,294,2025-05-04
13.8,80,6.6,22.2,334,2025-05-05
11.5,78,5.1,16.5,315,2025-05-06
12.4,77,0.4,12.7,39,2025-05-07
12.4,80,0.0,12.6,33,2025-05-08
12.8,86,0.6,10.7,343,2025-05-09
13.7,91,10.2,15.2,204,2025-05-10
13.6,81,5.1,19.4,252,2025-05-11
14.1,79,4.0,11.9,221,2025-05-12
14.2,90,5.9,14.0,24,2025-05-13
14.7,93,4.0,19.5,321,2025-05-14
15.1,87,6.0,26.6,300,2025-05-15
15.1,85,0.4,20.2,299,2025-05-16
15.1,84,0.0,13.8,79,2025-05-17
18.6,81,0.0,13.0,133,2025-05-18
16.1,86,6.5,25.6,283,2025-05-19
16.0,83,3.0,18.6,295,2025-05-20
14.7,86,0.3,23.5,294,2025-05-21
14.9,84,6.7,25.4,317,2025-05-22
14.1,83,0.5,13.6,316,2025-05-23
14.2,82,0.0,11.4,40,2025-05-24
15.1,86,0.0,13.6,320,2025-05-25
16.2,84,2.4,11.9,21,2025-05-26
16.3,78,0.0,14.3,70,2025-05-27
16.0,83,0.0,12.3,7,2025-05-28
20.6,77,0.0,11.4,109,2025-05-29
21.6,81,0.2,15.3,277,2025-05-30
18.7,85,0.0,12.8,331,2025-05-31
17.4,85,0.5,13.7,343,2025-06-01
16.5,89,5.6,14.1,26,2025-06-02
16.2,90,14.4,12.4,358,2025-06-03
15.9,90,1.7,17.9,288,2025-06-04
18.5,78,0.0,13.7,166,2025-06-05
18.8,84,1.0,14.1,28,2025-06-06
17.3,82,0.4,14.1,314,2025-06-07
17.7,81,0.4,11.9,353,2025-06-08
17.9,87,0.0,13.0,47,2025-06-09
20.3,88,0.0,7.9,340,2025-06-10
22.7,82,6.0,21.9,194,2025-06-11
20.9,84,0.0,13.0,12,2025-06-12
20.8,87,0.0,18.6,311,2025-06-13
18.5,87,2.6,16.1,324,2025-06-14
18.0,84,4.5,12.4,4,2025-06-15
19.6,79,0.2,13.8,52,2025-06-16
20.3,80,0.0,13.1,24,2025-06-17
22.3,73,0.0,13.9,90,2025-06-18
24.4,77,0.0,14.7,267,2025-06-19
27.2,69,0.0,12.9,129,2025-06-20
21.8,83,0.0,17.6,315,2025-06-21
20.7,81,0.0,15.5,358,2025-06-22
21.5,81,0.0,12.9,35,2025-06-23
26.7,71,0.9,11.8,103,2025-06-24
22.4,81,3.7,26.5,294,2025-06-25
20.8,80,0.1,12.8,343,2025-06-26
22.0,80,0.0,13.2,65,2025-06-27
23.4,80,0.0,14.7,34,2025-06-28
26.2,70,0.0,13.9,70,2025-06-29
25.1,75,0.0,11.9,300,2025-06-30
22.9,84,0.0,16.2,347,2025-07-01
21.5,83,2.4,17.0,324,2025-07-02
21.3,77,0.4,13.0,332,2025-07-03
22.5,79,0.0,12.8,347,2025-07-04
22.7,77,0.0,15.6,309,2025-07-05
21.3,78,0.8,21.2,303,2025-07-06
19.5,83,14.3,25.7,316,2025-07-07
19.6,69,0.8,13.4,356,2025-07-08
20.0,74,0.0,14.3,52,2025-07-09
22.3,67,0.0,15.2,65,2025-07-10
22.0,74,15.2,12.3,321,2025-07-11
21.3,87,1.6,15.0,301,2025-07-12
20.8,84,0.4,15.5,322,2025-07-13
20.4,85,0.7,13.8,321,2025-07-14
20.6,77,0.1,10.9,335,2025-07-15
21.1,82,0.0,11.7,96,2025-07-16
21.6,85,0.1,18.3,320,2025-07-17
22.0,75,0.6,13.7,334,2025-07-18
21.0,76,1.4,21.6,313,2025-07-19
20.6,72,1.8,21.7,297,2025-07-20
20.1,71,0.1,22.8,299,2025-07-21
21.2,73,0.0,14.8,32,2025-07-22
20.0,80,4.7,25.4,301,2025-07-23
18.9,78,7.1,17.5,313,2025-07-24
19.1,78,2.6,18.1,315,2025-07-25
19.5,76,0.1,13.1,335,2025-07-26
20.4,77,0.5,18.1,316,2025-07-27
19.9,81,5.0,16.8,339,2025-07-28
19.6,79,5.2,17.1,330,2025-07-29
19.9,84,4.1,12.4,316,2025-07-30
20.2,80,0.8,12.8,346,2025-07-31
20.5,77,0.1,13.0,339,2025-08-01
20.9,75,0.6,14.4,1,2025-08-02
20.3,73,0.0,15.0,36,2025-08-03
21.9,70,0.0,13.1,283,2025-08-04
21.3,78,1.3,13.2,336,2025-08-05
22.3,74,0.0,15.2,49,2025-08-06
21.7,73,0.0,12.5,328,2025-08-07
22.4,75,0.0,14.3,349,2025-08-08
21.9,77,0.0,15.0,339,2025-08-09
25.8,70,0.0,11.6,86,2025-08-10
25.7,71,0.0,14.4,323,2025-08-11
26.2,69,0.0,18.5,342,2025-08-12
24.5,72,0.2,19.0,297,2025-08-13
23.8,83,0.0,14.8,41,2025-08-14
29.9,61,0.0,11.0,145,2025-08-15
24.5,77,0.0,15.4,317,2025-08-16
22.8,83,0.0,16.8,331,2025-08-17
21.5,81,1.8,14.3,309,2025-08-18
19.6,88,5.8,14.9,298,2025-08-19
19.5,82,5.7,23.9,285,2025-08-20
19.4,87,16.3,24.2,296,2025-08-21
19.4,79,1.2,10.7,335,2025-08-22
19.4,80,0.0,12.2,96,2025-08-23
21.3,83,0.0,9.3,138,2025-08-24
21.1,88,0.0,14.8,316,2025-08-25
21.3,82,0.0,12.7,315,2025-08-26
20.1,84,1.4,17.2,303,2025-08-27
19.3,73,1.9,23.9,290,2025-08-28
20.2,67,1.6,32.7,267,2025-08-29
21.5,78,1.2,24.7,314,2025-08-30
18.6,88,4.1,20.6,273,2025-08-31
17.4,77,1.3,25.2,269,2025-09-01
19.4,72,0.0,19.9,220,2025-09-02
22.1,64,0.0,26.7,226,2025-09-03
19.8,75,3.0,20.8,309,2025-09-04
19.5,75,0.1,17.5,85,2025-09-05
26.6,56,0.0,22.1,170,2025-09-06
24.7,60,0.0,24.4,208,2025-09-07
18.0,87,9.7,15.4,319,2025-09-08
17.2,80,0.9,10.9,313,2025-09-09
17.4,84,12.1,23.4,249,2025-09-10
19.9,72,0.0,21.1,281,2025-09-11
18.5,84,1.8,13.6,326,2025-09-12
18.5,76,0.0,13.3,340,2025-09-13
20.0,74,0.0,13.4,223,2025-09-14
19.0,86,2.4,19.1,325,2025-09-15
19.3,78,0.6,14.9,66,2025-09-16
18.6,82,0.0,11.1,244,2025-09-17
21.9,77,0.0,13.2,169,2025-09-18
24.4,73,0.0,16.4,184,2025-09-19
22.6,70,2.4,26.1,282,2025-09-20
15.5,87,9.6,23.5,291,2025-09-21
14.3,79,4.8,31.6,274,2025-09-22
13.9,85,6.9,11.1,319,2025-09-23
13.6,82,2.2,9.8,289,2025-09-24
13.5,81,0.1,10.8,246,2025-09-25
13.7,78,0.0,10.7,136,2025-09-26
16.9,77,0.0,10.3,174,2025-09-27
18.0,81,0.4,17.3,305,2025-09-28
17.5,78,0.7,12.6,327,2025-09-29
16.1,79,0.1,11.9,49,2025-09-30
15.5,79,0.0,11.3,120,2025-10-01
16.9,74,0.0,8.8,146,2025-10-02
18.2,77,0.0,10.0,273,2025-10-03
16.9,86,3.2,21.8,304,2025-10-04
14.9,83,5.0,12.1,308,2025-10-05
14.6,78,0.0,13.9,137,2025-10-06
15.8,73,0.0,10.7,189,2025-10-07
16.8,84,0.3,17.6,302,2025-10-08
17.3,86,2.5,16.2,327,2025-10-09
16.0,79,2.3,10.1,348,2025-10-10
14.8,81,0.0,9.9,141,2025-10-11
17.5,77,0.0,13.5,147,2025-10-12
18.6,77,0.0,11.2,148,2025-10-13
16.8,88,0.0,11.2,293,2025-10-14
16.4,88,0.0,13.7,99,2025-10-15
16.6,85,0.0,11.8,104,2025-10-16
17.3,86,0.0,11.4,150,2025-10-17
17.9,76,0.0,13.4,180,2025-10-18
21.0,54,4.7,25.1,187,2025-10-19
17.1,84,6.4,16.1,216,2025-10-20
18.8,79,4.0,23.3,209,2025-10-21
20.6,75,0.3,21.8,209,2025-10-22
17.0,65,10.5,46.6,281,2025-10-23
13.4,72,0.0,12.4,221,2025-10-24
14.0,84,2.4,22.4,252,2025-10-25
13.1,81,4.2,18.5,286,2025-10-26
12.1,79,0.0,11.3,214,2025-10-27
13.4,78,0.0,15.3,165,2025-10-28
16.6,71,2.2,20.8,217,2025-10-29
16.3,75,0.0,21.5,193,2025-10-30
19.3,54,0.3,29.2,190,2025-10-31
17.1,83,5.6,30.4,201,2025-11-01
14.6,79,0.0,19.3,253,2025-11-02
14.4,76,0.1,13.5,172,2025-11-03
17.5,53,0.0,29.1,175,2025-11-04
19.0,58,0.0,38.0,170,2025-11-05
15.2,69,3.3,22.9,215,2025-11-06
13.9,79,10.1,21.5,203,2025-11-07
13.0,87,9.3,24.2,287,2025-11-08
11.7,82,0.1,13.0,172,2025-11-09
14.7,66,0.0,14.9,182,2025-11-10
17.3,62,0.0,23.3,175,2025-11-11
18.3,56,0.0,26.2,160,2025-11-12
19.3,58,0.1,23.2,153,2025-11-13
19.6,52,1.0,35.1,177,2025-11-14
16.9,57,2.5,23.7,182,2025-11-15
15.5,65,0.0,20.2,198,2025-11-16
12.2,87,10.5,17.2,355,2025-11-17
10.7,72,0.4,13.4,58,2025-11-18
9.2,83,6.9,24.2,269,2025-11-19
7.8,89,27.4,21.8,288,2025-11-20
6.1,87,21.8,15.2,305,2025-11-21
7.7,74,0.7,18.4,207,2025-11-22
12.0,73,3.6,22.1,198,2025-11-23
13.1,82,24.7,28.1,250,2025-11-24
10.2,82,27.1,30.8,290,2025-11-25
10.3,74,9.6,21.7,336,2025-11-26
10.2,82,0.0,8.2,209,2025-11-27
9.7,88,0.0,9.4,186,2025-11-28
9.9,79,2.5,14.8,190,2025-11-29
10.1,87,21.7,21.5,309,2025-11-30
7.8,73,0.0,30.8,188,2025-12-01
9.8,79,8.2,28.4,197,2025-12-02
8.0,88,1.8,17.6,225,2025-12-03
10.2,82,21.9,23.1,237,2025-12-04
12.1,81,12.0,24.4,210,2025-12-05
15.4,82,1.0,23.2,211,2025-12-06
16.8,65,0.0,22.0,196,2025-12-07
15.2,62,0.0,25.0,191,2025-12-08
16.7,51,1.6,41.1,188,2025-12-09
12.9,89,10.1,16.2,218,2025-12-10
12.3,84,0.1,22.0,172,2025-12-11
12.0,77,0.0,17.9,177,2025-12-12
9.5,88,0.0,9.1,170,2025-12-13
9.4,82,0.0,18.9,178,2025-12-14
12.6,74,0.0,23.2,175,2025-12-15
12.0,85,0.8,13.9,235,2025-12-16
11.6,82,0.0,14.7,195,2025-12-17
15.5,58,0.0,35.7,182,2025-12-18
12.2,90,22.5,22.4,270,2025-12-19
11.4,81,0.5,17.5,186,2025-12-20
8.3,84,10.9,25.9,209,2025-12-21
6.3,84,9.3,17.4,187,2025-12-22
8.1,89,7.2,18.4,248,2025-12-23
9.4,89,4.0,17.0,10,2025-12-24
6.3,74,0.9,14.7,47,2025-12-25
5.5,84,3.1,7.4,170,2025-12-26
8.2,91,0.3,10.1,140,2025-12-27
9.7,83,0.0,10.4,140,2025-12-28
7.7,88,0.0,11.2,186,2025-12-29
7.9,90,2.1,12.3,278,2025-12-30
7.8,80,0.2,11.1,352,2025-12-31
6.0,75,0.0,15.3,184,2026-01-01
7.6,84,0.9,13.5,131,2026-01-02
7.0,94,8.1,12.1,84,2026-01-03
4.9,69,0.1,13.4,59,2026-01-04
4.4,73,0.0,11.4,128,2026-01-05
5.1,75,9.4,34.2,332,2026-01-06
6.4,77,3.1,27.9,233,2026-01-07
10.8,74,0.3,29.8,206,2026-01-08
9.1,85,9.3,35.9,271,2026-01-09
8.4,85,6.1,28.0,277,2026-01-10
8.8,77,0.0,23.0,185,2026-01-11
14.9,61,0.0,32.9,191,2026-01-12
13.6,57,0.0,30.6,184,2026-01-13
12.2,71,0.0,19.3,205,2026-01-14
10.4,73,2.9,38.2,189,2026-01-15
9.9,75,0.1,15.2,190,2026-01-16
7.6,92,11.7,9.4,232,2026-01-17
9.1,94,11.0,18.2,263,2026-01-18
9.9,82,0.1,17.1,267,2026-01-19
7.9,75,0.0,29.1,191,2026-01-20
12.8,65,11.7,42.1,191,2026-01-21
10.3,72,2.4,37.4,215,2026-01-22
10.2,64,8.7,34.0,200,2026-01-23
8.0,71,1.0,27.8,235,2026-01-24
8.9,76,11.1,36.9,243,2026-01-25
10.4,77,6.8,30.6,208,2026-01-26
11.6,83,24.4,27.9,183,2026-01-27
7.6,79,4.6,18.1,180,2026-01-28
12.2,69,6.4,25.3,200,2026-01-29
10.3,76,9.0,29.7,199,2026-01-30
9.9,72,4.9,32.2,270,2026-01-31
10.7,77,1.0,17.7,179,2026-02-01
12.5,73,3.6,23.3,178,2026-02-02
11.1,57,0.7,27.1,199,2026-02-03
11.7,70,3.6,27.5,178,2026-02-04
12.8,76,20.4,30.1,188,2026-02-05
12.2,65,0.4,23.8,208,2026-02-06
11.2,57,2.5,25.4,194,2026-02-07
10.1,81,7.7,29.7,262,2026-02-08
11.0,81,16.9,22.9,187,2026-02-09
14.2,89,32.3,24.1,218,2026-02-10
13.5,83,6.6,27.5,196,2026-02-11
13.4,60,2.7,43.4,277,2026-02-12
11.2,80,19.3,52.8,244,2026-02-13
9.2,82,31.2,44.8,312,2026-02-14
10.4,71,1.3,18.7,198,2026-02-15
12.0,93,32.7,19.5,249,2026-02-16
12.2,92,7.3,15.8,282,2026-02-17
12.2,76,8.7,34.1,219,2026-02-18
9.8,70,1.7,40.7,277,2026-02-19
10.2,79,2.9,22.0,289,2026-02-20
8.7,83,0.0,9.9,158,2026-02-21
9.2,88,0.0,10.0,200,2026-02-22
11.6,88,0.0,9.8,147,2026-02-23
14.9,60,0.0,21.5,182,2026-02-24
15.1,63,0.0,20.5,198,2026-02-25
13.5,77,0.0,13.3,178,2026-02-26
11.7,84,3.9,14.8,247,2026-02-27
10.6,82,1.0,15.6,299,2026-02-28
10.1,76,0.0,16.5,170,2026-03-01
14.3,61,0.0,24.7,166,2026-03-02
14.9,69,0.0,20.2,164,2026-03-03
14.3,70,0.0,14.7,156,2026-03-04
13.4,79,2.3,19.1,284,2026-03-05
11.0,96,37.8,28.5,317,2026-03-06
11.4,88,23.9,32.2,289,2026-03-07
11.0,85,0.0,9.6,193,2026-03-08
10.7,87,4.7,22.3,219,2026-03-09
11.1,85,0.3,13.5,294,2026-03-10
10.8,91,3.2,18.9,233,2026-03-11
12.7,86,0.0,13.9,82,2026-03-12
11.9,81,8.3,17.3,236,2026-03-13
8.8,94,39.5,25.1,303,2026-03-14
10.2,77,17.1,23.0,329,2026-03-15
11.6,87,2.2,9.8,316,2026-03-16
13.5,78,0.0,13.3,176,2026-03-17
14.9,70,0.0,16.0,193,2026-03-18
14.5,68,0.0,23.3,155,2026-03-19
13.9,63,0.0,15.1,136,2026-03-20
11.5,71,0.0,11.4,205,2026-03-21
10.6,84,0.7,20.9,295,2026-03-22
11.4,83,1.7,14.0,310,2026-03-23
10.6,81,0.0,12.0,147,2026-03-24
10.3,83,4.1,24.0,312,2026-03-25
10.2,66,1.6,19.7,345,2026-03-26
10.0,76,3.4,16.9,357,2026-03-27
9.4,81,5.8,25.2,333,2026-03-28
9.7,63,5.6,22.4,355,2026-03-29
10.8,77,3.0,29.9,309,2026-03-30
12.0,77,2.5,24.4,340,2026-03-31
12.1,88,8.2,24.1,332,2026-04-01
11.2,86,12.1,25.5,323,2026-04-02
11.9,78,0.6,15.3,303,2026-04-03
15.4,74,0.0,12.8,180,2026-04-04
13.2,83,0.0,19.0,344,2026-04-05
18.1,69,0.0,21.0,169,2026-04-06
19.3,49,0.0,21.8,172,2026-04-07
17.0,76,0.0,11.7,200,2026-04-08
14.9,83,0.0,14.6,306,2026-04-09
16.4,85,0.0,14.2,318,2026-04-10
12.8,89,6.3,27.1,313,2026-04-11
10.8,72,1.0,18.3,332,2026-04-12
10.2,83,5.4,19.8,294,2026-04-13
12.7,81,0.8,12.6,199,2026-04-14
14.2,88,0.2,13.6,185,2026-04-15
14.5,88,0.0,14.4,351,2026-04-16
14.1,88,0.0,12.9,307,2026-04-17
14.2,88,0.2,13.7,13,2026-04-18
15.5,89,12.5,12.4,54,2026-04-19
16.5,91,0.7,11.9,282,2026-04-20
19.1,81,0.8,19.7,157,2026-04-21
16.3,78,0.0,19.6,276,2026-04-22
17.4,74,0.0,16.2,128,2026-04-23
17.5,71,0.7,18.2,249,2026-04-24
15.3,81,0.0,13.5,308,2026-04-25
15.4,83,0.0,13.5,3,2026-04-26
15.1,88,0.3,13.5,27,2026-04-27
16.5,86,0.4,12.7,343,2026-04-28
17.0,89,19.1,13.7,147,2026-04-29
17.1,80,0.1,14.7,193,2026-04-30
17.9,87,3.5,11.9,105,2026-05-01
17.4,84,6.5,16.7,180,2026-05-02
15.4,93,43.9,12.7,322,2026-05-03
13.4,90,16.7,16.4,300,2026-05-04
12.4,85,12.0,18.2,283,2026-05-05
12.5,88,6.5,17.7,280,2026-05-06
