Temperature,Humidity,Precipitation,WindSpeed,WindDirection,Date
6.8,83,0.0,8.0,176,2015-01-01
8.9,80,0.0,8.9,207,2015-01-02
9.4,80,0.0,13.0,215,2015-01-03
10.1,87,0.0,8.7,219,2015-01-04
9.5,86,0.0,13.9,170,2015-01-05
9.7,86,0.0,10.2,224,2015-01-06
9.0,86,0.0,10.5,186,2015-01-07
9.1,81,0.3,15.3,208,2015-01-08
11.1,79,0.0,14.1,202,2015-01-09
9.9,86,0.0,11.8,229,2015-01-10
10.4,85,4.1,17.4,313,2015-01-11
8.5,76,0.0,21.0,189,2015-01-12
12.3,64,0.3,27.6,203,2015-01-13
10.8,75,1.7,22.5,198,2015-01-14
11.6,66,5.2,32.6,203,2015-01-15
8.0,81,12.0,29.8,273,2015-01-16
7.7,74,4.2,21.3,263,2015-01-17
8.6,65,5.2,23.5,200,2015-01-18
7.2,76,10.1,29.3,324,2015-01-19
6.3,77,0.8,9.7,226,2015-01-20
6.9,84,8.8,28.6,268,2015-01-21
7.2,87,18.8,27.6,306,2015-01-22
7.2,79,3.6,13.3,337,2015-01-23
7.7,79,1.5,20.3,296,2015-01-24
7.1,77,0.4,15.5,31,2015-01-25
7.5,77,0.0,11.3,307,2015-01-26
9.5,81,4.1,17.7,316,2015-01-27
9.7,81,0.7,15.1,275,2015-01-28
11.8,79,4.9,34.7,260,2015-01-29
9.3,90,49.5,40.1,296,2015-01-30
6.9,87,18.5,32.7,287,2015-01-31
5.1,90,24.3,35.1,300,2015-02-01
7.6,76,4.3,16.9,227,2015-02-02
5.8,85,17.9,31.8,352,2015-02-03
3.5,86,18.7,25.6,2,2015-02-04
4.4,84,15.4,26.2,4,2015-02-05
2.8,83,13.5,18.0,9,2015-02-06
3.5,77,4.1,13.3,28,2015-02-07
4.7,77,1.7,18.9,12,2015-02-08
5.6,71,0.0,21.4,56,2015-02-09
6.3,76,0.0,12.0,158,2015-02-10
7.9,72,0.0,15.5,180,2015-02-11
9.1,72,0.0,14.9,191,2015-02-12
9.5,74,4.1,24.6,211,2015-02-13
9.5,83,10.6,17.4,219,2015-02-14
10.3,88,12.0,13.9,287,2015-02-15
9.6,89,11.1,30.2,289,2015-02-16
8.3,83,11.9,27.0,355,2015-02-17
7.5,73,0.9,13.5,35,2015-02-18
8.3,76,0.0,14.4,187,2015-02-19
9.1,77,4.2,19.5,197,2015-02-20
8.3,86,22.8,29.8,301,2015-02-21
8.7,84,12.9,25.8,316,2015-02-22
10.2,85,9.2,29.5,270,2015-02-23
7.4,84,14.4,32.0,289,2015-02-24
9.8,93,25.7,33.3,296,2015-02-25
11.3,92,17.4,25.1,297,2015-02-26
8.8,79,10.4,26.7,331,2015-02-27
10.1,82,7.3,13.1,231,2015-02-28
13.7,83,2.9,13.3,207,2015-03-01
12.4,92,8.4,10.7,295,2015-03-02
11.1,92,7.3,12.2,49,2015-03-03
8.8,82,9.8,21.6,343,2015-03-04
8.1,66,0.3,17.3,38,2015-03-05
9.6,68,0.0,13.0,93,2015-03-06
11.7,78,0.0,12.7,188,2015-03-07
11.2,79,0.0,12.4,298,2015-03-08
10.0,82,0.0,9.8,117,2015-03-09
10.7,86,0.0,10.5,80,2015-03-10
10.6,88,0.0,14.1,315,2015-03-11
10.9,85,0.1,13.8,17,2015-03-12
10.0,76,2.7,26.5,303,2015-03-13
7.7,86,14.3,26.2,307,2015-03-14
7.2,83,5.7,14.8,319,2015-03-15
8.3,75,0.0,18.8,148,2015-03-16
11.6,59,0.0,18.0,153,2015-03-17
11.4,73,0.5,11.1,134,2015-03-18
10.9,88,2.5,14.6,12,2015-03-19
9.4,84,0.7,15.9,348,2015-03-20
9.0,87,8.0,18.1,5,2015-03-21
9.1,85,8.9,23.2,25,2015-03-22
6.9,90,17.6,8.6,297,2015-03-23
8.6,91,14.9,22.8,327,2015-03-24
7.3,80,12.1,22.6,330,2015-03-25
9.5,86,12.9,21.7,290,2015-03-26
11.0,89,8.0,20.1,301,2015-03-27
12.1,88,2.3,15.7,297,2015-03-28
13.3,80,0.0,15.8,277,2015-03-29
13.6,77,0.3,22.7,289,2015-03-30
12.4,86,2.3,18.6,296,2015-03-31
10.6,78,2.2,14.8,356,2015-04-01
9.7,77,0.0,11.5,90,2015-04-02
10.2,86,0.0,13.1,16,2015-04-03
10.5,84,1.4,16.0,326,2015-04-04
10.6,80,0.5,18.6,46,2015-04-05
10.7,67,0.0,18.9,63,2015-04-06
11.9,71,0.0,16.4,76,2015-04-07
14.1,54,0.0,23.1,150,2015-04-08
14.6,55,2.1,19.0,163,2015-04-09
13.3,76,7.5,16.2,176,2015-04-10
12.5,89,0.4,13.3,65,2015-04-11
14.1,82,0.0,13.2,126,2015-04-12
16.7,62,0.0,15.9,142,2015-04-13
18.0,56,0.0,17.7,143,2015-04-14
17.8,47,1.1,19.1,167,2015-04-15
14.5,75,4.5,10.9,194,2015-04-16
13.2,92,6.4,12.8,63,2015-04-17
13.7,86,4.8,14.3,69,2015-04-18
12.7,76,0.2,17.1,286,2015-04-19
13.0,83,0.0,15.2,83,2015-04-20
15.0,80,0.0,15.9,117,2015-04-21
17.4,64,3.9,22.2,179,2015-04-22
14.3,78,0.9,15.2,16,2015-04-23
15.3,83,0.0,9.1,129,2015-04-24
16.1,77,0.1,13.3,187,2015-04-25
15.5,79,13.3,16.4,246,2015-04-26
12.8,86,5.0,22.5,302,2015-04-27
11.9,70,0.1,17.6,18,2015-04-28
12.5,76,1.0,11.6,39,2015-04-29
15.5,74,0.0,18.7,191,2015-04-30
18.2,72,5.4,21.8,219,2015-05-01
18.9,80,1.2,24.5,178,2015-05-02
19.4,69,1.4,18.4,190,2015-05-03
20.8,70,1.7,28.2,177,2015-05-04
15.3,73,10.9,37.5,283,2015-05-05
12.9,73,0.9,15.3,35,2015-05-06
16.5,72,0.5,13.2,129,2015-05-07
17.0,75,0.3,16.1,251,2015-05-08
15.5,84,0.0,14.1,75,2015-05-09
18.3,81,0.0,14.4,129,2015-05-10
17.1,91,0.0,13.8,3,2015-05-11
17.0,89,0.0,14.3,51,2015-05-12
17.8,84,0.0,14.8,40,2015-05-13
14.1,80,3.4,26.7,315,2015-05-14
13.0,80,8.1,31.1,306,2015-05-15
13.5,84,2.3,18.5,319,2015-05-16
14.2,87,1.4,12.2,14,2015-05-17
13.3,83,0.7,14.4,358,2015-05-18
12.6,73,3.5,23.7,323,2015-05-19
11.9,85,6.1,22.4,307,2015-05-20
12.3,72,1.7,17.8,335,2015-05-21
12.7,71,0.8,15.9,355,2015-05-22
13.1,74,0.0,14.8,337,2015-05-23
14.6,87,1.3,16.4,334,2015-05-24
14.6,85,1.3,18.0,324,2015-05-25
14.1,83,2.6,16.6,324,2015-05-26
15.0,83,0.0,13.9,4,2015-05-27
14.8,86,0.0,13.8,36,2015-05-28
14.3,81,0.0,11.3,9,2015-05-29
15.0,77,0.0,13.5,2,2015-05-30
16.4,79,0.0,13.4,55,2015-05-31
17.2,86,0.3,12.2,3,2015-06-01
17.6,85,0.0,13.7,47,2015-06-02
17.1,85,0.0,13.5,59,2015-06-03
21.2,78,0.3,14.1,122,2015-06-04
19.7,86,0.2,14.4,336,2015-06-05
17.0,82,1.0,14.3,25,2015-06-06
18.1,82,0.0,14.1,40,2015-06-07
18.8,85,0.0,15.6,316,2015-06-08
17.4,81,0.2,16.5,326,2015-06-09
17.2,82,6.9,16.9,101,2015-06-10
19.2,86,26.3,14.6,194,2015-06-11
16.9,87,3.9,12.9,13,2015-06-12
17.6,83,2.9,10.8,69,2015-06-13
16.8,82,5.6,10.4,321,2015-06-14
16.2,84,2.6,18.5,323,2015-06-15
16.0,78,0.3,19.7,314,2015-06-16
16.8,78,0.0,16.4,328,2015-06-17
17.1,81,0.0,13.0,344,2015-06-18
16.8,84,1.3,13.7,328,2015-06-19
17.3,80,0.0,12.5,40,2015-06-20
18.3,81,0.0,14.2,59,2015-06-21
19.0,85,0.0,13.6,57,2015-06-22
18.2,80,0.0,15.6,45,2015-06-23
18.5,78,0.0,13.7,54,2015-06-24
20.0,81,0.0,13.8,98,2015-06-25
20.7,84,0.0,18.8,325,2015-06-26
19.9,79,0.0,15.1,45,2015-06-27
20.4,84,0.0,14.5,42,2015-06-28
20.6,82,0.0,15.0,73,2015-06-29
24.4,75,0.0,15.9,187,2015-06-30
21.8,83,0.1,15.6,359,2015-07-01
20.1,84,1.6,16.6,338,2015-07-02
24.5,71,0.1,23.1,115,2015-07-03
21.4,79,0.0,20.9,39,2015-07-04
20.7,84,0.8,12.8,7,2015-07-05
21.7,80,0.0,13.6,63,2015-07-06
21.3,80,0.1,16.8,328,2015-07-07
19.3,73,2.3,15.4,346,2015-07-08
19.0,70,0.0,15.7,51,2015-07-09
21.3,76,0.0,27.7,291,2015-07-10
19.7,78,0.0,18.9,340,2015-07-11
19.5,78,0.0,16.8,56,2015-07-12
19.2,76,0.0,15.0,61,2015-07-13
19.7,78,0.0,15.3,55,2015-07-14
20.7,84,0.1,15.8,39,2015-07-15
21.5,86,0.3,19.8,356,2015-07-16
21.5,84,0.3,14.5,57,2015-07-17
22.5,85,4.6,15.5,28,2015-07-18
22.1,83,0.2,16.6,45,2015-07-19
23.3,79,0.0,16.5,64,2015-07-20
22.4,89,1.3,13.7,23,2015-07-21
21.1,87,1.9,18.7,316,2015-07-22
21.1,76,0.0,17.1,52,2015-07-23
21.2,80,1.1,25.2,304,2015-07-24
18.9,70,0.4,19.1,324,2015-07-25
21.3,70,1.0,16.0,327,2015-07-26
20.0,81,5.3,15.8,311,2015-07-27
20.8,72,0.0,12.8,330,2015-07-28
19.2,85,9.3,18.5,27,2015-07-29
17.7,70,2.8,13.8,41,2015-07-30
17.9,79,14.1,14.8,19,2015-07-31
18.7,69,0.0,14.3,6,2015-08-01
22.6,71,0.0,14.5,140,2015-08-02
21.6,82,7.7,15.2,355,2015-08-03
19.6,83,2.8,14.8,7,2015-08-04
21.5,83,0.0,17.9,338,2015-08-05
21.0,81,0.0,16.4,49,2015-08-06
20.0,84,3.7,19.0,328,2015-08-07
18.3,76,2.9,15.5,309,2015-08-08
19.3,77,0.0,17.2,313,2015-08-09
20.2,81,0.0,17.2,96,2015-08-10
21.8,86,0.5,13.7,324,2015-08-11
22.4,84,0.3,14.0,319,2015-08-12
20.3,84,16.8,22.6,296,2015-08-13
18.5,73,0.5,26.2,290,2015-08-14
17.8,84,4.6,15.2,319,2015-08-15
17.7,81,1.1,13.2,79,2015-08-16
18.2,80,1.0,13.2,14,2015-08-17
19.0,75,0.0,13.9,15,2015-08-18
18.8,75,0.0,14.1,63,2015-08-19
19.5,82,0.0,12.8,91,2015-08-20
21.5,85,0.0,13.6,307,2015-08-21
21.0,90,11.4,15.5,337,2015-08-22
20.6,70,7.5,21.7,241,2015-08-23
19.3,65,0.2,19.5,286,2015-08-24
19.9,71,0.0,16.8,134,2015-08-25
22.5,69,0.0,17.0,157,2015-08-26
24.7,65,0.0,23.9,197,2015-08-27
22.3,83,0.0,15.6,42,2015-08-28
23.1,83,0.0,15.6,348,2015-08-29
25.4,69,0.0,15.5,132,2015-08-30
22.4,82,28.5,15.2,291,2015-08-31
18.4,84,3.9,16.4,330,2015-09-01
17.7,73,0.0,12.3,31,2015-09-02
17.2,82,4.6,16.6,332,2015-09-03
16.3,79,2.7,10.8,19,2015-09-04
16.2,75,0.0,12.6,349,2015-09-05
16.9,72,0.0,14.8,58,2015-09-06
17.2,73,0.0,15.3,42,2015-09-07
17.0,76,0.0,11.8,120,2015-09-08
18.7,83,0.1,15.4,231,2015-09-09
18.3,87,2.3,10.7,337,2015-09-10
19.7,85,0.0,16.3,45,2015-09-11
19.0,81,0.9,12.1,349,2015-09-12
19.9,78,1.9,17.3,223,2015-09-13
17.0,73,6.1,19.6,299,2015-09-14
18.0,70,11.9,34.7,186,2015-09-15
22.2,60,2.3,35.9,211,2015-09-16
16.2,72,1.6,23.1,271,2015-09-17
16.2,74,0.1,13.0,286,2015-09-18
16.5,77,0.0,14.3,4,2015-09-19
16.5,83,0.0,12.6,93,2015-09-20
16.8,84,0.7,15.7,301,2015-09-21
16.6,78,4.0,28.2,293,2015-09-22
15.6,85,8.9,20.4,313,2015-09-23
17.0,82,0.1,11.6,79,2015-09-24
16.9,84,0.0,14.8,77,2015-09-25
17.2,86,0.0,16.0,62,2015-09-26
16.2,87,0.0,14.0,341,2015-09-27
16.6,87,0.0,15.3,110,2015-09-28
16.4,88,0.0,15.1,49,2015-09-29
18.0,77,1.8,15.9,107,2015-09-30
17.6,80,1.3,21.6,274,2015-10-01
15.1,81,4.6,11.2,288,2015-10-02
14.5,69,1.3,12.1,221,2015-10-03
19.0,67,0.0,27.0,177,2015-10-04
24.1,58,1.1,28.7,197,2015-10-05
19.2,70,8.9,27.5,247,2015-10-06
15.6,76,0.0,15.1,305,2015-10-07
15.2,79,0.0,11.2,44,2015-10-08
15.0,80,0.0,15.0,94,2015-10-09
17.8,74,0.0,13.3,151,2015-10-10
18.4,78,2.4,15.1,184,2015-10-11
16.3,91,6.7,16.7,343,2015-10-12
14.7,84,2.7,17.1,359,2015-10-13
12.7,66,0.0,16.8,31,2015-10-14
11.9,67,0.0,10.9,96,2015-10-15
12.1,77,0.0,15.5,101,2015-10-16
14.6,74,1.5,15.9,120,2015-10-17
17.5,85,2.0,17.8,165,2015-10-18
16.1,97,21.5,12.2,58,2015-10-19
14.1,80,8.1,21.7,9,2015-10-20
13.5,79,4.5,14.8,20,2015-10-21
14.0,77,0.0,11.2,318,2015-10-22
14.6,81,0.0,12.4,121,2015-10-23
16.8,79,0.0,17.0,181,2015-10-24
15.8,89,0.0,13.3,77,2015-10-25
18.3,69,1.2,20.9,173,2015-10-26
15.5,80,7.4,15.7,177,2015-10-27
15.2,65,1.0,20.6,208,2015-10-28
18.1,70,0.0,18.8,189,2015-10-29
19.6,68,0.0,20.9,172,2015-10-30
19.1,70,0.0,22.1,168,2015-10-31
17.6,68,0.0,17.8,160,2015-11-01
16.1,77,10.3,19.2,128,2015-11-02
16.1,71,1.0,23.8,177,2015-11-03
17.0,73,0.7,21.3,184,2015-11-04
18.1,72,2.8,17.1,195,2015-11-05
18.8,80,0.0,17.8,189,2015-11-06
18.0,78,0.0,19.8,164,2015-11-07
18.5,76,0.0,20.5,173,2015-11-08
17.0,87,0.0,10.7,166,2015-11-09
14.9,92,0.0,9.3,188,2015-11-10
13.9,93,0.0,7.3,153,2015-11-11
14.4,87,0.0,10.8,158,2015-11-12
13.9,89,0.1,8.3,269,2015-11-13
14.9,87,0.7,11.2,104,2015-11-14
13.7,82,0.0,14.3,195,2015-11-15
12.3,85,0.0,11.5,199,2015-11-16
13.6,77,0.0,17.9,196,2015-11-17
14.9,75,0.0,14.1,202,2015-11-18
15.4,83,0.0,12.7,202,2015-11-19
15.1,75,0.0,19.0,201,2015-11-20
11.3,82,32.8,34.6,313,2015-11-21
8.2,82,16.0,28.0,304,2015-11-22
8.4,76,5.7,23.0,329,2015-11-23
10.7,81,5.5,25.8,279,2015-11-24
12.7,89,20.7,36.4,302,2015-11-25
12.6,85,10.0,28.4,319,2015-11-26
12.7,85,5.4,19.4,330,2015-11-27
11.4,76,4.8,21.8,320,2015-11-28
11.3,74,0.0,10.5,223,2015-11-29
9.7,78,0.0,10.6,197,2015-11-30
8.7,83,0.0,11.3,166,2015-12-01
9.9,73,0.0,14.7,198,2015-12-02
12.2,76,0.0,19.4,188,2015-12-03
12.9,81,0.0,19.5,206,2015-12-04
12.6,85,0.0,13.5,180,2015-12-05
12.9,77,0.0,20.1,182,2015-12-06
13.4,72,0.0,24.5,183,2015-12-07
13.6,77,3.4,18.9,220,2015-12-08
12.6,84,0.0,12.8,105,2015-12-09
11.3,82,0.0,14.6,192,2015-12-10
10.0,85,0.0,12.2,184,2015-12-11
10.2,82,0.0,18.2,185,2015-12-12
11.1,75,0.0,18.4,191,2015-12-13
14.6,65,1.4,24.5,195,2015-12-14
16.7,59,0.0,27.0,199,2015-12-15
15.7,63,0.0,16.0,187,2015-12-16
15.3,55,0.0,22.0,192,2015-12-17
16.4,59,0.0,16.6,194,2015-12-18
17.6,56,0.0,28.9,192,2015-12-19
14.5,69,1.2,17.6,187,2015-12-20
11.5,75,0.4,16.3,186,2015-12-21
11.5,64,0.0,23.0,192,2015-12-22
12.1,74,1.7,18.6,186,2015-12-23
13.1,68,0.0,22.0,193,2015-12-24
13.8,69,0.0,20.6,190,2015-12-25
12.6,68,0.0,21.7,184,2015-12-26
12.5,65,0.0,23.9,178,2015-12-27
14.1,60,0.0,29.8,172,2015-12-28
12.5,71,2.5,18.0,190,2015-12-29
13.9,61,1.1,34.0,200,2015-12-30
11.9,83,6.5,10.7,71,2015-12-31
12.2,74,3.0,26.9,178,2016-01-01
10.8,77,6.7,16.7,255,2016-01-02
12.3,73,8.2,33.5,209,2016-01-03
12.1,83,8.9,19.4,234,2016-01-04
9.3,68,0.9,25.2,267,2016-01-05
10.0,67,5.3,32.4,234,2016-01-06
14.1,78,10.4,29.1,222,2016-01-07
14.5,78,7.8,32.4,225,2016-01-08
12.7,76,3.4,29.5,213,2016-01-09
12.9,81,15.4,26.4,203,2016-01-10
12.2,65,7.2,28.4,239,2016-01-11
9.5,67,0.1,27.2,271,2016-01-12
9.3,69,0.5,23.8,200,2016-01-13
11.2,77,9.9,28.8,258,2016-01-14
7.9,83,11.1,24.1,325,2016-01-15
7.9,71,6.1,24.0,341,2016-01-16
7.8,71,1.3,14.6,184,2016-01-17
9.4,75,5.6,25.2,243,2016-01-18
10.0,72,3.8,15.9,244,2016-01-19
8.7,75,0.0,12.7,183,2016-01-20
10.2,83,0.0,14.9,191,2016-01-21
12.9,86,1.9,17.2,194,2016-01-22
13.8,86,1.8,11.9,171,2016-01-23
14.0,83,0.0,19.9,174,2016-01-24
14.4,77,0.0,22.4,188,2016-01-25
13.2,89,0.0,13.2,163,2016-01-26
13.0,75,0.0,22.8,191,2016-01-27
12.5,77,7.2,22.9,221,2016-01-28
10.6,75,3.0,25.0,7,2016-01-29
10.0,77,0.0,13.1,200,2016-01-30
12.9,78,2.9,16.5,245,2016-01-31
12.4,89,1.6,9.3,302,2016-02-01
11.7,86,0.0,9.7,301,2016-02-02
10.2,82,5.0,23.7,314,2016-02-03
9.2,76,0.3,10.5,328,2016-02-04
10.3,73,0.0,19.1,168,2016-02-05
12.0,63,1.6,37.4,196,2016-02-06
10.3,67,7.1,25.8,262,2016-02-07
13.4,69,0.0,22.7,208,2016-02-08
12.9,76,20.6,35.9,243,2016-02-09
8.9,88,15.1,25.2,298,2016-02-10
9.9,84,1.8,17.9,279,2016-02-11
12.6,85,14.4,21.5,239,2016-02-12
13.8,84,14.0,16.2,265,2016-02-13
8.9,80,8.9,35.0,278,2016-02-14
7.1,81,13.7,27.2,346,2016-02-15
6.7,70,5.4,20.6,28,2016-02-16
6.7,62,0.8,16.2,201,2016-02-17
7.9,81,6.9,21.5,283,2016-02-18
7.8,74,0.2,10.9,277,2016-02-19
9.4,76,0.0,14.5,204,2016-02-20
10.5,84,0.0,13.0,166,2016-02-21
9.7,84,0.4,15.6,259,2016-02-22
11.5,79,0.3,15.2,272,2016-02-23
11.0,76,1.2,18.6,208,2016-02-24
9.8,85,3.9,28.2,289,2016-02-25
9.9,79,10.9,22.5,204,2016-02-26
7.0,91,42.8,39.9,302,2016-02-27
9.2,88,21.5,28.0,349,2016-02-28
8.4,72,4.1,28.5,329,2016-02-29
9.7,71,0.0,15.8,301,2016-03-01
10.1,83,6.3,29.6,284,2016-03-02
9.4,79,3.9,30.6,292,2016-03-03
10.1,79,11.0,29.2,239,2016-03-04
7.6,81,12.9,28.0,279,2016-03-05
7.3,86,12.1,23.8,293,2016-03-06
7.8,81,14.8,25.9,305,2016-03-07
8.3,76,5.2,21.2,326,2016-03-08
8.7,82,20.8,32.8,281,2016-03-09
8.0,87,32.2,33.3,327,2016-03-10
8.5,77,5.9,23.4,354,2016-03-11
8.4,66,0.2,13.8,19,2016-03-12
8.8,67,0.2,17.7,11,2016-03-13
8.4,80,3.4,12.2,26,2016-03-14
8.8,75,0.0,14.4,143,2016-03-15
8.7,86,4.5,21.6,318,2016-03-16
8.0,76,1.3,11.8,43,2016-03-17
9.5,74,0.8,17.6,86,2016-03-18
10.6,83,9.8,14.6,111,2016-03-19
10.6,82,1.0,10.5,145,2016-03-20
10.1,91,1.8,13.7,354,2016-03-21
10.1,81,0.9,18.8,334,2016-03-22
9.6,74,1.1,21.2,338,2016-03-23
10.1,75,0.0,12.6,353,2016-03-24
10.7,82,1.8,7.3,189,2016-03-25
15.0,72,3.3,25.7,205,2016-03-26
11.9,66,9.1,27.9,200,2016-03-27
13.9,63,0.0,31.7,215,2016-03-28
14.1,78,2.6,20.8,195,2016-03-29
14.9,68,0.0,22.9,190,2016-03-30
9.8,87,24.3,30.0,321,2016-03-31
9.4,70,1.0,16.2,344,2016-04-01
11.2,64,0.0,20.6,170,2016-04-02
13.6,59,0.9,21.7,187,2016-04-03
11.5,74,5.9,18.2,210,2016-04-04
10.8,85,6.2,22.2,325,2016-04-05
10.8,78,0.0,13.9,322,2016-04-06
10.0,83,7.5,23.7,319,2016-04-07
8.9,80,9.3,25.0,314,2016-04-08
9.6,80,1.6,16.3,258,2016-04-09
12.8,66,0.2,32.7,193,2016-04-10
12.7,61,0.7,19.6,183,2016-04-11
13.8,64,0.0,22.2,191,2016-04-12
14.0,61,0.0,24.0,198,2016-04-13
15.2,66,4.2,27.6,190,2016-04-14
13.6,85,6.0,11.1,124,2016-04-15
14.3,78,5.0,17.6,207,2016-04-16
11.5,85,5.5,15.8,323,2016-04-17
11.3,72,0.1,20.0,69,2016-04-18
14.3,74,3.0,18.9,108,2016-04-19
15.5,67,4.0,21.3,153,2016-04-20
14.1,78,2.1,15.9,213,2016-04-21
12.7,87,3.7,11.0,68,2016-04-22
11.8,90,3.5,15.9,340,2016-04-23
10.8,79,3.6,16.6,4,2016-04-24
10.6,65,0.0,13.6,13,2016-04-25
10.5,76,0.0,14.1,324,2016-04-26
10.6,75,0.8,14.4,34,2016-04-27
9.9,64,0.0,13.8,21,2016-04-28
10.5,73,0.3,17.4,64,2016-04-29
10.3,70,4.2,28.7,315,2016-04-30
10.6,60,0.0,15.7,353,2016-05-01
10.6,67,0.0,14.3,49,2016-05-02
11.9,77,0.0,14.5,60,2016-05-03
14.7,77,0.0,14.2,102,2016-05-04
17.4,72,0.2,12.5,175,2016-05-05
17.6,70,5.1,21.1,156,2016-05-06
17.5,70,3.5,21.1,161,2016-05-07
17.4,69,3.2,30.8,149,2016-05-08
17.0,71,3.3,19.0,159,2016-05-09
16.6,66,0.1,19.5,161,2016-05-10
15.2,67,0.0,17.1,194,2016-05-11
13.0,83,9.7,12.2,302,2016-05-12
13.6,83,2.7,18.7,293,2016-05-13
14.4,86,1.5,20.0,306,2016-05-14
14.4,85,5.2,14.9,342,2016-05-15
13.7,85,0.0,11.2,338,2016-05-16
14.0,81,0.0,14.8,62,2016-05-17
14.3,83,0.8,21.1,310,2016-05-18
14.5,83,2.9,17.3,308,2016-05-19
16.7,80,0.0,13.7,118,2016-05-20
18.4,77,0.4,15.5,184,2016-05-21
14.3,79,11.4,29.5,304,2016-05-22
13.5,72,0.1,16.8,332,2016-05-23
16.4,73,0.5,15.9,121,2016-05-24
16.7,81,0.1,13.6,336,2016-05-25
15.8,87,1.2,13.0,20,2016-05-26
16.9,85,1.7,11.3,47,2016-05-27
17.9,83,10.7,10.8,260,2016-05-28
15.9,80,8.7,12.3,278,2016-05-29
15.4,80,2.3,21.6,291,2016-05-30
15.7,78,0.7,22.5,300,2016-05-31
15.5,78,0.0,22.1,296,2016-06-01
16.3,83,0.0,12.5,25,2016-06-02
17.3,88,0.6,14.8,68,2016-06-03
17.2,91,2.5,12.7,357,2016-06-04
17.3,88,0.0,14.3,67,2016-06-05
18.0,88,1.3,12.7,308,2016-06-06
18.3,89,0.0,15.9,49,2016-06-07
19.2,90,0.0,13.2,64,2016-06-08
19.5,87,0.0,10.5,0,2016-06-09
17.8,84,2.0,21.9,300,2016-06-10
16.9,74,0.0,14.0,315,2016-06-11
17.6,79,1.5,12.1,192,2016-06-12
18.1,86,5.3,24.1,293,2016-06-13
16.9,78,8.4,16.6,305,2016-06-14
16.1,80,22.7,12.9,246,2016-06-15
14.9,76,4.0,26.3,281,2016-06-16
15.0,77,5.9,24.0,275,2016-06-17
14.9,79,1.3,19.9,302,2016-06-18
15.7,77,0.7,14.1,339,2016-06-19
17.6,76,0.0,10.2,82,2016-06-20
20.1,79,0.0,14.3,76,2016-06-21
22.2,79,0.0,12.6,257,2016-06-22
21.1,86,0.2,21.3,329,2016-06-23
18.9,91,5.1,16.9,6,2016-06-24
17.2,79,0.4,14.8,11,2016-06-25
16.9,70,0.0,14.2,10,2016-06-26
17.2,77,0.0,13.8,35,2016-06-27
17.5,80,0.0,14.6,27,2016-06-28
17.9,80,0.0,16.2,354,2016-06-29
18.5,82,0.0,13.5,25,2016-06-30
18.8,83,1.0,14.4,360,2016-07-01
18.1,81,1.7,15.6,337,2016-07-02
18.5,75,0.0,15.1,55,2016-07-03
19.2,84,0.0,16.1,46,2016-07-04
19.2,86,1.5,14.6,33,2016-07-05
19.6,83,0.2,15.8,59,2016-07-06
20.9,85,0.0,13.9,38,2016-07-07
19.8,88,0.0,15.3,349,2016-07-08
20.1,83,0.0,13.9,62,2016-07-09
20.9,82,0.0,15.5,353,2016-07-10
19.3,84,4.4,15.3,337,2016-07-11
18.3,77,0.5,20.1,313,2016-07-12
17.0,74,1.7,19.2,316,2016-07-13
17.1,64,0.0,16.4,356,2016-07-14
17.8,66,0.0,17.7,63,2016-07-15
19.6,73,0.0,16.6,60,2016-07-16
21.2,77,0.0,13.6,104,2016-07-17
25.8,62,0.0,14.4,144,2016-07-18
27.0,53,0.0,22.0,181,2016-07-19
21.2,80,0.4,15.5,335,2016-07-20
20.6,80,0.2,13.7,357,2016-07-21
19.8,83,1.7,16.3,331,2016-07-22
19.5,85,4.6,17.3,328,2016-07-23
19.5,77,0.0,14.4,16,2016-07-24
20.4,78,0.0,15.0,44,2016-07-25
20.6,82,0.9,16.0,40,2016-07-26
19.7,76,0.0,15.0,2,2016-07-27
20.5,75,0.0,15.0,48,2016-07-28
20.9,83,0.0,15.0,55,2016-07-29
21.2,81,0.9,14.5,36,2016-07-30
19.9,83,3.1,14.5,347,2016-07-31
19.7,78,0.0,13.0,5,2016-08-01
20.3,74,0.0,14.6,66,2016-08-02
20.4,77,0.0,14.6,27,2016-08-03
21.0,81,3.8,20.1,309,2016-08-04
19.9,79,2.8,14.8,344,2016-08-05
19.6,76,0.0,16.2,40,2016-08-06
21.1,76,0.0,13.5,30,2016-08-07
20.7,83,0.0,16.1,10,2016-08-08
19.5,82,4.4,19.0,12,2016-08-09
18.8,67,0.0,21.7,9,2016-08-10
18.4,67,0.0,13.5,19,2016-08-11
20.1,73,0.0,16.8,84,2016-08-12
22.5,77,0.0,12.2,112,2016-08-13
23.5,78,0.0,12.8,48,2016-08-14
24.3,76,0.0,12.7,114,2016-08-15
23.3,80,0.0,14.8,311,2016-08-16
21.4,81,0.1,15.7,339,2016-08-17
20.4,73,0.4,17.9,335,2016-08-18
21.2,79,0.7,17.9,312,2016-08-19
19.9,72,2.0,18.2,315,2016-08-20
19.5,71,0.0,14.2,353,2016-08-21
22.1,69,0.0,15.8,104,2016-08-22
24.6,64,0.0,15.5,232,2016-08-23
23.3,79,0.0,21.6,2,2016-08-24
24.1,70,0.0,23.4,127,2016-08-25
22.5,84,0.1,14.3,347,2016-08-26
23.5,78,0.0,20.1,280,2016-08-27
20.9,82,1.1,18.9,337,2016-08-28
19.8,75,0.1,17.5,330,2016-08-29
20.0,79,0.3,15.2,32,2016-08-30
20.6,83,0.0,13.4,329,2016-08-31
20.8,85,0.0,14.5,39,2016-09-01
21.8,82,0.0,13.1,40,2016-09-02
22.1,82,0.0,13.0,83,2016-09-03
22.8,84,0.0,13.0,47,2016-09-04
22.3,82,0.0,13.3,39,2016-09-05
22.6,80,0.0,14.3,91,2016-09-06
24.2,75,0.0,22.2,261,2016-09-07
20.3,80,2.7,17.4,337,2016-09-08
19.7,74,0.0,13.5,45,2016-09-09
20.0,75,0.0,11.5,51,2016-09-10
21.7,78,0.0,15.8,60,2016-09-11
24.6,69,0.0,14.3,174,2016-09-12
21.5,79,7.7,24.0,283,2016-09-13
17.0,67,3.8,17.8,271,2016-09-14
17.1,68,9.0,31.7,211,2016-09-15
17.4,87,16.7,34.9,299,2016-09-16
16.5,79,2.8,20.0,314,2016-09-17
16.7,79,0.8,15.6,312,2016-09-18
17.1,79,0.0,11.2,336,2016-09-19
17.1,86,5.8,10.7,345,2016-09-20
17.1,85,0.0,13.2,99,2016-09-21
18.4,87,0.0,14.8,43,2016-09-22
18.7,82,0.0,15.9,67,2016-09-23
20.6,79,0.0,16.2,173,2016-09-24
17.9,85,9.9,18.2,311,2016-09-25
17.9,78,0.0,10.7,59,2016-09-26
18.4,85,2.8,18.6,296,2016-09-27
19.6,86,0.6,15.1,71,2016-09-28
20.5,72,0.0,17.4,195,2016-09-29
19.5,85,0.9,16.6,323,2016-09-30
17.2,82,3.8,16.3,301,2016-10-01
16.9,79,0.0,14.6,29,2016-10-02
19.3,80,0.0,15.6,99,2016-10-03
18.9,83,0.0,19.3,282,2016-10-04
17.6,85,0.5,14.3,342,2016-10-05
17.4,83,1.2,12.8,23,2016-10-06
15.9,80,1.7,10.5,60,2016-10-07
16.1,75,0.0,11.4,20,2016-10-08
15.5,67,0.0,14.3,48,2016-10-09
14.9,60,0.0,13.9,66,2016-10-10
14.3,59,0.0,18.8,100,2016-10-11
16.5,67,5.2,19.6,143,2016-10-12
15.6,87,7.6,10.9,213,2016-10-13
14.8,80,5.9,19.4,299,2016-10-14
17.2,63,0.0,20.3,190,2016-10-15
18.1,68,0.2,16.9,178,2016-10-16
17.1,87,2.5,14.0,44,2016-10-17
16.4,85,0.4,11.4,50,2016-10-18
14.5,82,0.0,12.1,73,2016-10-19
13.7,73,0.4,12.9,64,2016-10-20
13.4,60,0.0,15.5,86,2016-10-21
15.7,70,0.4,18.7,150,2016-10-22
18.8,69,0.6,24.0,175,2016-10-23
17.1,72,0.2,14.6,178,2016-10-24
16.3,86,0.7,10.4,167,2016-10-25
16.5,93,0.1,10.6,11,2016-10-26
15.6,89,0.0,12.4,76,2016-10-27
15.5,86,0.0,10.8,118,2016-10-28
16.4,83,0.0,12.0,165,2016-10-29
15.1,86,0.0,8.8,167,2016-10-30
15.2,80,0.0,13.0,169,2016-10-31
15.9,74,0.0,18.9,192,2016-11-01
14.8,80,0.0,9.2,176,2016-11-02
14.7,85,0.0,11.8,104,2016-11-03
14.7,83,2.0,15.9,193,2016-11-04
12.7,89,18.9,26.6,296,2016-11-05
9.9,80,2.6,26.8,285,2016-11-06
8.7,82,5.1,24.1,286,2016-11-07
10.0,79,10.2,25.2,277,2016-11-08
12.1,78,7.9,28.7,267,2016-11-09
12.6,76,0.2,22.2,268,2016-11-10
13.0,82,1.7,19.2,277,2016-11-11
12.2,85,7.7,13.8,204,2016-11-12
13.7,87,6.0,18.3,326,2016-11-13
11.9,79,2.5,17.0,12,2016-11-14
10.6,78,0.2,9.8,34,2016-11-15
10.6,82,0.0,7.4,111,2016-11-16
12.1,86,0.0,9.6,207,2016-11-17
12.1,88,6.2,14.0,256,2016-11-18
12.5,72,1.6,31.5,217,2016-11-19
14.9,68,3.0,31.9,193,2016-11-20
14.9,62,0.1,29.5,203,2016-11-21
9.6,83,11.4,10.9,324,2016-11-22
9.3,91,47.5,29.0,351,2016-11-23
10.6,70,10.4,29.4,201,2016-11-24
9.3,70,0.0,14.4,172,2016-11-25
9.9,71,0.5,18.7,143,2016-11-26
12.0,84,0.0,14.1,109,2016-11-27
10.6,90,0.6,9.4,295,2016-11-28
11.8,80,0.0,14.2,105,2016-11-29
13.0,74,0.0,21.1,159,2016-11-30
12.1,78,0.0,17.0,168,2016-12-01
11.5,81,0.0,15.3,189,2016-12-02
10.4,83,0.0,19.0,169,2016-12-03
13.0,75,0.4,24.7,165,2016-12-04
15.0,75,0.0,20.1,171,2016-12-05
13.0,84,0.0,14.1,184,2016-12-06
12.4,81,0.0,15.7,180,2016-12-07
11.9,76,0.0,21.7,181,2016-12-08
11.9,70,0.0,23.8,184,2016-12-09
11.7,78,0.0,17.2,192,2016-12-10
11.9,81,0.0,13.0,190,2016-12-11
12.3,79,0.0,6.4,159,2016-12-12
10.8,81,0.0,20.0,178,2016-12-13
12.1,73,0.3,23.2,194,2016-12-14
12.1,76,0.3,19.7,178,2016-12-15
11.6,77,2.6,22.4,185,2016-12-16
11.5,89,0.0,9.5,270,2016-12-17
10.0,91,0.0,9.8,117,2016-12-18
8.7,89,1.9,17.4,329,2016-12-19
9.3,84,4.7,12.4,316,2016-12-20
11.0,86,4.3,10.7,251,2016-12-21
12.6,86,5.8,10.2,205,2016-12-22
12.6,86,0.1,9.2,224,2016-12-23
13.0,86,0.1,8.2,246,2016-12-24
10.8,90,0.0,10.5,161,2016-12-25
10.3,88,0.0,10.3,77,2016-12-26
10.5,86,0.0,11.4,106,2016-12-27
10.5,80,0.0,16.7,183,2016-12-28
8.7,83,0.0,9.5,200,2016-12-29
7.6,86,0.0,9.7,153,2016-12-30
7.0,78,0.0,15.9,178,2016-12-31
4.0,70,0.0,10.8,205,2017-01-01
6.1,64,0.0,19.1,181,2017-01-02
4.2,86,0.0,7.4,191,2017-01-03
4.7,92,0.0,6.6,205,2017-01-04
3.9,87,0.0,9.1,148,2017-01-05
2.7,83,0.0,7.7,154,2017-01-06
1.5,79,0.0,8.2,211,2017-01-07
3.2,74,0.0,5.8,211,2017-01-08
7.7,83,0.0,6.9,181,2017-01-09
9.2,90,28.0,26.4,312,2017-01-10
11.9,95,13.7,22.1,315,2017-01-11
11.9,86,3.6,22.1,255,2017-01-12
7.9,79,10.9,21.7,303,2017-01-13
6.8,88,14.2,15.4,302,2017-01-14
8.5,91,14.8,18.4,328,2017-01-15
10.2,91,24.9,27.5,330,2017-01-16
6.4,69,10.0,23.7,18,2017-01-17
3.0,69,0.9,16.3,22,2017-01-18
3.0,79,0.0,7.6,117,2017-01-19
1.1,84,0.0,6.2,179,2017-01-20
4.5,85,0.0,9.6,220,2017-01-21
6.0,88,0.4,12.4,296,2017-01-22
6.4,88,0.5,16.5,294,2017-01-23
6.3,85,0.0,11.4,288,2017-01-24
2.6,85,0.0,10.8,168,2017-01-25
4.2,67,0.0,22.4,179,2017-01-26
9.0,71,1.5,26.1,185,2017-01-27
7.3,80,0.6,15.3,227,2017-01-28
11.2,73,0.7,23.3,203,2017-01-29
14.4,76,0.6,15.9,195,2017-01-30
14.1,67,0.0,20.1,188,2017-01-31
13.2,69,0.2,19.0,192,2017-02-01
13.7,63,3.8,34.8,192,2017-02-02
12.7,55,2.2,30.2,204,2017-02-03
12.0,82,24.5,33.8,225,2017-02-04
9.8,76,13.1,28.8,269,2017-02-05
10.1,84,3.5,18.8,233,2017-02-06
10.8,86,9.4,22.8,283,2017-02-07
7.7,81,10.3,22.7,308,2017-02-08
7.7,79,0.3,12.1,171,2017-02-09
9.0,62,0.0,14.5,188,2017-02-10
6.4,89,1.8,13.5,80,2017-02-11
10.3,83,2.4,27.2,130,2017-02-12
13.1,69,3.1,24.6,152,2017-02-13
11.7,68,0.0,17.0,183,2017-02-14
12.8,67,0.0,15.9,182,2017-02-15
12.0,76,0.0,14.0,199,2017-02-16
10.7,83,0.0,11.8,214,2017-02-17
9.8,85,0.1,14.9,275,2017-02-18
11.4,87,0.3,13.2,310,2017-02-19
10.3,87,0.0,9.5,255,2017-02-20
10.7,86,0.0,8.0,264,2017-02-21
9.7,91,0.0,8.6,179,2017-02-22
9.6,85,0.0,14.3,292,2017-02-23
10.4,81,1.1,15.5,3,2017-02-24
9.6,78,0.0,8.0,174,2017-02-25
10.9,81,0.0,13.0,261,2017-02-26
12.7,73,4.7,27.1,219,2017-02-27
9.9,81,11.4,24.7,258,2017-02-28
11.3,71,0.0,20.9,214,2017-03-01
12.7,75,0.1,16.6,195,2017-03-02
12.6,70,8.6,21.3,212,2017-03-03
8.5,70,0.7,19.5,254,2017-03-04
12.1,71,1.6,21.6,214,2017-03-05
13.3,78,5.0,28.3,276,2017-03-06
12.0,83,0.4,24.3,276,2017-03-07
13.3,87,0.0,12.6,332,2017-03-08
12.6,89,0.0,8.9,65,2017-03-09
14.9,77,0.0,7.4,165,2017-03-10
15.2,70,0.8,24.2,268,2017-03-11
11.4,82,7.8,28.5,297,2017-03-12
10.4,84,11.1,22.7,344,2017-03-13
12.0,89,2.1,14.7,350,2017-03-14
12.6,83,0.0,11.8,12,2017-03-15
14.6,68,0.0,15.7,190,2017-03-16
11.4,77,0.0,14.8,320,2017-03-17
11.3,81,0.0,10.2,4,2017-03-18
9.5,84,0.0,14.1,331,2017-03-19
10.9,82,0.0,12.3,327,2017-03-20
9.7,87,4.3,17.5,285,2017-03-21
8.1,82,9.0,17.7,212,2017-03-22
7.4,63,2.0,16.4,196,2017-03-23
7.3,70,0.1,13.4,160,2017-03-24
8.3,89,21.0,14.6,232,2017-03-25
11.2,71,0.2,17.7,156,2017-03-26
14.0,63,0.2,20.7,178,2017-03-27
14.2,63,0.0,13.2,205,2017-03-28
16.0,62,0.0,12.9,209,2017-03-29
17.6,60,0.0,16.6,186,2017-03-30
15.2,74,4.5,15.4,292,2017-03-31
10.9,82,3.9,27.1,283,2017-04-01
11.0,82,2.7,18.2,312,2017-04-02
11.1,79,0.0,11.8,143,2017-04-03
11.7,86,0.4,14.7,313,2017-04-04
11.9,87,4.7,17.3,345,2017-04-05
12.6,84,1.0,13.7,344,2017-04-06
12.0,83,0.0,10.1,69,2017-04-07
16.3,70,0.0,14.5,200,2017-04-08
15.6,73,0.0,13.5,229,2017-04-09
13.1,89,0.0,11.4,317,2017-04-10
13.5,82,0.0,14.4,352,2017-04-11
13.3,82,0.0,11.8,30,2017-04-12
12.8,84,0.0,12.7,316,2017-04-13
12.0,88,0.1,10.6,325,2017-04-14
12.5,87,0.6,14.5,324,2017-04-15
12.5,81,0.0,13.5,85,2017-04-16
13.3,82,0.0,13.2,16,2017-04-17
12.8,80,0.1,15.5,18,2017-04-18
11.0,60,0.0,16.8,46,2017-04-19
10.8,58,0.0,14.8,62,2017-04-20
12.4,65,0.0,14.7,118,2017-04-21
15.7,54,0.0,15.4,208,2017-04-22
15.1,69,0.0,12.7,11,2017-04-23
14.3,73,0.0,12.4,335,2017-04-24
12.5,87,8.6,17.6,329,2017-04-25
8.4,86,17.0,17.7,346,2017-04-26
8.2,72,2.8,16.0,336,2017-04-27
9.0,69,0.0,14.1,63,2017-04-28
12.4,67,0.0,20.2,173,2017-04-29
12.7,68,11.5,36.7,213,2017-04-30
10.1,72,0.0,17.6,238,2017-05-01
13.0,81,0.4,15.8,300,2017-05-02
13.8,84,0.0,13.6,25,2017-05-03
14.8,82,0.0,13.4,68,2017-05-04
17.2,78,12.3,22.1,180,2017-05-05
15.3,69,0.2,15.5,256,2017-05-06
14.8,70,0.0,12.9,53,2017-05-07
13.7,73,0.0,12.7,70,2017-05-08
13.8,81,0.7,12.3,75,2017-05-09
17.5,78,1.9,11.8,234,2017-05-10
18.2,61,0.9,22.4,204,2017-05-11
17.7,62,2.8,20.2,212,2017-05-12
16.5,76,3.1,15.0,131,2017-05-13
18.5,62,0.2,12.4,208,2017-05-14
20.1,64,0.0,14.8,219,2017-05-15
20.1,70,0.0,11.7,302,2017-05-16
16.6,88,10.4,13.1,327,2017-05-17
13.3,83,11.5,17.6,313,2017-05-18
12.9,74,1.5,17.7,293,2017-05-19
13.7,74,0.4,14.2,39,2017-05-20
19.2,69,0.1,15.3,175,2017-05-21
18.8,74,0.0,17.8,315,2017-05-22
16.1,79,0.0,12.4,33,2017-05-23
19.7,78,0.0,11.2,69,2017-05-24
24.4,69,2.0,9.7,216,2017-05-25
22.0,72,0.0,14.1,249,2017-05-26
22.1,80,0.1,7.4,44,2017-05-27
22.3,75,1.6,15.6,34,2017-05-28
17.7,90,11.9,13.6,328,2017-05-29
17.5,86,0.6,13.5,5,2017-05-30
18.6,82,0.0,12.6,25,2017-05-31
20.7,80,0.0,11.8,3,2017-06-01
18.3,90,6.0,14.2,324,2017-06-02
16.4,87,12.9,21.7,316,2017-06-03
14.7,86,5.6,14.3,344,2017-06-04
17.2,74,0.0,11.3,241,2017-06-05
16.5,73,1.7,21.4,315,2017-06-06
17.3,72,0.0,8.9,115,2017-06-07
20.3,75,1.0,17.9,264,2017-06-08
18.2,81,0.0,13.8,19,2017-06-09
20.3,83,0.0,17.7,333,2017-06-10
19.6,87,0.0,17.1,338,2017-06-11
19.1,82,0.3,11.4,23,2017-06-12
19.1,85,1.3,14.2,333,2017-06-13
20.3,86,0.0,14.0,337,2017-06-14
18.5,87,0.0,13.6,335,2017-06-15
19.0,82,0.1,11.0,37,2017-06-16
20.7,77,0.0,12.6,16,2017-06-17
23.1,71,0.0,12.0,355,2017-06-18
25.7,69,0.3,16.3,204,2017-06-19
26.6,59,1.4,12.0,234,2017-06-20
28.3,60,0.1,10.5,231,2017-06-21
21.8,82,0.0,16.9,341,2017-06-22
20.4,78,0.1,12.3,343,2017-06-23
19.7,79,0.1,11.6,352,2017-06-24
20.1,76,0.4,11.3,60,2017-06-25
21.0,85,6.3,15.0,303,2017-06-26
19.3,87,5.3,17.7,322,2017-06-27
19.0,76,9.0,28.0,265,2017-06-28
16.8,64,0.9,21.8,278,2017-06-29
14.9,80,14.5,23.7,271,2017-06-30
15.4,76,3.7,23.3,291,2017-07-01
17.2,79,0.8,10.3,316,2017-07-02
18.7,81,0.0,12.2,77,2017-07-03
23.3,78,0.0,10.3,147,2017-07-04
23.7,70,0.0,24.3,274,2017-07-05
21.5,82,0.2,10.5,13,2017-07-06
21.1,81,0.0,13.2,329,2017-07-07
20.2,85,0.7,18.7,327,2017-07-08
20.3,79,0.0,14.8,323,2017-07-09
19.7,82,2.2,15.1,318,2017-07-10
20.2,80,0.5,14.1,3,2017-07-11
19.2,84,0.4,12.6,338,2017-07-12
19.7,84,0.3,12.8,354,2017-07-13
19.2,80,0.8,15.4,3,2017-07-14
19.3,79,0.1,12.6,9,2017-07-15
20.8,79,0.0,12.2,359,2017-07-16
25.7,70,0.0,11.5,145,2017-07-17
24.9,71,0.0,16.9,262,2017-07-18
21.5,77,0.1,14.4,335,2017-07-19
18.9,80,3.1,14.0,331,2017-07-20
18.2,80,0.6,12.3,339,2017-07-21
18.5,78,0.4,18.1,319,2017-07-22
19.9,73,0.0,13.6,328,2017-07-23
19.3,84,5.2,20.5,307,2017-07-24
18.6,78,2.2,18.7,320,2017-07-25
19.4,76,0.0,13.3,315,2017-07-26
20.6,80,0.0,16.2,339,2017-07-27
21.7,80,1.1,13.0,3,2017-07-28
23.1,68,0.0,13.6,22,2017-07-29
20.2,82,2.4,16.3,343,2017-07-30
19.3,84,2.4,14.1,358,2017-07-31
19.7,84,0.5,12.1,11,2017-08-01
20.5,78,0.0,15.1,343,2017-08-02
22.0,73,0.0,16.3,352,2017-08-03
23.7,75,0.0,15.8,356,2017-08-04
20.0,88,4.4,14.4,351,2017-08-05
19.8,68,0.1,14.3,10,2017-08-06
20.3,76,0.2,18.6,314,2017-08-07
18.1,74,2.1,19.1,303,2017-08-08
17.2,70,2.1,21.1,302,2017-08-09
17.0,75,2.7,22.4,303,2017-08-10
18.0,68,0.1,12.4,327,2017-08-11
18.1,71,0.0,13.0,0,2017-08-12
19.5,76,0.0,13.7,39,2017-08-13
24.2,69,2.9,16.2,220,2017-08-14
20.4,84,0.5,14.6,348,2017-08-15
20.9,75,0.0,12.7,335,2017-08-16
21.2,70,0.0,14.8,341,2017-08-17
20.4,86,0.7,14.2,324,2017-08-18
20.2,77,0.5,14.8,17,2017-08-19
19.3,70,0.0,14.1,55,2017-08-20
22.6,62,0.0,14.8,108,2017-08-21
24.4,56,0.0,17.1,305,2017-08-22
21.1,79,0.0,12.6,5,2017-08-23
21.7,80,0.2,16.7,346,2017-08-24
21.8,78,0.0,16.2,360,2017-08-25
22.1,79,0.3,15.5,351,2017-08-26
23.1,74,3.9,17.9,201,2017-08-27
25.0,69,1.5,15.1,200,2017-08-28
22.4,81,9.3,12.2,331,2017-08-29
20.2,89,44.4,18.4,338,2017-08-30
17.8,82,1.9,10.9,342,2017-08-31
17.3,81,3.6,19.6,306,2017-09-01
17.5,78,1.4,11.6,349,2017-09-02
19.3,76,0.4,10.8,271,2017-09-03
20.0,86,6.0,10.4,318,2017-09-04
20.3,87,0.0,17.2,331,2017-09-05
18.9,83,2.0,11.9,345,2017-09-06
18.0,74,0.4,11.6,328,2017-09-07
16.9,79,0.0,13.9,272,2017-09-08
16.2,86,16.8,23.1,294,2017-09-09
16.6,76,2.9,18.7,287,2017-09-10
18.0,83,8.6,18.3,298,2017-09-11
17.4,82,1.7,13.6,297,2017-09-12
18.6,83,0.0,14.6,261,2017-09-13
16.9,80,3.0,19.3,324,2017-09-14
13.7,84,7.3,18.0,284,2017-09-15
13.0,83,4.4,16.6,276,2017-09-16
14.7,74,0.1,16.0,266,2017-09-17
15.5,87,4.9,9.8,268,2017-09-18
15.7,82,0.4,10.1,351,2017-09-19
15.0,79,0.0,9.0,139,2017-09-20
16.6,81,0.0,15.6,308,2017-09-21
17.0,94,9.4,10.6,353,2017-09-22
19.4,81,0.0,14.4,186,2017-09-23
18.6,82,0.0,11.9,298,2017-09-24
17.4,88,2.2,13.8,301,2017-09-25
17.0,85,0.6,12.7,106,2017-09-26
18.1,78,0.0,11.3,218,2017-09-27
19.6,75,0.0,14.2,205,2017-09-28
18.7,80,0.0,16.1,319,2017-09-29
17.3,94,5.5,14.5,27,2017-09-30
17.5,90,1.2,11.6,246,2017-10-01
19.1,92,1.9,9.6,288,2017-10-02
18.9,94,1.0,9.2,27,2017-10-03
19.4,88,0.0,13.0,87,2017-10-04
19.0,91,1.7,11.3,338,2017-10-05
16.5,83,1.2,14.8,358,2017-10-06
14.9,73,0.0,8.9,78,2017-10-07
13.5,78,0.0,10.4,125,2017-10-08
14.0,83,0.0,10.5,172,2017-10-09
14.8,86,0.0,9.2,183,2017-10-10
17.1,76,0.0,14.4,240,2017-10-11
16.3,85,0.0,9.1,184,2017-10-12
18.3,77,0.0,13.0,234,2017-10-13
20.8,77,0.0,14.2,180,2017-10-14
23.3,59,0.0,19.8,191,2017-10-15
21.2,71,0.0,21.2,186,2017-10-16
20.0,71,0.6,18.0,185,2017-10-17
16.2,85,7.6,12.3,201,2017-10-18
16.4,70,0.4,11.6,197,2017-10-19
19.5,62,0.0,14.9,203,2017-10-20
17.7,70,3.1,19.4,292,2017-10-21
14.3,76,1.1,17.6,294,2017-10-22
13.5,79,0.0,8.1,203,2017-10-23
15.9,73,0.0,9.2,198,2017-10-24
16.7,74,0.0,9.5,205,2017-10-25
18.3,65,0.0,14.7,220,2017-10-26
15.2,88,0.8,13.2,324,2017-10-27
15.4,85,0.8,12.3,12,2017-10-28
13.4,85,1.1,11.5,302,2017-10-29
14.0,86,3.6,15.5,354,2017-10-30
12.3,74,0.0,7.7,102,2017-10-31
15.5,64,0.0,17.5,189,2017-11-01
17.7,65,0.0,16.9,186,2017-11-02
16.7,71,0.9,19.6,207,2017-11-03
13.1,88,11.0,16.6,268,2017-11-04
12.0,87,11.7,19.7,311,2017-11-05
11.9,69,1.7,18.4,354,2017-11-06
10.5,78,0.7,18.5,128,2017-11-07
9.6,89,16.3,22.3,301,2017-11-08
10.3,76,6.3,18.7,317,2017-11-09
12.6,91,11.4,18.8,326,2017-11-10
13.3,87,1.8,16.6,282,2017-11-11
13.8,81,4.4,20.4,279,2017-11-12
11.2,69,1.8,19.9,5,2017-11-13
9.2,70,0.0,10.0,33,2017-11-14
7.0,81,0.0,6.5,158,2017-11-15
8.5,80,0.0,7.7,214,2017-11-16
9.8,89,0.5,8.4,249,2017-11-17
10.7,90,0.1,9.7,269,2017-11-18
8.7,89,0.0,9.4,194,2017-11-19
9.4,79,0.0,8.1,197,2017-11-20
10.5,62,0.0,12.6,205,2017-11-21
14.8,42,0.0,22.7,195,2017-11-22
18.3,43,0.0,24.7,203,2017-11-23
15.6,69,1.0,17.9,218,2017-11-24
11.5,80,11.1,16.3,328,2017-11-25
9.0,85,1.8,6.5,245,2017-11-26
6.7,86,0.0,8.1,197,2017-11-27
7.1,78,5.4,12.3,230,2017-11-28
7.8,91,10.2,14.7,279,2017-11-29
6.4,87,6.6,16.9,272,2017-11-30
6.1,92,20.9,18.6,304,2017-12-01
5.7,91,13.2,11.5,337,2017-12-02
6.2,86,2.7,8.4,203,2017-12-03
7.6,91,4.9,7.6,217,2017-12-04
5.0,88,0.0,8.7,179,2017-12-05
4.5,76,0.0,11.6,204,2017-12-06
8.3,62,4.1,17.1,203,2017-12-07
9.7,90,17.8,16.3,247,2017-12-08
9.3,87,6.3,14.5,205,2017-12-09
14.1,78,25.3,34.3,210,2017-12-10
9.7,80,16.7,38.0,249,2017-12-11
6.4,86,6.0,15.5,222,2017-12-12
10.4,68,0.2,22.4,210,2017-12-13
12.4,85,7.0,23.1,270,2017-12-14
9.0,83,14.4,21.6,278,2017-12-15
7.6,89,10.5,11.7,293,2017-12-16
7.3,91,4.1,9.5,260,2017-12-17
8.7,90,5.1,23.5,266,2017-12-18
8.4,86,0.3,12.3,9,2017-12-19
7.5,85,0.0,6.2,251,2017-12-20
6.7,88,0.0,8.6,220,2017-12-21
7.7,92,0.1,6.1,252,2017-12-22
9.6,90,0.5,7.9,40,2017-12-23
7.8,87,0.0,10.9,191,2017-12-24
9.3,71,0.1,25.2,194,2017-12-25
8.8,77,3.1,29.6,208,2017-12-26
8.3,82,17.3,34.2,273,2017-12-27
9.3,86,15.9,30.3,272,2017-12-28
12.2,83,2.7,17.2,235,2017-12-29
14.8,69,0.0,20.3,207,2017-12-30
13.3,67,6.0,25.6,217,2017-12-31
10.7,72,11.2,27.2,231,2018-01-01
13.2,80,8.6,20.4,217,2018-01-02
14.8,87,1.8,14.8,208,2018-01-03
15.2,73,0.0,19.7,212,2018-01-04
12.2,77,14.6,28.3,229,2018-01-05
6.8,93,31.6,10.3,346,2018-01-06
8.0,92,18.1,15.3,321,2018-01-07
6.5,81,0.0,11.9,203,2018-01-08
7.8,63,0.9,29.6,202,2018-01-09
9.1,74,3.0,25.4,213,2018-01-10
6.9,82,17.2,18.0,240,2018-01-11
8.9,86,1.3,11.3,208,2018-01-12
8.2,73,10.8,20.8,190,2018-01-13
7.3,88,14.9,15.4,231,2018-01-14
8.9,74,3.6,20.3,214,2018-01-15
12.3,71,0.0,18.1,224,2018-01-16
10.5,85,4.6,22.6,296,2018-01-17
8.3,84,0.0,10.5,220,2018-01-18
10.1,88,6.9,14.9,280,2018-01-19
10.4,83,1.4,19.6,248,2018-01-20
13.6,84,0.3,19.6,294,2018-01-21
12.0,82,0.0,12.1,224,2018-01-22
12.7,84,0.1,8.3,203,2018-01-23
10.4,71,0.0,18.1,206,2018-01-24
9.9,79,16.0,24.1,233,2018-01-25
8.1,87,12.6,21.6,303,2018-01-26
8.7,81,6.3,18.0,349,2018-01-27
6.2,84,0.0,7.2,167,2018-01-28
6.7,89,0.0,8.9,227,2018-01-29
7.6,89,0.0,6.5,158,2018-01-30
7.0,87,0.0,13.4,237,2018-01-31
7.5,91,17.0,17.1,293,2018-02-01
5.3,91,7.4,14.9,308,2018-02-02
6.6,88,18.8,19.4,268,2018-02-03
6.4,89,7.5,14.8,281,2018-02-04
5.8,93,5.2,14.8,5,2018-02-05
5.1,79,6.8,16.7,347,2018-02-06
4.6,90,7.0,15.1,335,2018-02-07
4.3,89,9.5,12.9,299,2018-02-08
4.2,86,6.8,25.5,274,2018-02-09
6.9,83,7.4,15.0,329,2018-02-10
8.9,89,16.7,17.7,252,2018-02-11
5.7,90,6.8,15.3,300,2018-02-12
5.3,80,8.2,27.7,217,2018-02-13
10.5,82,5.4,19.6,201,2018-02-14
14.9,73,0.0,18.6,209,2018-02-15
14.1,80,0.1,13.8,213,2018-02-16
10.1,87,7.5,19.2,311,2018-02-17
8.5,88,4.3,15.5,267,2018-02-18
10.2,95,24.8,17.7,307,2018-02-19
10.5,91,14.6,21.7,329,2018-02-20
8.0,79,3.6,22.4,3,2018-02-21
6.2,67,0.6,14.0,359,2018-02-22
5.1,76,0.1,10.5,344,2018-02-23
4.5,81,0.0,9.7,85,2018-02-24
4.6,84,0.0,11.9,272,2018-02-25
4.8,78,0.0,14.6,27,2018-02-26
-0.1,61,0.0,10.6,77,2018-02-27
1.5,77,11.1,19.1,159,2018-02-28
10.9,78,2.8,25.2,170,2018-03-01
9.2,63,6.5,20.3,192,2018-03-02
12.7,59,0.6,25.1,206,2018-03-03
11.7,72,3.9,12.6,205,2018-03-04
10.7,69,4.8,20.2,226,2018-03-05
8.9,76,2.6,20.2,238,2018-03-06
7.8,72,0.2,14.4,219,2018-03-07
11.8,60,0.2,20.5,197,2018-03-08
15.9,68,2.0,29.2,187,2018-03-09
15.4,67,0.1,21.3,171,2018-03-10
14.1,51,0.0,31.1,195,2018-03-11
10.9,67,2.2,24.8,263,2018-03-12
11.3,76,1.3,9.2,190,2018-03-13
13.1,67,3.2,24.0,176,2018-03-14
12.2,63,2.7,23.9,223,2018-03-15
9.9,71,0.8,18.1,217,2018-03-16
8.1,77,4.7,12.8,255,2018-03-17
7.5,87,4.5,16.6,277,2018-03-18
5.5,90,16.1,17.1,271,2018-03-19
5.5,80,9.1,25.6,346,2018-03-20
7.0,67,2.8,20.6,4,2018-03-21
7.4,71,2.6,12.0,355,2018-03-22
9.2,71,1.4,17.1,204,2018-03-23
8.4,79,7.9,29.5,255,2018-03-24
8.8,84,8.6,22.0,280,2018-03-25
9.4,86,8.1,21.7,313,2018-03-26
12.3,83,0.8,21.2,289,2018-03-27
11.5,82,4.8,15.1,282,2018-03-28
11.4,72,6.0,16.0,227,2018-03-29
11.2,56,2.1,26.0,208,2018-03-30
8.7,75,5.1,28.5,281,2018-03-31
12.6,69,0.0,15.6,189,2018-04-01
15.6,55,1.7,19.1,187,2018-04-02
16.3,55,0.7,23.6,195,2018-04-03
13.5,66,6.0,30.4,226,2018-04-04
14.4,71,0.4,14.7,178,2018-04-05
17.2,54,0.3,24.2,173,2018-04-06
13.2,83,6.3,8.9,176,2018-04-07
12.0,83,1.0,11.3,5,2018-04-08
10.5,87,9.3,13.7,286,2018-04-09
8.9,84,11.5,15.5,227,2018-04-10
9.3,91,23.6,27.9,316,2018-04-11
12.0,85,7.9,20.9,320,2018-04-12
11.1,84,10.1,9.6,198,2018-04-13
13.2,83,1.0,12.1,139,2018-04-14
13.5,73,1.8,16.9,223,2018-04-15
12.7,80,8.6,11.6,2,2018-04-16
16.1,66,0.0,13.9,212,2018-04-17
18.7,68,0.0,15.4,182,2018-04-18
20.4,57,0.0,14.5,179,2018-04-19
18.8,63,0.0,12.6,152,2018-04-20
19.8,60,0.0,16.2,184,2018-04-21
18.0,71,2.2,11.9,283,2018-04-22
15.1,91,5.0,12.2,3,2018-04-23
16.5,87,0.0,12.6,12,2018-04-24
14.4,87,0.6,15.8,342,2018-04-25
13.5,76,0.3,11.3,33,2018-04-26
11.8,82,0.5,18.4,310,2018-04-27
11.5,87,6.2,12.5,41,2018-04-28
11.2,80,5.1,18.7,292,2018-04-29
9.0,83,11.1,14.8,263,2018-04-30
10.2,80,2.9,10.0,331,2018-05-01
11.4,80,5.0,15.1,262,2018-05-02
11.5,78,2.9,20.3,333,2018-05-03
12.0,77,1.2,20.0,341,2018-05-04
12.6,85,0.0,11.4,314,2018-05-05
16.2,78,0.0,10.8,335,2018-05-06
17.1,81,0.0,11.4,326,2018-05-07
14.9,88,0.0,19.2,314,2018-05-08
13.8,84,0.3,15.5,329,2018-05-09
12.8,79,2.0,16.2,336,2018-05-10
13.6,74,0.1,17.3,254,2018-05-11
11.3,85,17.2,20.9,303,2018-05-12
9.9,82,9.1,21.9,284,2018-05-13
12.1,82,8.0,18.2,323,2018-05-14
12.4,79,0.1,18.5,310,2018-05-15
13.7,80,0.4,13.1,328,2018-05-16
13.4,85,0.0,12.6,346,2018-05-17
15.0,88,0.1,12.1,323,2018-05-18
15.5,86,0.0,12.8,313,2018-05-19
15.9,81,0.1,12.0,333,2018-05-20
16.4,82,0.6,14.0,265,2018-05-21
16.8,79,0.0,12.1,330,2018-05-22
16.9,84,1.1,9.7,311,2018-05-23
18.3,88,1.4,12.1,325,2018-05-24
17.4,91,15.2,10.8,346,2018-05-25
17.9,88,9.4,15.6,260,2018-05-26
17.0,90,1.8,14.4,21,2018-05-27
16.2,89,2.6,14.6,342,2018-05-28
16.4,86,0.0,14.8,323,2018-05-29
16.5,87,1.9,12.6,10,2018-05-30
16.5,88,3.3,12.9,27,2018-05-31
16.8,91,6.5,12.3,359,2018-06-01
18.9,87,1.5,8.5,317,2018-06-02
17.9,92,6.2,12.6,301,2018-06-03
16.3,88,6.0,10.4,327,2018-06-04
15.3,85,11.8,10.9,327,2018-06-05
15.7,84,1.7,13.1,317,2018-06-06
18.1,85,2.8,11.8,72,2018-06-07
19.8,80,5.9,11.9,180,2018-06-08
19.3,78,2.3,12.5,181,2018-06-09
17.9,76,5.5,13.0,208,2018-06-10
16.7,88,7.1,13.6,320,2018-06-11
16.9,89,16.6,26.6,290,2018-06-12
16.7,82,2.6,21.3,313,2018-06-13
16.3,83,0.4,13.3,325,2018-06-14
16.5,88,0.4,11.7,324,2018-06-15
17.4,85,0.9,13.5,352,2018-06-16
17.1,84,0.3,14.0,330,2018-06-17
16.5,88,0.7,13.6,330,2018-06-18
18.5,87,0.7,9.8,41,2018-06-19
20.1,89,0.0,14.1,323,2018-06-20
20.6,88,0.2,15.2,332,2018-06-21
19.8,86,0.1,13.7,331,2018-06-22
18.4,77,0.0,12.1,22,2018-06-23
20.1,74,0.0,10.8,82,2018-06-24
20.9,74,0.0,11.5,36,2018-06-25
20.4,80,0.0,12.9,320,2018-06-26
19.2,88,1.7,17.4,335,2018-06-27
19.1,87,1.2,13.4,334,2018-06-28
21.8,83,0.0,13.7,349,2018-06-29
23.0,84,6.7,9.5,160,2018-06-30
22.5,87,13.9,11.9,318,2018-07-01
21.2,84,0.3,13.0,323,2018-07-02
20.7,88,1.9,13.6,351,2018-07-03
19.8,94,12.9,16.5,339,2018-07-04
19.2,85,1.7,19.9,306,2018-07-05
19.8,83,0.3,14.7,38,2018-07-06
20.8,86,0.3,13.2,360,2018-07-07
21.8,88,0.5,12.1,320,2018-07-08
22.5,82,0.0,11.6,321,2018-07-09
22.6,84,0.0,11.3,326,2018-07-10
21.3,85,2.9,11.9,332,2018-07-11
20.4,85,2.7,11.9,331,2018-07-12
20.9,81,1.1,14.0,354,2018-07-13
22.5,87,0.0,12.7,329,2018-07-14
22.0,87,7.5,16.4,309,2018-07-15
20.3,84,7.1,24.5,302,2018-07-16
20.6,82,0.1,15.2,35,2018-07-17
22.8,85,0.5,13.4,352,2018-07-18
22.0,87,1.8,16.8,326,2018-07-19
19.2,87,10.1,15.8,315,2018-07-20
19.1,81,4.8,13.0,304,2018-07-21
19.6,86,2.3,12.0,321,2018-07-22
21.8,83,0.0,10.5,110,2018-07-23
22.2,88,0.0,12.4,326,2018-07-24
22.6,87,0.9,13.6,14,2018-07-25
21.9,89,0.9,12.3,339,2018-07-26
21.9,89,2.7,18.1,323,2018-07-27
20.6,87,3.3,13.0,346,2018-07-28
21.0,86,0.8,18.0,333,2018-07-29
22.1,81,0.0,13.7,341,2018-07-30
20.5,91,8.7,17.0,326,2018-07-31
21.2,85,2.1,14.1,17,2018-08-01
23.0,84,0.0,10.1,359,2018-08-02
24.8,80,0.0,10.1,310,2018-08-03
23.4,81,0.0,12.9,322,2018-08-04
23.9,81,0.0,11.2,329,2018-08-05
26.6,72,0.0,8.3,228,2018-08-06
22.1,78,0.0,20.1,313,2018-08-07
20.9,80,2.5,17.1,25,2018-08-08
19.0,78,12.6,23.0,301,2018-08-09
19.5,76,0.4,15.1,62,2018-08-10
20.8,80,0.0,10.6,356,2018-08-11
21.7,81,0.6,16.0,333,2018-08-12
20.7,85,4.1,18.6,320,2018-08-13
20.1,83,3.8,16.7,320,2018-08-14
20.9,81,0.2,12.3,46,2018-08-15
20.4,89,3.9,16.4,316,2018-08-16
18.8,88,10.4,14.0,342,2018-08-17
18.7,77,0.8,12.7,6,2018-08-18
19.2,82,0.0,13.1,344,2018-08-19
19.7,84,0.0,12.6,310,2018-08-20
20.9,84,0.0,14.5,5,2018-08-21
22.1,85,0.0,12.9,314,2018-08-22
21.6,88,0.8,14.0,332,2018-08-23
19.6,87,3.3,12.9,330,2018-08-24
19.0,77,1.0,13.7,322,2018-08-25
19.2,77,0.0,13.0,307,2018-08-26
20.9,78,0.0,12.1,27,2018-08-27
22.5,83,0.0,16.9,311,2018-08-28
20.0,91,6.2,14.7,335,2018-08-29
20.1,82,0.6,13.0,39,2018-08-30
20.1,81,0.0,13.4,338,2018-08-31
20.6,81,0.5,13.3,64,2018-09-01
20.3,72,0.0,13.0,67,2018-09-02
19.7,77,0.0,13.3,330,2018-09-03
19.9,81,0.1,13.5,322,2018-09-04
19.0,88,11.6,14.4,293,2018-09-05
18.9,91,12.0,13.0,314,2018-09-06
19.0,83,3.1,12.5,22,2018-09-07
20.8,79,0.0,8.9,198,2018-09-08
20.7,86,2.3,11.0,297,2018-09-09
20.3,85,1.0,12.2,24,2018-09-10
20.7,84,0.0,11.4,162,2018-09-11
21.5,82,0.0,17.7,296,2018-09-12
20.3,86,1.6,10.9,339,2018-09-13
19.6,85,0.3,12.1,30,2018-09-14
20.5,79,0.0,11.6,73,2018-09-15
20.1,84,0.0,16.3,319,2018-09-16
23.6,73,0.3,17.2,190,2018-09-17
21.9,78,0.0,14.1,12,2018-09-18
21.3,86,0.0,15.4,335,2018-09-19
21.8,85,0.0,14.5,358,2018-09-20
20.3,81,0.3,17.4,340,2018-09-21
21.8,79,0.1,10.9,17,2018-09-22
20.7,82,0.3,18.7,303,2018-09-23
17.4,79,5.0,13.8,8,2018-09-24
15.4,72,0.0,11.6,356,2018-09-25
19.4,70,0.0,17.5,168,2018-09-26
24.1,58,0.0,16.1,205,2018-09-27
20.0,81,0.0,13.0,324,2018-09-28
18.8,84,0.0,11.9,336,2018-09-29
16.5,80,0.0,11.8,289,2018-09-30
16.2,69,3.0,18.2,357,2018-10-01
15.4,61,0.0,12.4,14,2018-10-02
14.8,73,0.0,10.7,74,2018-10-03
16.8,76,0.0,10.1,177,2018-10-04
18.9,66,0.0,14.2,215,2018-10-05
15.2,81,3.2,29.3,286,2018-10-06
13.5,83,15.5,23.0,303,2018-10-07
15.3,90,12.2,15.9,350,2018-10-08
15.4,82,0.0,10.2,139,2018-10-09
17.5,67,0.3,22.4,175,2018-10-10
19.1,70,1.9,21.7,187,2018-10-11
21.7,57,0.0,26.7,188,2018-10-12
23.7,51,0.0,20.4,184,2018-10-13
17.0,81,14.5,21.2,263,2018-10-14
15.4,76,0.0,12.4,192,2018-10-15
15.2,85,0.3,11.9,342,2018-10-16
15.3,88,0.0,11.2,140,2018-10-17
16.5,95,2.7,11.5,341,2018-10-18
17.1,92,0.1,15.8,323,2018-10-19
16.8,88,0.5,10.9,330,2018-10-20
17.1,90,0.0,10.9,242,2018-10-21
16.2,84,0.3,16.5,325,2018-10-22
14.4,86,0.3,13.0,349,2018-10-23
13.3,85,0.0,9.8,285,2018-10-24
13.2,86,0.0,9.0,266,2018-10-25
13.9,91,5.4,14.1,292,2018-10-26
10.2,87,19.8,22.3,319,2018-10-27
7.8,88,10.3,17.4,311,2018-10-28
8.3,86,19.0,27.2,315,2018-10-29
10.1,71,0.1,18.1,183,2018-10-30
10.7,87,4.4,8.3,246,2018-10-31
12.2,83,4.3,10.4,257,2018-11-01
12.4,89,8.6,13.2,297,2018-11-02
10.2,84,0.0,6.2,162,2018-11-03
11.1,73,0.8,18.4,185,2018-11-04
12.5,74,4.7,19.9,178,2018-11-05
12.0,73,15.3,29.2,209,2018-11-06
14.0,73,4.6,28.2,198,2018-11-07
11.8,75,0.0,15.7,167,2018-11-08
12.8,72,5.4,27.6,206,2018-11-09
16.1,72,1.8,27.9,208,2018-11-10
16.0,72,9.3,24.5,196,2018-11-11
12.9,92,11.7,11.2,321,2018-11-12
13.0,94,1.1,10.0,80,2018-11-13
14.8,80,0.0,16.5,195,2018-11-14
16.3,77,0.0,14.8,186,2018-11-15
14.9,82,0.0,13.0,191,2018-11-16
15.1,80,0.0,15.0,189,2018-11-17
12.3,85,7.3,13.2,144,2018-11-18
10.7,88,0.6,10.1,74,2018-11-19
8.1,87,3.5,10.7,50,2018-11-20
9.9,79,0.7,17.3,177,2018-11-21
12.1,63,0.0,18.1,176,2018-11-22
11.8,71,1.5,16.9,198,2018-11-23
12.7,60,0.0,20.3,201,2018-11-24
10.9,76,7.1,21.2,253,2018-11-25
9.5,90,17.6,21.4,293,2018-11-26
10.9,78,3.1,11.5,216,2018-11-27
12.8,56,0.0,21.5,205,2018-11-28
13.5,50,3.0,26.9,199,2018-11-29
10.2,84,2.6,17.2,239,2018-11-30
11.5,73,3.4,17.8,202,2018-12-01
14.3,67,0.0,20.9,208,2018-12-02
14.2,75,2.5,19.8,210,2018-12-03
13.8,85,0.0,9.7,194,2018-12-04
14.1,71,0.0,14.7,213,2018-12-05
12.2,81,0.7,10.2,221,2018-12-06
11.0,83,4.4,14.5,229,2018-12-07
10.7,80,0.1,10.7,238,2018-12-08
11.7,83,3.5,17.6,263,2018-12-09
10.1,90,0.4,7.2,148,2018-12-10
8.3,86,0.0,8.2,203,2018-12-11
10.3,83,1.0,19.6,190,2018-12-12
11.1,78,11.0,28.4,259,2018-12-13
9.9,87,4.9,21.0,285,2018-12-14
13.1,71,2.0,26.1,208,2018-12-15
11.2,88,13.5,20.0,282,2018-12-16
8.6,75,0.0,14.8,199,2018-12-17
11.1,50,0.2,32.5,183,2018-12-18
10.3,76,0.6,19.1,211,2018-12-19
11.3,72,0.0,16.1,204,2018-12-20
14.1,66,0.0,24.5,208,2018-12-21
14.3,73,0.0,16.9,207,2018-12-22
11.8,76,0.0,11.5,198,2018-12-23
9.9,84,0.0,9.2,206,2018-12-24
9.5,93,0.0,10.9,154,2018-12-25
10.8,77,0.0,14.4,198,2018-12-26
8.1,82,0.0,10.5,216,2018-12-27
10.0,90,1.1,8.9,266,2018-12-28
9.9,92,1.2,11.2,357,2018-12-29
6.6,90,0.0,6.6,143,2018-12-30
5.8,94,0.0,6.0,137,2018-12-31
6.2,92,0.0,6.2,255,2019-01-01
7.5,86,0.0,11.7,37,2019-01-02
4.5,83,0.0,7.3,163,2019-01-03
1.9,86,0.0,7.5,188,2019-01-04
2.9,82,0.0,7.8,205,2019-01-05
4.8,88,0.0,8.4,206,2019-01-06
5.9,83,0.0,8.6,86,2019-01-07
7.4,84,0.0,9.9,253,2019-01-08
9.1,85,3.3,16.8,335,2019-01-09
6.8,71,0.4,17.6,22,2019-01-10
5.8,75,0.2,9.2,57,2019-01-11
7.3,93,6.1,13.8,305,2019-01-12
9.2,85,0.3,12.2,279,2019-01-13
10.1,90,2.9,14.0,291,2019-01-14
8.7,90,0.5,7.7,120,2019-01-15
8.1,72,0.0,13.5,210,2019-01-16
8.2,85,10.7,15.5,268,2019-01-17
6.2,89,1.2,10.9,192,2019-01-18
7.9,77,1.6,17.2,201,2019-01-19
8.9,90,9.3,17.6,310,2019-01-20
7.9,84,7.6,14.8,337,2019-01-21
6.7,88,16.1,22.8,256,2019-01-22
9.2,91,32.7,37.9,306,2019-01-23
8.2,92,23.0,25.6,351,2019-01-24
10.6,91,9.4,23.5,319,2019-01-25
10.0,86,0.7,9.5,251,2019-01-26
8.6,77,6.8,33.1,293,2019-01-27
9.3,82,10.0,31.8,301,2019-01-28
8.7,86,15.9,32.4,268,2019-01-29
8.3,74,6.0,24.7,253,2019-01-30
11.9,84,28.8,21.3,223,2019-01-31
9.4,80,7.7,25.0,207,2019-02-01
6.6,83,18.7,33.4,313,2019-02-02
6.4,81,3.6,17.0,338,2019-02-03
5.8,80,0.6,11.3,201,2019-02-04
10.2,85,1.7,9.7,196,2019-02-05
10.3,85,0.0,11.3,212,2019-02-06
9.2,86,0.9,16.1,225,2019-02-07
9.4,74,0.0,17.1,210,2019-02-08
12.4,63,0.0,18.5,206,2019-02-09
11.7,73,4.4,29.7,243,2019-02-10
8.6,89,5.8,14.3,298,2019-02-11
7.2,86,0.0,8.9,157,2019-02-12
8.2,77,0.0,8.9,188,2019-02-13
11.4,67,0.0,18.0,198,2019-02-14
12.4,60,0.0,18.4,198,2019-02-15
11.6,65,0.0,17.7,191,2019-02-16
12.6,45,0.0,19.5,189,2019-02-17
11.5,64,0.9,16.9,216,2019-02-18
9.7,92,6.2,13.0,335,2019-02-19
10.3,80,0.0,14.0,208,2019-02-20
12.4,69,0.0,14.1,193,2019-02-21
13.3,64,0.0,12.7,195,2019-02-22
11.4,68,0.0,12.8,258,2019-02-23
11.2,77,0.0,9.6,219,2019-02-24
11.8,76,0.0,10.4,216,2019-02-25
13.7,70,0.0,15.2,194,2019-02-26
14.9,54,0.0,16.2,222,2019-02-27
11.4,79,0.0,11.6,302,2019-02-28
9.9,84,0.0,12.3,247,2019-03-01
11.8,81,0.0,12.2,221,2019-03-02
15.4,53,0.0,27.0,205,2019-03-03
12.7,72,6.8,29.5,295,2019-03-04
13.3,61,0.3,20.9,193,2019-03-05
15.2,58,3.3,28.1,189,2019-03-06
11.0,62,0.9,22.4,224,2019-03-07
10.9,79,9.3,14.2,293,2019-03-08
13.2,74,0.4,12.4,212,2019-03-09
12.0,88,1.2,16.1,288,2019-03-10
10.9,76,1.3,11.2,8,2019-03-11
11.6,69,2.3,19.7,270,2019-03-12
9.2,83,4.7,22.9,296,2019-03-13
9.8,80,2.9,19.0,287,2019-03-14
10.5,78,0.0,11.9,273,2019-03-15
12.7,75,0.0,14.9,214,2019-03-16
9.5,82,2.3,18.7,302,2019-03-17
9.2,80,4.3,15.0,319,2019-03-18
9.6,88,9.6,13.8,348,2019-03-19
9.3,76,0.9,14.0,7,2019-03-20
9.5,81,0.3,10.5,309,2019-03-21
10.9,70,0.0,11.7,218,2019-03-22
12.1,68,0.0,11.8,231,2019-03-23
11.2,83,0.0,13.1,304,2019-03-24
10.8,81,0.2,16.6,355,2019-03-25
9.4,71,0.1,14.8,32,2019-03-26
8.9,77,0.0,14.6,333,2019-03-27
9.6,83,0.0,12.8,307,2019-03-28
11.2,75,0.0,10.5,210,2019-03-29
14.6,56,0.0,17.3,196,2019-03-30
12.6,68,0.0,11.7,181,2019-03-31
12.8,78,3.5,9.2,175,2019-04-01
11.2,85,3.5,18.4,301,2019-04-02
8.2,85,9.4,20.6,286,2019-04-03
9.7,59,1.0,14.6,218,2019-04-04
11.3,67,4.3,18.6,197,2019-04-05
9.8,75,2.7,19.6,230,2019-04-06
9.7,76,0.9,13.1,256,2019-04-07
12.1,76,7.2,17.7,233,2019-04-08
10.7,77,5.3,17.3,227,2019-04-09
9.4,86,7.5,14.5,301,2019-04-10
10.7,88,5.0,18.0,307,2019-04-11
11.2,79,2.0,11.4,337,2019-04-12
11.1,74,0.0,13.0,164,2019-04-13
14.7,74,0.0,10.9,327,2019-04-14
15.5,83,14.4,19.5,217,2019-04-15
13.8,74,0.0,16.1,101,2019-04-16
17.5,62,0.0,22.1,158,2019-04-17
15.1,80,12.0,16.6,144,2019-04-18
15.4,80,1.9,13.4,22,2019-04-19
14.2,75,0.5,14.1,318,2019-04-20
12.6,82,0.8,12.8,353,2019-04-21
14.9,73,0.1,13.7,187,2019-04-22
13.9,78,8.0,17.8,220,2019-04-23
12.4,68,2.6,27.4,186,2019-04-24
13.8,58,0.3,25.0,213,2019-04-25
11.9,73,2.5,21.4,280,2019-04-26
11.6,82,1.4,14.3,278,2019-04-27
12.6,80,0.6,13.7,31,2019-04-28
12.2,80,0.0,12.4,72,2019-04-29
13.7,80,0.0,13.8,0,2019-04-30
12.3,79,0.0,19.0,306,2019-05-01
12.6,80,0.5,14.5,319,2019-05-02
11.5,87,8.6,18.5,330,2019-05-03
11.7,81,0.9,21.0,323,2019-05-04
9.7,68,0.4,13.4,61,2019-05-05
11.6,67,0.0,12.1,108,2019-05-06
13.7,79,0.1,11.2,241,2019-05-07
16.0,71,7.6,22.1,206,2019-05-08
14.2,67,2.0,12.4,199,2019-05-09
16.9,86,8.9,20.3,346,2019-05-10
14.3,83,3.2,20.4,318,2019-05-11
13.8,79,0.0,13.2,62,2019-05-12
13.9,68,0.0,14.1,10,2019-05-13
13.9,71,0.0,12.0,26,2019-05-14
15.3,69,0.0,11.5,13,2019-05-15
13.7,78,0.3,22.4,299,2019-05-16
12.2,88,12.0,24.5,296,2019-05-17
10.4,81,12.8,21.5,265,2019-05-18
11.9,89,29.3,20.8,291,2019-05-19
12.1,82,0.3,10.6,327,2019-05-20
13.9,81,0.0,14.3,39,2019-05-21
15.5,79,0.0,10.7,96,2019-05-22
15.6,83,3.3,14.9,314,2019-05-23
14.3,88,6.8,21.5,313,2019-05-24
13.9,88,6.2,19.8,321,2019-05-25
14.2,89,5.6,17.7,320,2019-05-26
14.4,90,5.0,15.5,313,2019-05-27
13.6,83,7.3,23.7,313,2019-05-28
14.7,81,5.3,15.5,334,2019-05-29
16.7,77,0.0,11.2,98,2019-05-30
19.9,76,0.0,10.4,101,2019-05-31
22.6,71,0.0,12.4,199,2019-06-01
20.5,71,0.0,15.9,345,2019-06-02
18.8,78,0.2,14.4,1,2019-06-03
16.9,85,2.1,17.2,331,2019-06-04
14.0,83,23.3,22.2,301,2019-06-05
17.2,63,0.7,20.4,170,2019-06-06
16.0,59,1.3,23.5,252,2019-06-07
14.8,74,0.1,17.1,39,2019-06-08
14.8,88,4.3,18.0,343,2019-06-09
13.8,81,2.1,12.0,320,2019-06-10
13.5,80,7.8,23.8,296,2019-06-11
13.9,69,0.1,18.0,296,2019-06-12
14.0,83,0.4,17.4,359,2019-06-13
14.8,85,0.7,13.8,8,2019-06-14
15.5,78,0.1,14.8,341,2019-06-15
16.9,79,0.0,14.1,45,2019-06-16
18.8,81,0.0,15.5,318,2019-06-17
21.8,71,0.0,19.9,236,2019-06-18
19.0,81,0.4,15.3,341,2019-06-19
17.2,87,2.3,12.3,354,2019-06-20
16.3,84,15.1,12.0,1,2019-06-21
19.1,72,0.0,13.7,104,2019-06-22
20.6,75,0.0,14.3,330,2019-06-23
19.2,86,0.4,15.3,315,2019-06-24
19.8,83,0.0,13.4,351,2019-06-25
25.7,70,0.0,20.6,166,2019-06-26
26.2,68,0.0,18.7,10,2019-06-27
21.0,78,0.0,13.4,347,2019-06-28
19.2,86,0.0,16.1,344,2019-06-29
19.0,84,0.4,14.7,341,2019-06-30
19.0,80,1.4,15.5,330,2019-07-01
19.0,87,0.7,12.0,326,2019-07-02
21.6,83,2.1,16.8,356,2019-07-03
25.5,75,0.0,14.6,41,2019-07-04
23.8,78,0.1,13.3,7,2019-07-05
21.2,83,0.0,15.6,342,2019-07-06
20.5,81,0.0,13.9,352,2019-07-07
19.8,89,14.2,15.3,348,2019-07-08
19.8,86,14.4,23.1,305,2019-07-09
20.2,76,0.0,13.0,330,2019-07-10
20.3,76,0.0,11.9,332,2019-07-11
20.7,77,0.0,12.2,353,2019-07-12
21.1,83,0.0,13.6,29,2019-07-13
21.3,83,1.8,15.6,322,2019-07-14
20.3,77,0.0,13.4,343,2019-07-15
19.7,80,0.0,15.2,336,2019-07-16
20.5,82,0.1,14.2,336,2019-07-17
20.0,79,0.7,14.1,336,2019-07-18
21.6,75,0.0,14.2,19,2019-07-19
21.6,81,0.1,17.5,337,2019-07-20
21.6,85,2.2,16.6,11,2019-07-21
24.3,78,0.0,13.3,3,2019-07-22
26.9,68,0.0,15.0,222,2019-07-23
25.9,77,0.0,10.9,13,2019-07-24
23.7,83,0.3,17.0,329,2019-07-25
19.4,90,15.5,15.3,317,2019-07-26
17.5,91,15.3,14.0,307,2019-07-27
19.0,81,3.7,12.1,345,2019-07-28
19.1,78,1.0,19.8,317,2019-07-29
18.8,74,2.9,18.1,319,2019-07-30
18.8,74,0.0,12.6,40,2019-07-31
19.2,89,16.1,13.9,353,2019-08-01
20.2,84,0.0,11.8,22,2019-08-02
21.0,85,0.0,12.9,333,2019-08-03
20.6,87,0.5,13.0,330,2019-08-04
21.1,84,0.0,13.8,357,2019-08-05
21.0,84,0.2,13.4,326,2019-08-06
23.0,78,1.2,12.2,50,2019-08-07
27.3,62,0.1,17.3,206,2019-08-08
26.8,59,0.1,22.4,220,2019-08-09
20.6,81,4.9,14.1,19,2019-08-10
18.3,86,19.0,14.1,351,2019-08-11
17.4,79,1.2,20.4,307,2019-08-12
17.7,77,0.7,11.9,5,2019-08-13
19.1,76,0.0,13.0,303,2019-08-14
19.9,82,1.9,12.3,334,2019-08-15
19.5,79,0.0,12.2,331,2019-08-16
21.6,73,0.0,15.2,15,2019-08-17
19.6,86,3.2,20.6,325,2019-08-18
18.1,85,3.3,11.7,358,2019-08-19
19.0,77,2.0,15.0,18,2019-08-20
19.6,78,0.0,13.6,6,2019-08-21
19.5,78,0.0,12.7,346,2019-08-22
22.2,70,0.0,10.2,203,2019-08-23
21.9,69,0.0,16.8,304,2019-08-24
21.3,83,0.0,15.1,12,2019-08-25
22.4,82,0.0,15.1,348,2019-08-26
21.5,86,1.6,11.8,341,2019-08-27
22.8,85,0.2,14.9,7,2019-08-28
22.5,81,0.0,14.5,30,2019-08-29
22.3,81,0.0,13.8,354,2019-08-30
21.6,85,0.5,14.0,343,2019-08-31
19.6,91,6.7,16.5,3,2019-09-01
18.8,71,0.1,14.1,1,2019-09-02
18.5,71,0.0,12.7,28,2019-09-03
17.6,78,0.4,17.9,318,2019-09-04
17.6,78,11.3,15.2,347,2019-09-05
17.2,69,0.1,15.7,9,2019-09-06
17.1,75,0.2,14.8,320,2019-09-07
17.8,73,0.7,13.4,350,2019-09-08
15.7,76,0.8,13.7,286,2019-09-09
15.5,83,14.5,24.0,318,2019-09-10
18.1,76,2.5,21.6,352,2019-09-11
17.8,82,0.1,13.1,50,2019-09-12
17.9,87,0.0,10.8,303,2019-09-13
21.7,77,0.0,13.5,88,2019-09-14
21.1,82,3.5,10.8,206,2019-09-15
21.4,85,0.9,9.9,316,2019-09-16
20.6,86,0.0,10.9,312,2019-09-17
19.5,91,7.9,12.1,302,2019-09-18
18.9,83,0.0,12.6,309,2019-09-19
22.1,72,0.6,16.2,176,2019-09-20
23.5,61,0.0,20.3,180,2019-09-21
19.3,78,13.2,15.8,348,2019-09-22
19.1,74,1.0,12.9,196,2019-09-23
20.6,67,3.2,23.7,230,2019-09-24
18.5,80,1.3,14.0,296,2019-09-25
18.4,79,0.0,15.1,21,2019-09-26
18.8,83,1.3,15.0,283,2019-09-27
18.9,82,0.1,11.5,64,2019-09-28
19.8,62,0.0,13.0,235,2019-09-29
21.3,78,0.1,8.7,160,2019-09-30
18.9,84,7.2,15.2,300,2019-10-01
16.7,86,7.1,17.5,293,2019-10-02
16.3,82,0.0,10.4,225,2019-10-03
16.8,85,2.0,13.0,301,2019-10-04
17.5,85,0.1,12.8,13,2019-10-05
16.1,88,3.1,15.5,296,2019-10-06
17.1,76,0.0,8.3,189,2019-10-07
17.9,76,1.5,19.2,289,2019-10-08
16.8,81,3.3,16.2,302,2019-10-09
15.5,80,0.0,11.4,149,2019-10-10
18.8,69,0.0,14.7,203,2019-10-11
22.5,62,0.0,19.2,178,2019-10-12
22.3,57,0.0,21.1,190,2019-10-13
17.2,78,17.0,12.1,289,2019-10-14
15.1,63,1.1,13.6,215,2019-10-15
18.4,54,1.3,26.3,204,2019-10-16
18.5,74,7.3,22.1,216,2019-10-17
16.3,85,3.4,7.1,82,2019-10-18
16.8,74,4.1,13.1,194,2019-10-19
13.0,89,41.3,19.8,281,2019-10-20
11.4,85,4.6,9.1,204,2019-10-21
11.0,94,12.8,13.3,346,2019-10-22
14.5,89,10.6,17.9,274,2019-10-23
13.9,81,19.4,17.4,217,2019-10-24
16.8,75,0.0,15.7,191,2019-10-25
18.9,62,0.0,17.7,193,2019-10-26
18.6,65,0.0,14.3,190,2019-10-27
19.4,70,0.0,13.4,201,2019-10-28
16.8,85,0.1,8.9,229,2019-10-29
18.3,75,1.1,15.9,208,2019-10-30
16.9,92,4.1,9.3,297,2019-10-31
18.5,88,7.0,12.6,201,2019-11-01
15.7,92,14.0,10.5,243,2019-11-02
15.1,68,7.6,39.7,260,2019-11-03
15.4,76,24.4,26.3,243,2019-11-04
11.6,78,6.3,23.1,258,2019-11-05
12.4,86,4.7,18.5,261,2019-11-06
10.7,83,12.5,18.2,273,2019-11-07
9.4,80,8.1,30.1,269,2019-11-08
10.3,87,20.1,23.4,255,2019-11-09
8.9,91,17.6,21.8,280,2019-11-10
10.4,81,6.1,35.2,296,2019-11-11
11.0,84,8.8,12.6,250,2019-11-12
11.4,86,9.6,14.3,295,2019-11-13
8.6,83,16.9,17.8,253,2019-11-14
7.3,87,7.8,26.0,268,2019-11-15
7.2,87,8.3,21.2,247,2019-11-16
8.9,86,19.2,18.7,230,2019-11-17
9.1,85,6.0,16.8,331,2019-11-18
8.2,81,0.0,11.3,190,2019-11-19
10.2,67,0.3,20.2,186,2019-11-20
11.0,69,0.0,16.1,201,2019-11-21
11.7,69,3.6,31.1,176,2019-11-22
11.1,81,29.1,32.5,264,2019-11-23
11.4,77,5.0,20.3,217,2019-11-24
13.9,84,1.2,18.5,205,2019-11-25
16.5,70,0.3,25.3,200,2019-11-26
13.5,76,3.0,16.4,217,2019-11-27
12.0,90,12.0,11.4,194,2019-11-28
12.6,89,0.7,8.6,249,2019-11-29
12.7,85,17.7,23.9,198,2019-11-30
10.1,83,3.3,14.1,229,2019-12-01
9.1,93,7.0,17.6,17,2019-12-02
7.2,83,0.3,9.2,29,2019-12-03
6.3,85,0.8,13.4,279,2019-12-04
10.3,92,0.8,9.9,340,2019-12-05
9.5,88,0.0,9.8,208,2019-12-06
9.5,86,0.0,9.6,208,2019-12-07
10.4,85,8.7,17.6,224,2019-12-08
10.3,87,4.4,24.6,288,2019-12-09
10.7,79,0.1,14.7,202,2019-12-10
10.4,72,8.9,20.1,256,2019-12-11
10.6,84,31.5,24.6,230,2019-12-12
15.0,82,11.0,33.5,284,2019-12-13
13.4,70,0.0,20.6,211,2019-12-14
14.9,60,0.0,24.8,202,2019-12-15
13.6,63,0.0,20.7,168,2019-12-16
10.0,85,5.8,12.6,292,2019-12-17
12.0,63,0.0,28.3,187,2019-12-18
15.3,62,2.2,33.5,160,2019-12-19
12.7,81,17.5,21.1,208,2019-12-20
13.2,76,4.8,24.7,202,2019-12-21
12.0,72,2.6,27.1,269,2019-12-22
11.3,72,0.0,18.8,212,2019-12-23
14.1,74,0.0,16.8,207,2019-12-24
13.3,74,0.0,14.7,197,2019-12-25
13.5,72,0.1,20.8,284,2019-12-26
6.8,88,0.0,8.7,179,2019-12-27
6.8,88,0.0,7.3,181,2019-12-28
8.0,83,0.0,10.7,189,2019-12-29
6.3,68,0.0,11.9,194,2019-12-30
6.1,77,0.0,7.6,192,2019-12-31
7.2,84,0.0,9.0,212,2020-01-01
7.5,69,0.0,12.6,197,2020-01-02
7.5,80,2.2,11.3,209,2020-01-03
9.4,94,2.7,10.9,330,2020-01-04
8.0,90,0.0,6.7,102,2020-01-05
7.0,86,0.0,11.4,208,2020-01-06
8.6,87,0.0,9.3,204,2020-01-07
9.8,82,0.0,8.8,205,2020-01-08
11.6,72,0.4,23.0,207,2020-01-09
9.6,83,2.0,14.1,296,2020-01-10
8.7,87,0.1,7.6,193,2020-01-11
5.9,79,0.0,9.4,200,2020-01-12
7.4,66,0.0,24.3,207,2020-01-13
11.1,59,0.0,29.5,200,2020-01-14
13.1,64,0.0,35.1,192,2020-01-15
13.8,62,0.6,20.0,170,2020-01-16
10.8,74,4.8,18.6,261,2020-01-17
9.6,76,4.1,21.3,175,2020-01-18
8.2,77,6.9,24.5,24,2020-01-19
5.8,71,0.2,19.1,38,2020-01-20
5.7,84,0.1,12.0,354,2020-01-21
8.0,89,3.3,6.5,320,2020-01-22
7.7,85,0.0,10.0,191,2020-01-23
10.0,76,1.4,15.1,191,2020-01-24
9.2,86,2.3,9.4,205,2020-01-25
9.0,81,1.3,16.3,208,2020-01-26
12.2,65,0.8,27.7,208,2020-01-27
11.6,78,2.8,15.3,277,2020-01-28
11.3,80,2.5,19.4,200,2020-01-29
15.0,70,3.1,22.6,212,2020-01-30
15.1,74,0.0,15.0,201,2020-01-31
16.5,80,1.9,18.7,199,2020-02-01
18.0,66,0.0,21.9,210,2020-02-02
16.9,62,0.0,16.6,210,2020-02-03
11.8,89,4.7,13.1,336,2020-02-04
8.6,76,0.0,13.2,56,2020-02-05
9.6,69,0.0,18.9,188,2020-02-06
11.8,70,0.0,15.9,194,2020-02-07
10.7,84,1.2,14.7,205,2020-02-08
13.1,71,0.0,24.5,202,2020-02-09
14.8,78,0.4,23.9,227,2020-02-10
12.2,91,7.8,12.7,315,2020-02-11
11.6,87,0.5,12.4,130,2020-02-12
13.8,76,0.6,17.7,231,2020-02-13
12.9,82,0.0,10.2,133,2020-02-14
12.7,73,0.0,20.4,206,2020-02-15
17.2,56,0.0,30.4,203,2020-02-16
12.4,82,6.6,20.9,291,2020-02-17
9.0,82,0.8,12.6,285,2020-02-18
8.5,82,0.4,8.4,183,2020-02-19
9.6,72,0.0,17.2,234,2020-02-20
10.6,83,0.0,11.2,131,2020-02-21
10.2,86,0.0,15.3,265,2020-02-22
10.6,87,0.0,11.2,237,2020-02-23
8.8,91,0.0,13.4,273,2020-02-24
10.6,89,4.8,18.2,254,2020-02-25
9.6,86,9.3,22.3,287,2020-02-26
12.1,77,3.2,19.8,235,2020-02-27
13.3,75,0.2,10.5,202,2020-02-28
13.1,71,12.3,30.2,208,2020-02-29
11.9,79,4.1,24.4,228,2020-03-01
9.6,83,28.7,32.6,280,2020-03-02
10.9,78,7.7,39.2,260,2020-03-03
13.4,88,4.6,9.0,190,2020-03-04
13.5,75,11.1,30.6,259,2020-03-05
7.9,84,10.8,29.8,287,2020-03-06
10.2,89,3.6,19.1,314,2020-03-07
9.9,80,0.7,14.0,242,2020-03-08
10.3,87,3.4,18.1,296,2020-03-09
10.6,84,0.0,13.7,220,2020-03-10
12.2,85,0.0,12.3,189,2020-03-11
11.7,93,3.8,10.9,356,2020-03-12
10.8,83,1.6,11.6,29,2020-03-13
8.0,81,0.0,9.2,175,2020-03-14
10.7,79,10.1,20.6,272,2020-03-15
9.2,93,30.4,17.8,339,2020-03-16
11.6,89,1.2,10.6,1,2020-03-17
13.2,85,0.0,11.6,194,2020-03-18
15.0,75,0.0,14.8,186,2020-03-19
15.3,55,0.0,15.3,178,2020-03-20
15.4,61,0.0,12.4,183,2020-03-21
12.2,85,0.0,15.1,321,2020-03-22
12.5,86,0.1,11.4,38,2020-03-23
12.5,84,0.1,11.1,100,2020-03-24
10.4,83,0.1,14.0,302,2020-03-25
9.6,67,1.2,21.7,329,2020-03-26
8.9,68,0.0,14.9,12,2020-03-27
9.8,76,0.0,12.9,339,2020-03-28
8.6,82,1.9,15.5,344,2020-03-29
6.0,87,5.9,13.6,359,2020-03-30
5.2,92,3.0,9.3,103,2020-03-31
10.7,84,1.7,16.1,123,2020-04-01
11.0,84,1.5,16.0,325,2020-04-02
9.4,76,0.0,11.5,46,2020-04-03
13.1,65,0.0,15.9,170,2020-04-04
17.2,60,0.4,25.6,170,2020-04-05
13.7,88,8.7,17.2,297,2020-04-06
15.4,81,1.5,12.6,183,2020-04-07
16.0,83,0.7,12.1,212,2020-04-08
17.7,74,0.0,11.3,178,2020-04-09
17.2,79,3.2,9.4,189,2020-04-10
15.0,95,12.1,12.1,339,2020-04-11
14.7,94,17.5,11.8,2,2020-04-12
14.2,83,2.1,11.5,17,2020-04-13
14.3,83,0.2,14.4,58,2020-04-14
16.7,70,0.5,23.0,160,2020-04-15
17.0,67,2.4,23.0,175,2020-04-16
17.3,67,0.3,20.2,188,2020-04-17
15.2,81,8.5,14.5,262,2020-04-18
13.6,93,6.7,14.3,309,2020-04-19
14.4,83,0.8,10.9,316,2020-04-20
12.9,96,8.6,15.6,322,2020-04-21
13.6,89,4.2,13.8,314,2020-04-22
15.0,83,0.0,10.6,69,2020-04-23
16.3,88,3.6,10.9,333,2020-04-24
16.1,92,0.4,12.2,329,2020-04-25
15.8,89,1.0,10.4,357,2020-04-26
14.5,87,5.8,13.0,323,2020-04-27
13.6,84,4.2,11.5,322,2020-04-28
14.6,74,1.0,21.7,204,2020-04-29
16.0,65,0.6,18.9,235,2020-04-30
18.3,75,11.3,24.2,236,2020-05-01
18.0,80,0.7,17.0,222,2020-05-02
19.1,77,0.0,14.5,93,2020-05-03
22.3,70,0.2,26.8,187,2020-05-04
19.1,70,0.0,13.2,205,2020-05-05
17.2,81,0.0,10.5,329,2020-05-06
18.9,83,0.0,11.3,33,2020-05-07
21.2,69,1.9,15.8,204,2020-05-08
18.6,86,10.2,14.3,211,2020-05-09
15.4,95,22.3,18.2,303,2020-05-10
14.9,84,6.7,21.0,301,2020-05-11
13.3,82,1.7,12.6,24,2020-05-12
13.8,87,5.0,11.6,344,2020-05-13
14.0,87,1.5,12.3,13,2020-05-14
13.7,83,3.0,18.4,334,2020-05-15
14.2,82,1.3,17.2,317,2020-05-16
13.9,78,0.0,13.7,327,2020-05-17
15.0,78,0.0,13.0,340,2020-05-18
16.6,76,0.0,12.2,342,2020-05-19
18.6,72,0.0,9.9,346,2020-05-20
20.0,73,0.0,8.7,43,2020-05-21
19.3,82,0.1,15.2,4,2020-05-22
16.2,86,8.3,17.0,5,2020-05-23
15.4,80,0.2,14.0,57,2020-05-24
16.5,80,0.1,13.4,332,2020-05-25
16.7,80,0.0,13.0,316,2020-05-26
18.8,76,0.0,11.9,357,2020-05-27
22.6,65,0.0,14.8,143,2020-05-28
21.5,68,0.0,14.1,343,2020-05-29
21.4,68,0.0,11.4,247,2020-05-30
21.5,77,0.0,11.6,222,2020-05-31
21.2,78,0.0,13.3,299,2020-06-01
20.7,84,0.0,11.6,349,2020-06-02
19.6,87,3.5,15.1,313,2020-06-03
16.1,87,8.0,24.5,295,2020-06-04
16.8,75,2.3,18.2,299,2020-06-05
17.0,83,7.1,16.4,317,2020-06-06
14.3,80,5.4,12.5,329,2020-06-07
14.1,87,6.2,19.1,305,2020-06-08
14.9,81,2.5,16.1,304,2020-06-09
15.4,80,0.9,9.0,322,2020-06-10
14.3,88,18.7,22.4,238,2020-06-11
14.6,76,5.9,19.9,229,2020-06-12
15.8,80,1.2,11.6,262,2020-06-13
16.9,77,0.5,14.7,345,2020-06-14
17.1,77,0.5,13.0,9,2020-06-15
16.0,87,6.3,13.1,325,2020-06-16
15.7,86,2.8,15.3,306,2020-06-17
16.2,82,1.6,12.9,344,2020-06-18
16.3,82,0.1,15.5,353,2020-06-19
18.0,77,0.0,13.8,20,2020-06-20
18.9,75,0.0,14.3,339,2020-06-21
20.6,75,0.0,12.9,54,2020-06-22
22.0,76,0.0,10.2,58,2020-06-23
22.7,81,0.0,11.6,332,2020-06-24
20.4,86,14.1,14.3,351,2020-06-25
18.6,87,0.5,12.5,345,2020-06-26
20.8,76,0.2,16.1,306,2020-06-27
20.7,78,0.7,14.3,350,2020-06-28
18.9,83,2.0,10.9,353,2020-06-29
20.4,76,0.0,12.0,6,2020-06-30
19.6,85,1.4,16.3,333,2020-07-01
17.4,89,9.2,14.4,340,2020-07-02
17.5,76,1.2,12.8,338,2020-07-03
18.3,71,0.0,11.6,309,2020-07-04
20.0,72,0.0,14.2,335,2020-07-05
18.7,84,2.4,16.9,357,2020-07-06
19.1,70,0.0,13.2,29,2020-07-07
20.6,74,0.0,14.2,7,2020-07-08
20.3,82,0.0,14.0,324,2020-07-09
19.4,84,1.0,16.5,334,2020-07-10
20.0,75,0.2,13.9,13,2020-07-11
20.3,79,4.2,15.7,341,2020-07-12
20.5,75,0.4,14.8,317,2020-07-13
19.0,77,0.0,17.1,318,2020-07-14
18.6,76,1.8,16.1,326,2020-07-15
19.1,76,0.0,13.8,335,2020-07-16
19.7,76,0.8,14.8,357,2020-07-17
21.8,73,0.0,13.6,45,2020-07-18
21.9,72,0.0,15.2,301,2020-07-19
21.7,80,0.0,15.0,331,2020-07-20
21.6,79,0.0,15.7,333,2020-07-21
22.4,79,0.0,15.1,343,2020-07-22
22.6,81,0.0,13.1,341,2020-07-23
20.7,79,0.4,14.3,331,2020-07-24
21.2,73,0.0,15.0,356,2020-07-25
21.8,77,0.0,13.0,4,2020-07-26
22.8,79,0.0,16.7,334,2020-07-27
21.3,86,2.1,16.3,357,2020-07-28
21.0,78,0.3,13.3,24,2020-07-29
27.8,61,0.0,24.8,188,2020-07-30
24.1,75,0.0,15.0,348,2020-07-31
21.7,81,1.3,17.8,330,2020-08-01
19.9,83,3.2,12.9,346,2020-08-02
20.5,71,0.5,14.1,345,2020-08-03
20.3,73,0.0,13.0,21,2020-08-04
21.7,68,0.0,11.6,1,2020-08-05
25.8,60,0.0,13.9,130,2020-08-06
24.9,71,0.0,15.2,342,2020-08-07
23.5,73,0.0,14.2,355,2020-08-08
23.5,78,0.0,15.2,333,2020-08-09
22.8,82,0.1,14.8,354,2020-08-10
24.8,74,0.9,14.7,256,2020-08-11
23.6,75,11.9,15.9,218,2020-08-12
20.8,75,3.0,15.9,317,2020-08-13
20.6,77,0.0,15.6,32,2020-08-14
20.7,83,1.1,19.4,314,2020-08-15
19.8,70,0.1,15.8,311,2020-08-16
20.6,74,3.6,11.2,213,2020-08-17
22.9,74,0.0,11.1,194,2020-08-18
27.3,47,0.0,19.8,202,2020-08-19
24.8,61,0.0,17.4,215,2020-08-20
22.5,80,3.2,14.6,9,2020-08-21
20.5,83,2.1,13.4,1,2020-08-22
20.6,76,0.0,12.0,346,2020-08-23
20.7,74,0.0,12.5,45,2020-08-24
21.9,72,0.0,14.6,319,2020-08-25
23.5,78,0.0,14.1,20,2020-08-26
23.0,82,0.1,17.8,345,2020-08-27
19.3,86,9.6,16.1,303,2020-08-28
16.3,86,16.3,17.9,303,2020-08-29
15.5,78,3.8,13.4,298,2020-08-30
17.0,70,0.0,13.0,150,2020-08-31
18.5,69,0.2,12.8,336,2020-09-01
19.1,71,0.4,13.2,36,2020-09-02
19.7,66,0.0,11.0,138,2020-09-03
23.4,64,0.0,14.1,229,2020-09-04
20.8,81,0.5,15.6,347,2020-09-05
19.2,69,0.2,16.2,353,2020-09-06
17.8,73,2.6,16.3,4,2020-09-07
19.1,67,0.1,13.4,50,2020-09-08
19.6,71,0.0,15.7,318,2020-09-09
20.0,75,0.0,12.5,307,2020-09-10
21.4,77,0.0,14.7,52,2020-09-11
20.9,76,0.0,14.0,53,2020-09-12
24.2,63,0.0,13.7,162,2020-09-13
27.6,40,0.0,18.5,192,2020-09-14
23.7,73,0.0,13.6,322,2020-09-15
23.5,76,0.0,13.0,1,2020-09-16
25.3,66,0.1,16.4,118,2020-09-17
25.0,54,1.3,18.1,170,2020-09-18
20.9,72,1.8,16.1,221,2020-09-19
19.5,82,1.3,12.8,288,2020-09-20
19.0,85,2.5,13.4,311,2020-09-21
19.1,82,2.8,10.7,266,2020-09-22
19.6,80,5.0,20.4,239,2020-09-23
18.1,78,8.1,23.8,293,2020-09-24
13.8,78,11.1,28.5,293,2020-09-25
14.9,87,23.1,29.3,275,2020-09-26
14.3,78,9.1,21.1,330,2020-09-27
15.1,67,0.0,11.7,303,2020-09-28
14.4,79,0.0,8.6,149,2020-09-29
15.3,87,0.0,13.4,261,2020-09-30
16.2,86,2.0,21.6,227,2020-10-01
13.6,73,36.1,25.6,261,2020-10-02
13.1,78,14.2,27.2,269,2020-10-03
14.0,70,6.5,24.3,254,2020-10-04
14.4,77,4.6,17.7,250,2020-10-05
18.2,80,1.9,16.9,245,2020-10-06
17.1,93,6.9,11.2,302,2020-10-07
17.0,90,0.0,10.5,192,2020-10-08
17.2,94,1.5,9.6,323,2020-10-09
15.0,88,6.3,14.4,339,2020-10-10
13.0,82,5.9,20.5,329,2020-10-11
14.0,79,8.8,14.8,324,2020-10-12
14.6,87,19.3,20.2,309,2020-10-13
12.1,88,15.5,21.4,305,2020-10-14
11.0,88,7.3,15.2,306,2020-10-15
10.7,86,1.4,7.1,186,2020-10-16
10.7,80,0.0,8.7,207,2020-10-17
12.9,82,0.0,7.6,162,2020-10-18
17.1,58,0.0,20.1,178,2020-10-19
18.0,72,7.1,24.9,173,2020-10-20
19.1,67,6.6,25.4,182,2020-10-21
16.8,77,0.6,11.7,188,2020-10-22
15.1,82,6.1,14.8,250,2020-10-23
15.1,70,0.0,24.3,203,2020-10-24
15.0,79,32.6,27.9,214,2020-10-25
11.5,80,1.6,19.5,256,2020-10-26
14.1,66,0.0,22.1,205,2020-10-27
14.3,83,0.9,15.5,209,2020-10-28
13.1,84,0.0,10.0,203,2020-10-29
13.0,84,0.0,10.1,217,2020-10-30
17.2,69,0.0,16.0,201,2020-10-31
19.7,67,0.0,18.7,207,2020-11-01
18.5,75,0.6,24.5,229,2020-11-02
12.6,90,9.9,16.9,335,2020-11-03
10.5,84,2.0,14.7,49,2020-11-04
11.4,81,0.0,11.3,93,2020-11-05
17.3,72,0.2,28.3,161,2020-11-06
18.0,73,11.0,25.3,170,2020-11-07
16.8,65,0.0,16.2,179,2020-11-08
16.5,69,0.2,18.9,206,2020-11-09
13.3,92,3.3,7.0,171,2020-11-10
14.0,72,0.0,19.0,200,2020-11-11
16.0,66,0.0,14.0,191,2020-11-12
15.1,70,0.2,17.1,188,2020-11-13
15.4,68,0.0,22.1,181,2020-11-14
17.4,76,9.2,22.9,218,2020-11-15
13.7,89,3.1,6.4,4,2020-11-16
13.5,77,0.0,15.2,186,2020-11-17
17.1,68,0.0,18.8,198,2020-11-18
12.9,94,4.5,12.7,343,2020-11-19
11.2,84,0.2,10.4,11,2020-11-20
7.4,85,0.0,7.0,158,2020-11-21
9.4,73,0.0,12.0,213,2020-11-22
8.3,82,0.0,7.4,186,2020-11-23
10.6,66,0.0,16.3,188,2020-11-24
11.4,69,0.0,16.7,173,2020-11-25
13.3,74,0.0,14.1,157,2020-11-26
13.4,81,0.0,11.4,169,2020-11-27
10.7,84,0.0,8.0,181,2020-11-28
11.2,81,0.0,10.8,191,2020-11-29
9.4,91,0.0,7.1,230,2020-11-30
10.6,88,5.2,14.4,281,2020-12-01
9.0,87,4.8,12.9,2,2020-12-02
9.6,72,1.6,21.4,211,2020-12-03
7.2,78,10.6,21.3,253,2020-12-04
6.3,77,3.6,20.2,234,2020-12-05
7.4,84,11.2,15.6,249,2020-12-06
9.2,81,17.5,17.6,237,2020-12-07
8.1,85,10.9,30.1,276,2020-12-08
8.3,85,3.9,17.9,242,2020-12-09
11.5,87,9.1,27.8,253,2020-12-10
13.7,85,16.1,24.8,268,2020-12-11
11.6,87,5.9,28.0,292,2020-12-12
13.1,78,0.0,19.0,199,2020-12-13
14.8,75,4.3,20.3,188,2020-12-14
11.3,76,4.5,15.2,186,2020-12-15
12.6,66,5.0,25.6,183,2020-12-16
11.4,82,1.7,12.4,187,2020-12-17
10.7,60,0.0,22.8,197,2020-12-18
12.4,74,3.6,26.7,187,2020-12-19
9.9,80,0.0,16.5,200,2020-12-20
14.4,71,2.0,23.0,203,2020-12-21
16.6,72,0.0,20.2,200,2020-12-22
14.1,74,4.0,23.7,221,2020-12-23
9.7,79,4.6,18.8,284,2020-12-24
7.8,76,6.6,15.9,356,2020-12-25
8.0,77,1.5,14.5,338,2020-12-26
7.9,65,4.0,31.9,212,2020-12-27
8.4,74,16.0,27.1,264,2020-12-28
6.8,81,3.1,20.2,253,2020-12-29
6.7,87,8.9,18.4,253,2020-12-30
7.8,79,9.2,18.0,224,2020-12-31
5.7,87,4.1,21.7,271,2021-01-01
4.8,91,9.9,23.7,315,2021-01-02
4.8,90,9.8,12.3,240,2021-01-03
4.1,89,8.5,12.3,252,2021-01-04
4.1,92,6.4,11.9,245,2021-01-05
3.2,88,0.4,8.0,186,2021-01-06
1.6,86,0.0,9.2,198,2021-01-07
3.3,78,0.0,13.2,99,2021-01-08
2.9,88,3.6,9.2,42,2021-01-09
4.5,84,0.3,15.0,353,2021-01-10
6.4,68,0.1,14.7,8,2021-01-11
6.0,81,0.0,10.7,230,2021-01-12
7.5,79,0.0,8.6,212,2021-01-13
6.1,88,2.7,11.4,228,2021-01-14
8.8,89,3.3,14.9,305,2021-01-15
7.6,85,0.0,8.9,226,2021-01-16
7.1,82,5.1,11.4,208,2021-01-17
8.8,94,0.3,5.4,125,2021-01-18
9.6,67,0.0,23.0,201,2021-01-19
12.3,53,0.4,35.4,187,2021-01-20
14.0,63,0.1,31.4,211,2021-01-21
10.2,80,16.9,24.6,257,2021-01-22
9.8,77,3.1,20.5,217,2021-01-23
9.6,83,10.4,15.6,269,2021-01-24
9.3,96,14.6,10.0,6,2021-01-25
9.5,89,0.3,11.5,190,2021-01-26
13.5,94,6.1,9.9,265,2021-01-27
15.4,80,0.2,14.0,210,2021-01-28
13.9,86,1.0,17.1,201,2021-01-29
12.9,78,15.8,23.7,246,2021-01-30
12.2,80,7.6,27.8,266,2021-01-31
14.2,75,1.4,23.8,282,2021-02-01
15.3,68,2.0,22.9,208,2021-02-02
15.5,64,1.8,27.7,199,2021-02-03
12.8,80,12.9,17.4,177,2021-02-04
11.1,98,9.7,9.3,31,2021-02-05
10.3,94,33.3,21.3,342,2021-02-06
8.4,75,1.3,18.9,227,2021-02-07
10.9,77,3.0,23.2,224,2021-02-08
10.5,74,5.7,23.2,200,2021-02-09
9.7,79,3.6,16.6,244,2021-02-10
11.8,77,0.1,17.5,195,2021-02-11
12.9,87,18.9,27.9,275,2021-02-12
10.2,86,0.1,10.5,200,2021-02-13
11.6,75,0.0,22.3,188,2021-02-14
13.3,66,0.0,22.7,185,2021-02-15
12.4,74,0.6,26.4,190,2021-02-16
13.3,74,0.0,18.7,199,2021-02-17
13.0,73,2.4,18.9,172,2021-02-18
14.7,61,0.0,27.0,185,2021-02-19
17.0,45,0.0,27.5,165,2021-02-20
13.4,66,14.3,22.9,161,2021-02-21
9.6,89,29.1,16.8,301,2021-02-22
11.8,67,0.0,27.0,178,2021-02-23
14.6,61,0.0,18.4,172,2021-02-24
12.8,80,0.0,12.9,218,2021-02-25
11.8,90,0.2,9.7,356,2021-02-26
10.2,87,0.3,11.6,2,2021-02-27
9.5,84,1.6,10.3,75,2021-02-28
12.5,69,0.2,20.5,164,2021-03-01
14.4,66,0.0,19.8,175,2021-03-02
13.5,74,0.0,11.9,196,2021-03-03
12.5,82,0.0,12.4,212,2021-03-04
10.3,93,0.9,12.9,358,2021-03-05
9.4,83,1.0,10.8,12,2021-03-06
7.7,87,0.7,10.5,49,2021-03-07
8.6,82,1.9,14.0,319,2021-03-08
7.6,81,3.2,13.5,322,2021-03-09
8.6,70,0.0,10.6,200,2021-03-10
12.7,76,2.9,18.7,231,2021-03-11
10.8,80,2.6,19.5,299,2021-03-12
10.5,71,0.1,19.6,257,2021-03-13
10.4,84,6.6,20.1,310,2021-03-14
9.7,85,0.7,15.6,308,2021-03-15
10.4,89,3.1,13.6,332,2021-03-16
11.1,88,2.8,15.2,349,2021-03-17
9.1,81,6.7,17.5,2,2021-03-18
8.6,87,19.5,24.4,357,2021-03-19
7.4,68,1.7,18.4,17,2021-03-20
9.2,74,1.3,15.7,348,2021-03-21
9.7,75,0.2,11.8,1,2021-03-22
9.8,76,0.0,9.7,178,2021-03-23
8.9,84,0.0,14.9,319,2021-03-24
11.6,83,0.1,13.5,63,2021-03-25
10.3,85,0.7,16.6,299,2021-03-26
10.8,78,0.8,12.8,94,2021-03-27
13.3,73,0.0,10.6,179,2021-03-28
17.1,52,0.0,17.8,175,2021-03-29
19.3,45,0.0,17.9,179,2021-03-30
19.8,41,0.0,17.3,181,2021-03-31
18.3,43,0.1,16.6,191,2021-04-01
14.6,76,0.2,14.2,310,2021-04-02
12.1,80,0.0,17.8,324,2021-04-03
10.7,74,0.0,14.3,323,2021-04-04
10.0,78,0.0,13.6,312,2021-04-05
10.0,78,1.2,14.2,360,2021-04-06
8.6,56,0.0,15.4,68,2021-04-07
12.3,63,0.0,15.2,189,2021-04-08
15.5,64,0.3,17.5,187,2021-04-09
14.5,77,9.2,16.2,198,2021-04-10
10.3,92,22.5,16.6,328,2021-04-11
8.7,70,0.3,12.3,38,2021-04-12
9.5,70,0.0,13.1,94,2021-04-13
10.0,71,0.0,14.2,25,2021-04-14
9.2,68,0.0,15.0,0,2021-04-15
8.2,64,0.0,17.0,355,2021-04-16
8.6,65,0.0,14.4,358,2021-04-17
10.7,68,0.0,13.3,47,2021-04-18
11.1,73,0.0,9.4,305,2021-04-19
12.3,82,0.7,11.7,330,2021-04-20
13.3,77,0.0,12.7,79,2021-04-21
15.6,69,0.1,15.9,148,2021-04-22
17.8,57,0.0,19.9,166,2021-04-23
19.3,46,0.2,22.0,167,2021-04-24
18.4,59,1.5,16.6,167,2021-04-25
15.8,85,1.1,11.2,359,2021-04-26
14.2,90,14.2,12.7,325,2021-04-27
12.8,86,1.8,14.1,326,2021-04-28
11.2,84,4.0,11.0,349,2021-04-29
10.5,87,3.1,9.0,323,2021-04-30
10.7,81,6.4,16.1,310,2021-05-01
10.7,77,0.9,13.5,14,2021-05-02
12.6,70,0.2,12.7,156,2021-05-03
13.2,77,0.0,16.8,326,2021-05-04
14.6,82,2.7,10.5,305,2021-05-05
15.2,81,0.7,13.7,298,2021-05-06
16.8,82,1.0,14.5,4,2021-05-07
20.6,68,0.0,19.1,186,2021-05-08
17.6,71,9.1,20.1,224,2021-05-09
14.7,68,5.7,19.3,217,2021-05-10
12.7,69,5.9,14.4,300,2021-05-11
14.3,68,2.1,29.1,247,2021-05-12
13.2,79,6.8,15.8,247,2021-05-13
13.2,79,3.0,18.4,310,2021-05-14
15.3,86,2.7,15.1,222,2021-05-15
14.6,90,5.7,15.8,298,2021-05-16
14.1,73,0.1,18.6,308,2021-05-17
13.8,79,1.1,17.7,308,2021-05-18
13.3,80,1.4,17.7,324,2021-05-19
15.2,71,0.0,12.6,297,2021-05-20
13.6,83,4.4,15.3,328,2021-05-21
11.9,89,9.5,12.3,292,2021-05-22
12.7,77,0.0,16.1,312,2021-05-23
13.3,78,2.7,23.4,285,2021-05-24
13.0,77,0.7,11.5,313,2021-05-25
12.9,76,0.0,11.5,18,2021-05-26
15.6,78,0.0,12.6,41,2021-05-27
17.1,82,0.5,8.6,325,2021-05-28
17.2,87,0.4,14.0,340,2021-05-29
17.8,78,0.0,13.0,0,2021-05-30
21.6,72,0.8,13.0,63,2021-05-31
21.4,73,1.2,18.7,200,2021-06-01
19.3,84,0.6,14.0,17,2021-06-02
16.2,90,13.7,15.3,315,2021-06-03
14.4,89,15.6,13.6,321,2021-06-04
15.1,81,0.0,13.6,56,2021-06-05
16.2,84,0.0,13.4,336,2021-06-06
17.9,80,0.0,11.6,39,2021-06-07
18.2,85,0.0,14.8,332,2021-06-08
18.0,82,0.0,13.8,333,2021-06-09
18.5,80,0.0,13.8,8,2021-06-10
18.2,86,0.1,14.1,335,2021-06-11
19.5,83,0.0,13.0,353,2021-06-12
24.1,77,0.0,10.2,55,2021-06-13
22.9,80,0.0,13.7,335,2021-06-14
22.3,77,0.0,13.4,348,2021-06-15
23.8,73,4.3,12.8,197,2021-06-16
19.0,95,14.4,9.7,346,2021-06-17
19.1,88,8.8,13.4,356,2021-06-18
19.2,87,10.1,12.7,334,2021-06-19
19.9,71,1.5,22.0,209,2021-06-20
17.6,76,10.2,13.3,239,2021-06-21
16.2,87,6.6,18.4,280,2021-06-22
15.1,89,14.8,22.0,291,2021-06-23
16.5,83,5.3,13.7,321,2021-06-24
17.2,83,0.0,14.3,20,2021-06-25
17.8,85,0.3,14.5,4,2021-06-26
16.0,87,3.5,13.1,340,2021-06-27
16.1,78,0.6,20.6,272,2021-06-28
17.2,76,0.0,15.6,302,2021-06-29
17.4,84,0.4,13.0,21,2021-06-30
18.2,87,0.7,13.3,351,2021-07-01
20.5,83,0.0,13.9,12,2021-07-02
20.3,85,4.5,14.9,4,2021-07-03
20.3,81,1.8,11.3,4,2021-07-04
23.4,71,0.0,15.8,235,2021-07-05
18.1,84,6.2,15.1,14,2021-07-06
16.8,84,16.8,16.5,308,2021-07-07
16.8,86,3.0,9.9,320,2021-07-08
17.9,83,0.0,12.7,16,2021-07-09
18.9,83,0.0,13.1,333,2021-07-10
19.2,83,0.0,17.6,336,2021-07-11
16.9,86,8.5,22.8,301,2021-07-12
16.3,86,6.7,22.4,300,2021-07-13
17.0,83,2.4,15.4,327,2021-07-14
17.5,80,0.4,11.5,10,2021-07-15
18.0,84,0.0,12.8,29,2021-07-16
19.8,85,0.0,11.6,14,2021-07-17
20.4,85,0.0,14.0,321,2021-07-18
21.7,79,0.0,12.7,324,2021-07-19
21.2,79,0.0,13.5,323,2021-07-20
21.8,85,0.0,14.1,5,2021-07-21
22.1,84,0.2,14.8,351,2021-07-22
20.6,84,0.9,18.1,343,2021-07-23
19.1,80,3.6,15.1,337,2021-07-24
19.6,84,1.9,12.7,340,2021-07-25
19.5,81,1.7,11.7,337,2021-07-26
18.9,82,0.3,14.0,332,2021-07-27
19.0,82,1.0,13.1,337,2021-07-28
19.0,82,0.0,13.9,8,2021-07-29
19.2,83,1.4,16.2,334,2021-07-30
16.6,91,9.7,14.0,317,2021-07-31
17.3,81,2.2,13.6,314,2021-08-01
17.8,79,0.0,15.5,344,2021-08-02
18.4,81,1.3,13.3,342,2021-08-03
19.9,85,13.2,20.8,301,2021-08-04
20.7,79,0.4,21.3,312,2021-08-05
19.1,84,1.9,13.0,341,2021-08-06
17.9,84,2.2,16.0,295,2021-08-07
18.2,78,0.5,13.7,336,2021-08-08
18.9,82,0.0,13.3,321,2021-08-09
20.0,85,0.0,12.7,337,2021-08-10
20.6,85,0.0,13.8,336,2021-08-11
21.0,84,0.1,16.6,337,2021-08-12
21.3,83,0.0,12.0,32,2021-08-13
22.0,86,0.0,15.5,340,2021-08-14
20.4,87,1.3,14.6,344,2021-08-15
19.0,80,0.9,17.6,325,2021-08-16
18.6,72,0.5,14.0,344,2021-08-17
18.3,73,0.0,12.7,0,2021-08-18
18.3,86,1.1,9.7,16,2021-08-19
21.4,80,0.0,14.2,335,2021-08-20
21.4,79,0.0,13.0,340,2021-08-21
20.4,83,0.0,14.0,359,2021-08-22
20.4,81,0.8,14.3,10,2021-08-23
20.0,79,0.3,14.3,7,2021-08-24
19.7,81,0.1,13.4,347,2021-08-25
21.2,78,0.0,12.3,337,2021-08-26
20.7,79,0.0,13.8,0,2021-08-27
19.3,76,0.0,14.8,9,2021-08-28
18.7,74,0.0,15.0,15,2021-08-29
19.1,76,0.0,15.3,357,2021-08-30
19.5,75,0.0,14.8,17,2021-08-31
19.4,86,5.1,10.3,258,2021-09-01
20.1,88,8.1,9.7,6,2021-09-02
19.4,91,1.6,12.9,303,2021-09-03
20.6,87,0.0,15.2,355,2021-09-04
24.1,76,0.0,10.8,177,2021-09-05
27.0,64,0.0,10.9,183,2021-09-06
27.8,59,3.4,16.6,183,2021-09-07
22.6,78,1.0,14.4,322,2021-09-08
21.7,81,11.3,10.6,6,2021-09-09
19.9,83,8.7,12.3,312,2021-09-10
20.2,81,0.0,12.0,64,2021-09-11
22.5,77,0.0,11.0,138,2021-09-12
25.0,62,0.0,18.2,192,2021-09-13
23.2,70,0.3,14.1,200,2021-09-14
20.8,82,6.3,14.8,281,2021-09-15
19.2,89,6.0,13.9,323,2021-09-16
19.1,81,1.2,13.8,295,2021-09-17
17.3,84,11.1,16.3,296,2021-09-18
17.2,77,0.5,12.6,287,2021-09-19
16.1,88,12.9,18.3,313,2021-09-20
16.4,90,9.1,12.4,340,2021-09-21
17.3,85,1.6,12.5,54,2021-09-22
18.0,87,0.7,12.4,43,2021-09-23
19.4,87,0.2,9.9,201,2021-09-24
21.1,73,0.5,15.7,199,2021-09-25
19.7,71,0.0,9.7,184,2021-09-26
19.2,72,1.6,18.2,260,2021-09-27
17.4,89,4.9,14.3,324,2021-09-28
16.7,83,3.2,17.4,292,2021-09-29
16.6,80,0.7,12.3,75,2021-09-30
16.5,79,0.4,10.5,214,2021-10-01
20.6,65,0.0,27.7,198,2021-10-02
17.2,74,31.7,30.2,263,2021-10-03
14.4,76,0.0,8.9,207,2021-10-04
16.2,82,11.2,20.1,244,2021-10-05
15.4,82,1.6,7.6,18,2021-10-06
13.4,82,0.0,12.4,115,2021-10-07
13.5,84,0.0,10.6,65,2021-10-08
14.1,86,0.5,11.6,296,2021-10-09
15.7,85,0.8,13.3,331,2021-10-10
13.4,86,0.0,11.7,336,2021-10-11
12.1,87,0.0,11.9,291,2021-10-12
13.0,81,0.0,15.8,80,2021-10-13
13.0,83,0.0,9.8,201,2021-10-14
14.3,79,0.0,10.7,269,2021-10-15
14.5,85,0.0,8.1,186,2021-10-16
17.8,78,1.4,12.6,200,2021-10-17
18.5,78,0.0,13.2,197,2021-10-18
22.6,59,0.0,16.6,184,2021-10-19
21.9,66,0.2,19.0,209,2021-10-20
15.7,80,2.1,17.7,297,2021-10-21
13.6,87,5.1,12.7,332,2021-10-22
12.4,79,0.0,7.6,171,2021-10-23
13.0,73,0.0,13.4,217,2021-10-24
13.4,82,0.1,8.3,226,2021-10-25
13.1,86,0.0,11.8,163,2021-10-26
13.0,82,0.0,8.9,216,2021-10-27
15.4,61,0.0,18.2,186,2021-10-28
17.3,66,4.4,23.7,186,2021-10-29
16.7,82,5.6,19.8,199,2021-10-30
17.6,80,7.0,26.9,211,2021-10-31
14.6,75,5.3,14.8,277,2021-11-01
13.7,74,12.8,24.6,225,2021-11-02
10.0,84,9.3,23.0,275,2021-11-03
9.8,86,5.2,19.6,283,2021-11-04
8.9,89,9.0,13.7,305,2021-11-05
9.5,82,0.8,16.1,354,2021-11-06
10.9,83,3.8,15.5,279,2021-11-07
12.8,83,3.2,15.4,325,2021-11-08
12.1,77,0.3,12.3,4,2021-11-09
8.5,85,0.0,9.9,204,2021-11-10
10.0,88,0.0,8.6,246,2021-11-11
12.3,89,0.3,11.0,259,2021-11-12
13.5,90,1.4,15.6,303,2021-11-13
12.3,91,4.9,15.5,326,2021-11-14
11.5,90,7.0,14.4,348,2021-11-15
10.8,93,6.6,8.6,358,2021-11-16
10.6,87,3.1,11.4,29,2021-11-17
10.4,82,0.8,8.7,84,2021-11-18
8.5,83,0.0,10.7,185,2021-11-19
11.4,72,0.0,15.2,194,2021-11-20
9.6,92,6.4,14.8,251,2021-11-21
9.2,86,9.9,18.6,312,2021-11-22
9.1,88,6.7,14.8,27,2021-11-23
9.8,86,9.3,9.4,230,2021-11-24
8.9,91,43.5,23.9,320,2021-11-25
8.8,87,15.0,15.9,309,2021-11-26
6.6,88,33.7,26.8,282,2021-11-27
6.6,90,47.2,20.0,285,2021-11-28
10.7,95,63.2,36.0,321,2021-11-29
11.0,86,6.6,12.6,261,2021-11-30
9.6,81,14.1,17.2,232,2021-12-01
8.5,84,17.1,19.1,301,2021-12-02
10.5,86,6.9,20.5,288,2021-12-03
11.0,83,13.2,23.7,250,2021-12-04
8.1,87,31.6,26.3,292,2021-12-05
10.5,88,11.4,18.9,275,2021-12-06
12.5,83,16.3,28.2,214,2021-12-07
7.0,84,11.6,18.9,256,2021-12-08
9.8,88,57.7,29.0,271,2021-12-09
11.9,87,29.9,30.3,295,2021-12-10
12.2,95,24.5,23.2,312,2021-12-11
12.1,86,0.2,9.7,182,2021-12-12
11.1,73,0.0,16.6,193,2021-12-13
8.4,87,0.0,10.8,206,2021-12-14
7.1,90,0.0,7.8,203,2021-12-15
7.4,84,0.0,11.4,191,2021-12-16
7.0,73,0.0,15.8,196,2021-12-17
7.9,71,0.0,18.0,206,2021-12-18
8.2,75,0.0,19.5,190,2021-12-19
9.6,74,0.0,14.3,192,2021-12-20
13.1,73,0.0,14.5,202,2021-12-21
12.9,75,0.0,14.4,183,2021-12-22
13.3,73,0.6,24.0,185,2021-12-23
13.5,71,0.0,26.3,188,2021-12-24
13.0,72,2.0,17.5,199,2021-12-25
12.1,77,3.8,22.1,201,2021-12-26
15.5,72,4.6,26.5,209,2021-12-27
16.3,64,0.0,24.6,213,2021-12-28
14.6,75,0.0,20.1,206,2021-12-29
14.5,75,0.0,18.9,188,2021-12-30
15.5,55,0.0,21.2,195,2021-12-31
16.6,48,0.0,18.3,198,2022-01-01
15.7,59,0.0,22.9,201,2022-01-02
13.5,73,0.0,21.6,207,2022-01-03
13.9,69,18.3,26.2,243,2022-01-04
8.0,83,3.4,16.7,295,2022-01-05
7.0,71,0.2,7.6,129,2022-01-06
9.2,86,12.0,18.4,286,2022-01-07
9.8,75,0.5,14.2,220,2022-01-08
11.8,91,54.4,26.0,280,2022-01-09
12.9,96,14.4,24.6,312,2022-01-10
11.5,97,8.7,14.8,344,2022-01-11
8.2,85,0.0,10.1,345,2022-01-12
5.3,80,0.0,10.3,187,2022-01-13
6.6,66,0.0,13.9,198,2022-01-14
5.5,65,0.0,11.3,206,2022-01-15
5.1,76,0.0,10.5,208,2022-01-16
5.5,88,0.0,7.4,205,2022-01-17
4.2,88,0.0,8.0,208,2022-01-18
5.1,90,0.0,9.4,215,2022-01-19
7.8,91,4.2,15.1,290,2022-01-20
6.4,75,1.1,15.5,32,2022-01-21
4.2,81,0.0,8.0,21,2022-01-22
3.5,79,0.0,11.4,182,2022-01-23
7.1,71,0.0,13.4,195,2022-01-24
6.4,80,0.0,12.9,197,2022-01-25
5.8,86,0.0,10.6,194,2022-01-26
4.8,90,0.0,8.6,231,2022-01-27
6.0,89,0.0,10.5,266,2022-01-28
6.4,88,0.0,8.4,144,2022-01-29
6.1,93,0.0,10.3,71,2022-01-30
8.5,91,3.1,19.6,312,2022-01-31
9.3,85,4.1,23.8,343,2022-02-01
8.3,89,0.0,9.1,180,2022-02-02
8.8,79,0.0,13.3,221,2022-02-03
8.6,90,2.2,11.7,241,2022-02-04
8.7,88,7.0,14.1,352,2022-02-05
5.8,84,0.0,10.1,220,2022-02-06
8.5,85,0.4,12.8,245,2022-02-07
11.2,81,0.0,11.9,167,2022-02-08
11.8,68,0.0,14.3,200,2022-02-09
10.5,80,0.7,13.2,231,2022-02-10
9.6,93,8.0,9.4,61,2022-02-11
7.7,90,0.0,10.5,198,2022-02-12
11.3,73,1.5,29.5,197,2022-02-13
8.7,82,11.1,25.5,263,2022-02-14
9.7,76,1.1,16.9,268,2022-02-15
12.4,73,1.0,15.5,218,2022-02-16
12.6,85,0.4,10.5,198,2022-02-17
10.7,82,2.3,21.6,269,2022-02-18
8.5,83,2.4,12.8,321,2022-02-19
9.3,83,1.1,12.0,224,2022-02-20
10.2,85,2.2,20.3,294,2022-02-21
9.4,81,0.0,8.5,211,2022-02-22
8.7,77,0.0,7.6,169,2022-02-23
8.9,86,1.8,17.1,291,2022-02-24
8.8,80,1.8,13.6,50,2022-02-25
8.8,71,0.0,13.7,167,2022-02-26
12.5,71,0.0,10.4,185,2022-02-27
11.1,83,0.0,8.8,222,2022-02-28
12.2,79,1.0,9.8,197,2022-03-01
11.8,86,10.9,15.5,263,2022-03-02
9.9,89,17.9,20.5,269,2022-03-03
9.1,84,5.4,18.1,324,2022-03-04
7.4,84,2.8,13.0,324,2022-03-05
7.3,84,1.2,12.4,316,2022-03-06
8.7,80,0.2,12.7,162,2022-03-07
11.0,71,1.3,16.2,188,2022-03-08
11.0,70,0.4,21.3,186,2022-03-09
12.9,75,8.5,15.1,199,2022-03-10
13.2,72,5.4,26.0,168,2022-03-11
12.3,69,3.6,21.4,190,2022-03-12
11.3,71,13.2,11.0,232,2022-03-13
10.9,71,3.5,15.0,130,2022-03-14
15.6,70,0.0,22.1,158,2022-03-15
14.2,75,1.2,23.4,260,2022-03-16
10.5,88,6.1,20.0,348,2022-03-17
10.1,85,1.6,12.6,4,2022-03-18
12.4,69,0.0,14.1,175,2022-03-19
14.1,66,0.2,19.1,176,2022-03-20
14.7,65,0.6,26.9,158,2022-03-21
13.0,63,8.0,28.2,163,2022-03-22
12.7,59,0.0,21.0,165,2022-03-23
12.1,67,0.0,17.9,158,2022-03-24
14.0,74,2.3,10.8,132,2022-03-25
14.2,64,0.0,10.7,172,2022-03-26
14.3,64,0.0,19.1,186,2022-03-27
15.9,54,0.0,15.7,183,2022-03-28
12.3,87,2.4,12.9,311,2022-03-29
11.4,88,4.7,18.6,311,2022-03-30
9.7,87,11.5,20.5,305,2022-03-31
6.4,72,6.9,22.3,332,2022-04-01
6.2,77,14.7,15.5,328,2022-04-02
5.3,80,8.1,13.9,5,2022-04-03
5.9,71,0.2,12.7,32,2022-04-04
6.5,73,0.0,12.9,353,2022-04-05
7.4,79,0.0,12.9,251,2022-04-06
12.2,74,0.0,19.3,205,2022-04-07
13.8,72,4.8,27.1,234,2022-04-08
11.3,81,0.8,9.7,342,2022-04-09
14.4,68,0.0,21.3,161,2022-04-10
18.9,57,0.0,30.6,170,2022-04-11
16.6,65,2.1,22.7,193,2022-04-12
13.0,82,0.0,17.8,309,2022-04-13
13.7,89,0.3,10.9,323,2022-04-14
13.7,88,0.0,11.6,306,2022-04-15
14.7,81,0.0,13.0,317,2022-04-16
13.2,78,0.0,16.5,306,2022-04-17
13.0,83,0.2,12.3,335,2022-04-18
10.7,90,15.3,14.7,339,2022-04-19
10.2,84,14.9,26.1,328,2022-04-20
10.7,86,19.8,21.2,307,2022-04-21
12.1,78,1.2,12.8,174,2022-04-22
10.8,80,15.8,21.3,231,2022-04-23
13.4,76,5.1,22.0,275,2022-04-24
13.5,78,0.0,15.9,96,2022-04-25
16.2,70,0.0,11.9,207,2022-04-26
14.4,92,11.4,9.0,9,2022-04-27
13.8,88,4.5,16.5,333,2022-04-28
13.4,86,0.0,12.6,338,2022-04-29
14.5,85,0.0,11.0,336,2022-04-30
13.3,86,0.0,13.9,321,2022-05-01
13.3,84,3.2,13.5,341,2022-05-02
14.1,86,2.0,18.0,318,2022-05-03
13.2,85,0.2,14.3,317,2022-05-04
13.9,82,0.6,13.0,332,2022-05-05
13.2,82,0.2,12.9,323,2022-05-06
14.4,83,0.0,13.7,327,2022-05-07
15.2,82,0.0,12.3,355,2022-05-08
17.3,76,0.0,10.4,221,2022-05-09
16.9,84,0.0,13.7,310,2022-05-10
15.4,87,0.0,15.6,336,2022-05-11
15.7,88,2.4,11.4,18,2022-05-12
17.3,87,1.7,13.3,19,2022-05-13
19.7,82,1.2,21.7,183,2022-05-14
21.4,70,0.3,17.8,212,2022-05-15
21.0,67,0.0,15.6,192,2022-05-16
22.4,62,0.0,18.4,222,2022-05-17
21.0,76,0.0,18.7,270,2022-05-18
18.9,73,0.0,11.4,6,2022-05-19
17.5,88,0.0,16.6,336,2022-05-20
20.1,83,0.0,18.8,339,2022-05-21
21.4,78,0.7,20.0,268,2022-05-22
16.5,82,3.6,15.9,304,2022-05-23
13.5,84,5.9,16.4,305,2022-05-24
14.0,82,3.9,16.3,319,2022-05-25
16.0,80,0.8,13.0,346,2022-05-26
16.7,81,0.4,12.5,13,2022-05-27
17.2,83,0.2,13.4,360,2022-05-28
16.9,75,0.0,14.2,30,2022-05-29
16.6,77,5.2,16.4,359,2022-05-30
17.9,69,1.4,12.0,48,2022-05-31
19.8,77,0.9,15.6,301,2022-06-01
19.1,85,0.1,15.4,334,2022-06-02
18.9,83,0.1,15.4,332,2022-06-03
18.3,84,0.7,16.8,341,2022-06-04
18.2,83,1.7,15.6,346,2022-06-05
18.6,76,0.0,13.7,342,2022-06-06
19.4,78,0.0,13.8,355,2022-06-07
18.5,85,6.6,18.8,312,2022-06-08
18.6,82,1.5,11.8,339,2022-06-09
19.2,77,0.0,12.9,2,2022-06-10
18.7,87,0.6,13.4,349,2022-06-11
19.5,87,7.1,19.9,348,2022-06-12
20.7,83,0.3,12.7,337,2022-06-13
23.4,83,0.0,15.6,320,2022-06-14
23.7,81,0.0,14.6,356,2022-06-15
27.2,72,0.0,19.1,51,2022-06-16
29.5,63,0.0,10.9,119,2022-06-17
27.7,60,0.0,15.9,240,2022-06-18
21.1,76,0.9,20.0,332,2022-06-19
18.1,83,3.7,14.3,355,2022-06-20
19.2,83,2.6,18.0,351,2022-06-21
18.7,85,7.0,11.4,346,2022-06-22
18.9,85,6.8,11.7,306,2022-06-23
19.1,78,1.4,14.5,353,2022-06-24
17.0,80,6.3,13.8,336,2022-06-25
15.7,79,1.3,14.1,332,2022-06-26
16.2,78,2.2,15.6,345,2022-06-27
17.1,76,0.0,15.0,338,2022-06-28
16.3,84,1.5,18.5,322,2022-06-29
15.5,85,3.9,12.5,310,2022-06-30
16.3,75,0.0,13.3,84,2022-07-01
18.6,80,0.0,15.7,321,2022-07-02
18.9,81,0.4,15.3,8,2022-07-03
18.6,79,0.0,12.4,339,2022-07-04
19.6,78,0.2,14.5,331,2022-07-05
19.9,83,0.4,17.5,324,2022-07-06
19.4,81,0.3,16.3,324,2022-07-07
19.9,82,0.0,15.2,337,2022-07-08
20.9,77,0.0,13.1,320,2022-07-09
22.8,68,0.0,13.8,350,2022-07-10
24.2,69,0.0,14.8,316,2022-07-11
25.9,66,0.0,13.0,346,2022-07-12
27.4,52,0.0,12.5,60,2022-07-13
26.0,54,0.0,14.2,323,2022-07-14
25.3,64,0.0,14.6,21,2022-07-15
28.0,58,0.0,12.5,63,2022-07-16
30.1,54,0.0,15.3,114,2022-07-17
28.1,59,0.0,21.2,251,2022-07-18
23.1,72,0.0,19.4,17,2022-07-19
21.7,78,5.5,12.0,344,2022-07-20
22.4,77,0.0,14.5,24,2022-07-21
20.5,80,1.2,14.2,339,2022-07-22
21.1,69,0.0,14.2,20,2022-07-23
22.7,76,0.0,18.9,331,2022-07-24
21.3,78,0.3,19.4,328,2022-07-25
20.8,72,0.3,14.9,354,2022-07-26
20.1,68,0.0,11.7,355,2022-07-27
20.7,68,0.0,13.4,357,2022-07-28
21.2,73,0.0,14.8,335,2022-07-29
21.6,78,0.6,12.3,347,2022-07-30
22.3,77,0.5,15.1,20,2022-07-31
22.5,78,0.0,13.9,38,2022-08-01
23.5,77,0.0,13.0,352,2022-08-02
23.8,82,0.0,13.1,336,2022-08-03
22.3,84,0.5,14.0,326,2022-08-04
21.5,81,1.7,16.0,342,2022-08-05
22.5,76,0.0,13.0,333,2022-08-06
22.7,72,0.0,15.2,334,2022-08-07
22.9,69,0.0,14.8,336,2022-08-08
24.5,68,3.1,12.6,333,2022-08-09
27.3,63,0.0,11.9,277,2022-08-10
28.4,55,0.2,13.4,260,2022-08-11
24.1,80,0.0,16.2,350,2022-08-12
22.5,80,0.0,17.7,347,2022-08-13
21.2,74,0.6,16.9,329,2022-08-14
20.9,72,0.0,15.5,336,2022-08-15
20.5,80,4.8,18.5,328,2022-08-16
18.1,85,7.2,21.2,285,2022-08-17
18.0,81,7.4,26.3,292,2022-08-18
19.7,76,0.0,13.8,35,2022-08-19
21.4,80,0.0,13.5,51,2022-08-20
21.5,84,0.3,15.7,325,2022-08-21
21.0,89,7.3,16.0,313,2022-08-22
22.4,85,0.8,13.4,29,2022-08-23
24.2,82,0.0,17.3,332,2022-08-24
22.2,88,1.8,16.9,334,2022-08-25
21.1,84,2.1,13.7,342,2022-08-26
21.0,80,0.0,12.6,33,2022-08-27
24.8,74,0.0,8.6,157,2022-08-28
24.0,73,3.8,33.0,171,2022-08-29
22.4,80,0.0,15.1,347,2022-08-30
21.0,93,6.7,11.4,337,2022-08-31
21.7,84,0.6,16.2,13,2022-09-01
20.8,81,0.6,17.7,307,2022-09-02
20.1,78,0.3,15.0,354,2022-09-03
22.6,65,0.0,12.9,209,2022-09-04
23.7,55,0.0,20.5,211,2022-09-05
21.9,71,0.2,20.1,232,2022-09-06
20.1,69,0.5,16.6,289,2022-09-07
20.1,70,0.4,16.7,340,2022-09-08
20.0,79,4.7,13.3,338,2022-09-09
21.4,66,0.0,13.1,74,2022-09-10
26.3,57,0.0,14.7,191,2022-09-11
28.2,46,0.0,28.3,190,2022-09-12
27.4,42,0.1,28.1,177,2022-09-13
24.8,49,0.0,22.0,210,2022-09-14
21.6,76,5.7,14.8,301,2022-09-15
20.1,80,2.3,20.4,337,2022-09-16
18.4,64,0.1,13.6,37,2022-09-17
17.8,62,0.0,12.8,37,2022-09-18
18.1,69,0.0,13.0,6,2022-09-19
16.2,74,0.0,14.0,337,2022-09-20
15.7,73,0.0,14.1,306,2022-09-21
16.9,71,0.0,14.2,288,2022-09-22
16.4,81,1.5,12.2,302,2022-09-23
15.2,90,9.9,16.8,295,2022-09-24
14.5,81,2.5,16.4,305,2022-09-25
14.7,85,5.2,14.7,278,2022-09-26
16.6,80,7.7,25.7,289,2022-09-27
17.0,81,4.3,23.2,279,2022-09-28
14.6,87,17.3,19.8,287,2022-09-29
14.6,86,11.4,16.5,305,2022-09-30
16.9,78,0.0,13.0,212,2022-10-01
16.5,86,0.0,9.7,264,2022-10-02
17.9,89,0.0,11.5,0,2022-10-03
18.0,84,0.0,10.1,255,2022-10-04
17.7,84,0.0,16.3,292,2022-10-05
17.8,85,0.1,12.9,51,2022-10-06
17.9,86,0.1,14.3,294,2022-10-07
17.6,84,0.6,11.0,5,2022-10-08
19.2,74,0.0,16.4,212,2022-10-09
17.8,85,2.5,11.6,166,2022-10-10
17.6,93,3.1,10.8,356,2022-10-11
17.4,90,2.3,10.2,330,2022-10-12
17.4,81,0.0,10.7,255,2022-10-13
19.2,81,0.0,14.1,258,2022-10-14
18.3,79,0.0,13.3,218,2022-10-15
21.0,60,1.3,19.1,185,2022-10-16
21.3,63,0.4,13.7,184,2022-10-17
22.9,66,0.0,19.3,170,2022-10-18
23.2,56,0.3,21.7,187,2022-10-19
20.6,61,0.4,24.7,183,2022-10-20
20.5,55,0.0,20.2,190,2022-10-21
21.5,53,0.0,24.6,175,2022-10-22
22.0,48,0.0,41.7,194,2022-10-23
20.2,53,2.8,21.5,206,2022-10-24
21.3,52,0.6,24.9,198,2022-10-25
22.3,53,0.0,20.7,189,2022-10-26
24.6,40,0.0,17.7,171,2022-10-27
24.1,40,0.1,16.6,177,2022-10-28
23.3,48,0.0,19.6,177,2022-10-29
17.1,81,4.1,12.6,169,2022-10-30
17.4,79,2.4,16.3,199,2022-10-31
16.4,81,0.5,17.2,262,2022-11-01
14.1,78,0.0,10.0,210,2022-11-02
16.0,69,7.7,26.8,231,2022-11-03
11.9,81,3.8,23.8,272,2022-11-04
12.3,81,0.0,9.0,189,2022-11-05
13.9,68,0.0,14.7,212,2022-11-06
15.7,66,1.8,29.6,193,2022-11-07
18.9,59,0.0,29.4,190,2022-11-08
14.7,82,5.2,12.9,214,2022-11-09
12.8,83,0.0,9.3,179,2022-11-10
14.1,72,0.0,15.2,176,2022-11-11
18.1,68,0.0,25.5,155,2022-11-12
17.3,69,0.0,17.6,184,2022-11-13
15.0,78,6.4,18.5,206,2022-11-14
15.7,73,12.3,28.9,203,2022-11-15
16.1,72,0.3,28.8,207,2022-11-16
14.8,90,25.1,15.2,243,2022-11-17
10.8,86,5.4,19.8,276,2022-11-18
9.2,85,12.7,21.2,280,2022-11-19
11.6,85,4.6,12.4,221,2022-11-20
12.3,85,22.8,24.9,265,2022-11-21
10.6,70,1.6,19.7,207,2022-11-22
14.9,81,8.0,24.0,280,2022-11-23
11.4,84,14.0,15.9,190,2022-11-24
10.8,89,11.4,17.3,269,2022-11-25
10.6,76,0.0,12.6,190,2022-11-26
12.6,59,3.0,21.3,202,2022-11-27
11.2,84,8.9,19.7,275,2022-11-28
11.1,89,4.9,15.6,288,2022-11-29
10.1,91,0.0,12.1,114,2022-11-30
9.1,86,0.1,10.5,3,2022-12-01
7.9,80,0.0,9.7,110,2022-12-02
6.4,88,7.7,12.2,268,2022-12-03
6.1,82,1.0,10.8,185,2022-12-04
7.8,78,0.0,15.3,186,2022-12-05
11.5,82,0.0,14.4,195,2022-12-06
10.8,95,4.6,6.7,167,2022-12-07
10.8,93,6.3,14.4,154,2022-12-08
10.9,92,11.3,13.3,330,2022-12-09
7.2,81,0.9,12.6,36,2022-12-10
7.0,86,0.1,8.1,192,2022-12-11
9.3,88,10.6,23.0,176,2022-12-12
14.3,86,1.4,14.0,188,2022-12-13
14.3,78,5.9,16.7,197,2022-12-14
12.7,86,8.4,12.3,214,2022-12-15
10.4,90,5.5,12.2,324,2022-12-16
8.9,86,0.0,12.0,172,2022-12-17
12.6,69,0.0,25.0,189,2022-12-18
12.7,66,27.9,30.8,183,2022-12-19
13.2,78,15.4,22.0,177,2022-12-20
14.8,74,0.0,21.5,208,2022-12-21
16.5,71,0.0,19.5,211,2022-12-22
17.5,64,0.0,23.0,209,2022-12-23
14.9,68,0.0,24.9,196,2022-12-24
15.2,63,2.3,25.2,169,2022-12-25
14.4,77,1.1,13.4,244,2022-12-26
12.6,94,0.3,6.0,205,2022-12-27
13.5,72,0.0,22.0,205,2022-12-28
13.4,82,5.7,18.7,228,2022-12-29
17.2,68,0.5,27.7,200,2022-12-30
17.3,45,0.0,31.8,187,2022-12-31
17.5,45,0.0,22.9,176,2023-01-01
12.2,85,8.0,10.0,315,2023-01-02
8.1,83,0.0,9.3,201,2023-01-03
8.9,77,0.0,11.4,213,2023-01-04
8.6,87,0.0,10.0,199,2023-01-05
8.0,77,0.0,20.0,212,2023-01-06
11.5,68,4.8,32.6,202,2023-01-07
12.4,86,14.0,21.0,234,2023-01-08
10.1,80,1.4,21.3,285,2023-01-09
10.2,73,0.0,17.0,201,2023-01-10
12.1,81,5.6,19.3,249,2023-01-11
8.6,85,0.0,10.8,198,2023-01-12
10.1,82,1.5,11.8,200,2023-01-13
12.5,70,0.0,23.6,206,2023-01-14
9.8,77,7.5,26.3,262,2023-01-15
9.5,81,61.1,28.2,226,2023-01-16
8.3,81,29.7,28.6,274,2023-01-17
4.3,87,29.4,22.9,266,2023-01-18
6.4,84,33.1,25.5,239,2023-01-19
8.2,83,2.4,21.7,10,2023-01-20
4.3,78,1.8,13.0,343,2023-01-21
5.6,73,0.3,16.6,355,2023-01-22
5.8,80,5.8,14.9,16,2023-01-23
4.8,89,3.5,12.3,45,2023-01-24
5.5,83,2.3,14.2,323,2023-01-25
7.2,88,5.8,17.3,352,2023-01-26
6.3,88,11.6,16.1,11,2023-01-27
5.8,88,5.6,15.5,17,2023-01-28
5.6,84,1.2,12.6,19,2023-01-29
6.3,81,0.0,7.7,294,2023-01-30
7.6,82,0.4,12.0,290,2023-01-31
9.0,89,1.3,11.5,358,2023-02-01
6.9,80,0.0,9.7,112,2023-02-02
4.4,86,0.0,10.0,186,2023-02-03
6.0,86,0.0,11.0,241,2023-02-04
9.0,84,0.9,13.8,13,2023-02-05
7.3,76,0.1,13.7,32,2023-02-06
4.0,89,2.7,11.2,188,2023-02-07
6.1,90,0.0,11.1,68,2023-02-08
5.8,82,0.0,10.5,212,2023-02-09
4.4,83,0.0,11.7,166,2023-02-10
5.8,70,0.0,14.9,185,2023-02-11
8.2,59,0.0,15.7,190,2023-02-12
9.8,60,0.0,15.4,192,2023-02-13
10.8,59,0.0,18.0,186,2023-02-14
11.8,66,0.0,16.3,198,2023-02-15
9.4,79,0.0,11.0,226,2023-02-16
10.0,78,0.0,10.0,189,2023-02-17
10.8,69,0.0,14.0,200,2023-02-18
8.9,88,0.0,9.6,108,2023-02-19
13.8,79,0.0,9.0,187,2023-02-20
13.7,69,0.0,13.2,224,2023-02-21
11.2,93,12.7,8.9,254,2023-02-22
7.2,91,39.3,21.8,316,2023-02-23
7.0,74,6.0,15.6,211,2023-02-24
8.0,66,0.0,10.1,205,2023-02-25
7.2,73,2.9,21.3,4,2023-02-26
4.1,67,2.9,22.5,10,2023-02-27
5.2,75,5.9,18.6,350,2023-02-28
4.9,74,1.4,13.0,351,2023-03-01
6.8,80,2.4,17.6,301,2023-03-02
7.0,88,5.3,11.0,308,2023-03-03
7.3,85,0.6,6.9,24,2023-03-04
5.9,83,0.0,11.0,205,2023-03-05
8.2,82,0.0,8.1,137,2023-03-06
11.3,83,1.0,20.1,224,2023-03-07
16.3,67,6.1,28.0,210,2023-03-08
14.8,75,0.2,28.6,214,2023-03-09
15.4,66,0.5,17.5,223,2023-03-10
16.1,78,6.6,18.7,231,2023-03-11
16.8,85,6.8,10.8,193,2023-03-12
16.5,68,6.6,28.3,209,2023-03-13
11.5,75,1.3,23.7,280,2023-03-14
11.8,79,0.0,8.4,159,2023-03-15
17.3,59,0.0,14.9,183,2023-03-16
15.9,62,0.7,23.3,199,2023-03-17
12.9,75,8.6,16.9,239,2023-03-18
11.8,87,2.7,16.4,304,2023-03-19
11.9,83,0.0,10.0,215,2023-03-20
12.5,84,0.0,13.7,341,2023-03-21
13.9,69,0.0,12.9,198,2023-03-22
17.9,42,0.0,20.0,198,2023-03-23
14.4,69,3.9,18.1,260,2023-03-24
13.4,69,0.0,18.8,207,2023-03-25
14.0,70,6.3,27.9,289,2023-03-26
11.4,77,2.1,16.0,315,2023-03-27
15.8,61,0.0,14.2,175,2023-03-28
20.7,40,0.0,22.2,189,2023-03-29
17.9,57,0.0,22.0,207,2023-03-30
15.5,70,4.9,22.5,284,2023-03-31
11.7,81,8.3,24.7,293,2023-04-01
10.7,82,4.4,23.2,315,2023-04-02
10.5,79,0.4,13.0,46,2023-04-03
9.8,79,0.2,12.9,351,2023-04-04
8.7,78,0.0,11.8,79,2023-04-05
10.7,73,0.0,14.8,342,2023-04-06
12.0,74,0.0,10.6,70,2023-04-07
14.5,69,0.0,11.5,103,2023-04-08
15.1,68,0.0,15.3,261,2023-04-09
14.4,73,0.0,13.3,350,2023-04-10
15.1,83,1.5,16.2,3,2023-04-11
10.8,89,8.2,20.0,277,2023-04-12
9.9,80,3.8,22.4,281,2023-04-13
12.9,78,5.7,23.3,261,2023-04-14
12.4,90,7.1,19.0,314,2023-04-15
12.5,78,0.0,13.1,36,2023-04-16
10.8,76,0.0,15.3,30,2023-04-17
11.4,80,0.0,14.2,33,2023-04-18
14.6,75,0.0,14.8,181,2023-04-19
14.5,80,0.0,13.1,312,2023-04-20
16.6,76,0.0,18.3,283,2023-04-21
14.8,75,8.9,10.9,6,2023-04-22
15.0,73,3.2,18.6,240,2023-04-23
15.4,82,2.5,10.2,289,2023-04-24
16.7,83,3.9,12.4,336,2023-04-25
17.8,84,0.6,13.6,338,2023-04-26
19.1,82,0.0,11.3,293,2023-04-27
17.8,82,0.1,16.9,304,2023-04-28
16.2,89,0.7,12.6,323,2023-04-29
15.6,87,1.7,14.2,339,2023-04-30
15.5,81,0.0,11.8,33,2023-05-01
15.5,74,0.0,14.8,93,2023-05-02
21.5,57,0.0,21.1,182,2023-05-03
19.0,67,0.1,15.7,309,2023-05-04
17.2,75,0.0,14.6,19,2023-05-05
16.5,79,0.0,18.4,320,2023-05-06
16.0,82,0.6,14.5,329,2023-05-07
16.0,75,0.0,12.5,299,2023-05-08
15.6,83,8.7,20.4,292,2023-05-09
14.0,75,1.2,18.3,306,2023-05-10
12.7,85,9.2,19.7,301,2023-05-11
12.5,83,10.8,19.8,312,2023-05-12
13.1,83,2.8,20.7,307,2023-05-13
13.8,90,11.7,19.2,316,2023-05-14
13.2,90,4.7,16.5,311,2023-05-15
13.3,74,2.6,18.0,340,2023-05-16
13.4,71,0.1,17.3,1,2023-05-17
14.5,69,0.2,21.3,358,2023-05-18
14.3,75,2.8,18.4,336,2023-05-19
14.1,82,2.4,16.9,317,2023-05-20
14.3,83,0.3,13.4,314,2023-05-21
15.2,87,1.7,16.3,322,2023-05-22
16.4,91,1.6,18.7,323,2023-05-23
16.3,88,2.3,14.3,326,2023-05-24
15.5,79,1.5,19.3,331,2023-05-25
17.3,76,0.7,16.4,105,2023-05-26
20.7,71,0.0,13.8,127,2023-05-27
19.0,81,0.4,13.5,312,2023-05-28
18.7,82,0.0,12.3,337,2023-05-29
18.7,84,0.6,11.9,329,2023-05-30
18.4,86,0.1,15.9,320,2023-05-31
18.9,82,3.9,9.9,23,2023-06-01
20.4,72,0.8,12.3,128,2023-06-02
20.2,78,2.1,9.6,300,2023-06-03
19.9,79,0.0,10.1,325,2023-06-04
20.1,78,0.1,10.9,342,2023-06-05
22.4,74,0.9,10.0,199,2023-06-06
23.3,71,1.6,16.2,169,2023-06-07
23.5,71,9.2,14.4,176,2023-06-08
23.0,67,1.0,18.0,211,2023-06-09
20.9,79,2.0,15.8,304,2023-06-10
20.8,84,4.3,11.1,49,2023-06-11
20.3,86,10.8,12.4,34,2023-06-12
18.9,88,12.1,21.1,312,2023-06-13
19.4,85,2.5,19.6,316,2023-06-14
19.9,80,0.0,12.1,14,2023-06-15
21.0,79,0.0,9.8,48,2023-06-16
21.1,87,0.8,16.4,334,2023-06-17
20.4,87,1.4,13.9,356,2023-06-18
22.7,79,0.5,16.9,158,2023-06-19
19.9,89,3.1,12.8,337,2023-06-20
19.7,89,2.9,14.6,2,2023-06-21
20.6,82,1.0,12.1,329,2023-06-22
20.9,80,0.0,12.0,58,2023-06-23
23.4,76,0.0,9.4,94,2023-06-24
22.1,80,0.0,17.2,321,2023-06-25
21.2,79,0.5,15.5,5,2023-06-26
20.0,75,0.0,14.2,355,2023-06-27
20.4,76,0.0,15.5,340,2023-06-28
18.8,89,7.5,20.0,321,2023-06-29
18.3,76,4.0,18.6,314,2023-06-30
19.7,79,0.5,19.0,297,2023-07-01
20.1,87,1.7,13.2,332,2023-07-02
20.1,81,0.0,13.9,9,2023-07-03
19.7,80,0.0,14.6,322,2023-07-04
20.6,79,0.3,13.0,351,2023-07-05
20.8,81,0.2,14.4,15,2023-07-06
24.9,70,0.3,18.4,177,2023-07-07
22.6,77,0.0,16.4,358,2023-07-08
20.8,84,0.5,16.6,336,2023-07-09
22.5,76,0.0,14.1,337,2023-07-10
21.1,83,0.3,16.5,337,2023-07-11
21.1,78,0.1,15.1,343,2023-07-12
20.6,84,7.2,11.9,27,2023-07-13
23.4,72,0.0,19.1,295,2023-07-14
19.9,84,7.3,15.2,329,2023-07-15
19.6,75,0.3,15.8,3,2023-07-16
21.6,72,0.0,15.5,34,2023-07-17
21.5,82,0.0,20.3,321,2023-07-18
20.4,81,0.3,13.3,353,2023-07-19
19.7,80,0.0,14.4,341,2023-07-20
20.3,78,3.2,13.7,349,2023-07-21
20.1,75,0.0,15.0,338,2023-07-22
20.7,76,0.0,16.7,340,2023-07-23
19.9,81,1.6,20.4,301,2023-07-24
18.7,74,2.2,20.6,301,2023-07-25
20.1,77,0.3,11.8,314,2023-07-26
21.1,83,0.6,19.1,319,2023-07-27
22.7,75,0.0,16.9,330,2023-07-28
22.1,78,0.5,18.9,325,2023-07-29
21.0,79,1.1,12.6,359,2023-07-30
20.2,80,0.0,14.2,328,2023-07-31
20.7,83,1.0,20.1,299,2023-08-01
21.7,80,0.6,23.5,291,2023-08-02
19.4,72,2.4,23.9,301,2023-08-03
17.6,80,9.3,20.4,310,2023-08-04
19.0,75,0.4,19.1,302,2023-08-05
18.9,76,1.8,14.8,341,2023-08-06
19.6,67,0.0,13.8,52,2023-08-07
21.0,72,0.0,12.6,20,2023-08-08
26.4,64,0.0,13.2,137,2023-08-09
23.2,74,0.0,23.4,326,2023-08-10
23.3,71,0.0,14.7,332,2023-08-11
21.1,83,2.2,17.3,332,2023-08-12
21.3,80,0.0,12.6,20,2023-08-13
21.0,84,0.5,14.4,346,2023-08-14
21.0,83,0.6,14.8,22,2023-08-15
20.4,90,3.3,11.3,360,2023-08-16
21.9,82,0.0,14.9,10,2023-08-17
25.4,73,0.0,17.1,195,2023-08-18
24.5,78,0.0,16.3,36,2023-08-19
22.9,85,0.0,13.6,334,2023-08-20
23.2,80,0.0,14.5,337,2023-08-21
24.1,78,0.0,12.1,6,2023-08-22
30.2,61,0.0,12.8,176,2023-08-23
26.8,62,0.0,17.8,326,2023-08-24
21.9,81,1.6,17.0,333,2023-08-25
18.3,89,14.3,14.3,317,2023-08-26
16.7,84,10.2,21.4,304,2023-08-27
18.4,86,10.2,23.5,296,2023-08-28
18.8,80,3.2,16.1,318,2023-08-29
18.5,81,2.8,20.3,301,2023-08-30
20.0,79,0.0,12.4,310,2023-08-31
20.5,86,0.0,15.8,341,2023-09-01
19.7,93,17.2,9.7,28,2023-09-02
19.6,89,4.0,13.9,119,2023-09-03
25.7,63,5.8,24.0,161,2023-09-04
24.9,74,0.1,15.2,173,2023-09-05
24.7,74,0.0,12.1,223,2023-09-06
25.3,71,0.0,13.7,199,2023-09-07
25.3,73,0.6,9.4,181,2023-09-08
25.1,76,0.2,13.7,243,2023-09-09
23.5,86,1.9,11.9,6,2023-09-10
22.2,87,3.3,12.6,335,2023-09-11
19.5,90,23.7,14.0,305,2023-09-12
19.5,87,0.9,11.5,357,2023-09-13
19.9,85,0.1,11.2,98,2023-09-14
21.3,84,2.0,15.3,185,2023-09-15
22.8,73,0.2,16.6,181,2023-09-16
21.1,74,0.6,18.8,196,2023-09-17
21.0,63,0.6,22.2,239,2023-09-18
20.1,80,1.2,14.7,30,2023-09-19
20.0,84,0.0,13.4,214,2023-09-20
19.4,68,8.9,23.7,235,2023-09-21
15.0,87,7.2,20.1,258,2023-09-22
16.7,81,0.4,10.3,318,2023-09-23
18.9,74,0.0,13.0,200,2023-09-24
18.8,73,0.0,10.0,142,2023-09-25
18.1,85,0.0,11.9,322,2023-09-26
20.3,80,0.0,21.7,220,2023-09-27
20.9,72,0.0,12.3,227,2023-09-28
20.2,81,0.0,13.5,93,2023-09-29
22.6,82,0.0,7.2,171,2023-09-30
22.3,73,0.0,8.7,216,2023-10-01
23.2,73,0.0,15.5,216,2023-10-02
19.1,91,4.1,9.8,342,2023-10-03
19.1,85,0.0,10.2,63,2023-10-04
20.4,86,0.0,8.7,164,2023-10-05
20.5,87,0.0,9.1,260,2023-10-06
23.0,79,0.0,6.8,183,2023-10-07
21.7,69,0.0,10.1,232,2023-10-08
19.1,70,0.0,7.3,238,2023-10-09
19.2,64,0.0,7.7,221,2023-10-10
19.8,58,0.0,10.1,208,2023-10-11
21.0,56,0.0,13.6,201,2023-10-12
22.0,55,1.3,18.1,209,2023-10-13
17.8,94,13.3,13.5,8,2023-10-14
17.0,82,3.5,12.8,81,2023-10-15
19.4,76,2.5,13.4,188,2023-10-16
23.9,56,0.0,25.2,165,2023-10-17
23.6,58,8.5,25.8,205,2023-10-18
20.2,65,2.6,31.3,196,2023-10-19
16.0,69,5.1,27.9,245,2023-10-20
13.4,70,0.0,17.0,218,2023-10-21
14.5,69,0.5,16.5,168,2023-10-22
14.9,87,14.7,13.7,237,2023-10-23
14.8,74,1.1,30.8,204,2023-10-24
18.3,71,1.9,23.4,216,2023-10-25
16.4,93,54.2,8.6,196,2023-10-26
14.7,73,3.9,20.9,218,2023-10-27
18.8,58,0.0,28.0,202,2023-10-28
18.1,72,15.0,23.0,194,2023-10-29
15.8,72,2.9,15.8,229,2023-10-30
15.0,61,0.0,17.9,203,2023-10-31
16.8,63,7.9,39.9,203,2023-11-01
13.8,74,30.4,40.9,253,2023-11-02
11.8,69,4.2,29.3,243,2023-11-03
15.5,69,18.3,35.5,212,2023-11-04
14.1,66,3.2,25.7,227,2023-11-05
10.9,76,1.2,16.1,232,2023-11-06
10.0,76,0.1,21.2,224,2023-11-07
12.4,71,0.6,25.9,204,2023-11-08
14.0,78,6.7,17.1,268,2023-11-09
12.6,93,8.3,8.0,198,2023-11-10
14.8,93,14.7,23.3,186,2023-11-11
17.3,77,5.7,14.8,208,2023-11-12
20.2,65,0.0,23.2,212,2023-11-13
18.3,74,2.3,20.5,224,2023-11-14
16.5,84,0.7,10.8,170,2023-11-15
17.4,80,2.8,21.5,261,2023-11-16
13.5,87,1.2,6.3,195,2023-11-17
14.0,83,0.0,10.7,206,2023-11-18
12.7,89,0.0,9.0,225,2023-11-19
12.7,95,3.9,16.5,295,2023-11-20
11.1,89,7.9,23.3,302,2023-11-21
12.0,86,4.9,19.3,6,2023-11-22
10.8,77,0.2,12.2,4,2023-11-23
12.0,87,0.1,8.1,281,2023-11-24
11.7,91,0.3,6.9,122,2023-11-25
9.3,89,0.0,5.2,178,2023-11-26
10.8,90,6.7,19.4,246,2023-11-27
13.0,95,16.6,17.4,296,2023-11-28
14.4,88,10.9,20.6,190,2023-11-29
12.8,93,43.9,13.8,310,2023-11-30
9.8,90,15.0,19.6,218,2023-12-01
8.7,92,10.2,22.1,293,2023-12-02
8.1,79,0.5,29.9,198,2023-12-03
12.4,68,5.7,30.3,228,2023-12-04
8.7,85,1.0,12.4,241,2023-12-05
7.7,84,0.0,9.6,191,2023-12-06
11.5,68,11.0,29.5,207,2023-12-07
10.9,83,12.0,21.2,244,2023-12-08
14.6,72,7.9,24.0,214,2023-12-09
16.2,79,0.0,20.3,206,2023-12-10
17.1,66,0.0,21.7,209,2023-12-11
14.9,81,12.3,23.7,210,2023-12-12
11.0,80,12.3,25.9,278,2023-12-13
11.0,80,4.7,21.1,319,2023-12-14
11.8,91,4.8,10.9,315,2023-12-15
9.6,88,0.0,8.5,97,2023-12-16
6.7,87,0.0,10.4,195,2023-12-17
6.4,89,0.0,8.8,218,2023-12-18
6.4,85,0.0,9.1,212,2023-12-19
10.4,90,17.8,23.1,324,2023-12-20
11.9,86,3.2,18.5,295,2023-12-21
12.0,90,4.5,16.7,299,2023-12-22
11.3,89,1.4,10.9,294,2023-12-23
9.0,91,0.0,6.8,199,2023-12-24
6.7,86,0.0,8.7,218,2023-12-25
5.3,78,0.0,9.1,207,2023-12-26
9.1,57,0.0,21.8,200,2023-12-27
11.5,66,0.1,22.1,209,2023-12-28
10.9,88,1.7,7.1,217,2023-12-29
11.4,80,0.0,24.1,208,2023-12-30
11.1,75,4.1,30.4,229,2023-12-31
9.4,74,0.0,19.9,201,2024-01-01
13.9,59,0.1,33.9,209,2024-01-02
12.9,87,2.4,7.6,216,2024-01-03
10.6,78,0.0,25.0,206,2024-01-04
8.5,87,11.6,22.7,283,2024-01-05
6.7,90,35.2,19.1,282,2024-01-06
7.2,89,10.2,14.1,298,2024-01-07
6.6,89,3.8,7.6,340,2024-01-08
3.7,91,0.0,7.7,125,2024-01-09
4.5,95,1.3,8.0,167,2024-01-10
5.4,92,4.7,6.7,243,2024-01-11
6.2,89,0.0,7.3,142,2024-01-12
8.9,70,0.0,17.9,193,2024-01-13
11.8,80,4.5,17.5,211,2024-01-14
12.1,92,2.6,8.0,215,2024-01-15
13.4,88,2.7,25.4,187,2024-01-16
16.7,62,1.1,27.5,192,2024-01-17
13.2,67,4.8,31.8,236,2024-01-18
5.4,75,0.1,15.3,53,2024-01-19
4.1,73,0.0,11.8,185,2024-01-20
8.6,60,0.0,21.8,202,2024-01-21
13.2,71,0.7,26.2,208,2024-01-22
13.7,84,0.5,9.4,200,2024-01-23
11.5,89,0.0,8.4,190,2024-01-24
12.0,84,0.0,10.8,206,2024-01-25
10.0,90,0.0,8.3,225,2024-01-26
11.7,84,0.0,11.7,189,2024-01-27
13.6,74,0.0,17.5,193,2024-01-28
13.9,72,0.0,18.6,194,2024-01-29
12.4,81,0.0,12.7,208,2024-01-30
11.2,83,0.0,8.9,207,2024-01-31
9.7,90,0.6,13.0,302,2024-02-01
11.4,93,1.4,8.1,310,2024-02-02
11.2,93,0.0,9.3,135,2024-02-03
10.9,91,0.0,7.8,152,2024-02-04
10.0,90,0.0,8.6,229,2024-02-05
10.4,88,0.0,6.8,187,2024-02-06
10.9,77,0.1,21.1,210,2024-02-07
15.4,53,8.7,44.1,197,2024-02-08
15.1,67,11.1,29.3,188,2024-02-09
10.5,76,13.3,23.7,282,2024-02-10
10.1,64,2.1,13.4,210,2024-02-11
12.0,75,2.4,42.5,254,2024-02-12
12.1,81,0.0,14.6,200,2024-02-13
15.2,77,0.0,16.9,190,2024-02-14
17.5,71,10.0,21.6,203,2024-02-15
12.4,86,7.0,14.3,307,2024-02-16
9.5,84,0.0,7.7,173,2024-02-17
10.3,85,1.6,11.8,234,2024-02-18
12.6,90,4.6,11.3,348,2024-02-19
10.5,86,0.0,8.6,140,2024-02-20
12.1,70,0.0,16.9,204,2024-02-21
14.0,65,6.8,33.2,234,2024-02-22
7.3,78,3.4,19.6,236,2024-02-23
7.6,79,15.5,18.0,261,2024-02-24
12.3,76,16.6,28.6,221,2024-02-25
9.1,85,13.8,33.9,291,2024-02-26
8.6,82,15.8,35.0,333,2024-02-27
10.6,82,4.5,20.6,333,2024-02-28
10.2,88,8.6,24.9,266,2024-02-29
9.9,72,1.5,22.4,233,2024-03-01
9.1,83,17.3,28.8,232,2024-03-02
6.8,83,4.1,23.3,282,2024-03-03
9.3,84,8.2,20.5,216,2024-03-04
8.7,80,2.7,16.8,269,2024-03-05
8.5,78,0.0,9.8,186,2024-03-06
12.7,61,0.2,24.9,159,2024-03-07
11.5,63,3.0,27.6,194,2024-03-08
11.0,61,3.7,24.3,197,2024-03-09
10.0,73,10.7,25.4,237,2024-03-10
9.8,86,4.8,21.9,275,2024-03-11
11.0,84,1.4,8.0,163,2024-03-12
12.6,72,0.0,11.2,184,2024-03-13
15.3,66,0.0,20.5,209,2024-03-14
14.9,74,0.3,13.1,248,2024-03-15
14.8,76,0.0,14.3,197,2024-03-16
17.5,72,0.0,12.8,209,2024-03-17
15.8,87,0.2,13.2,68,2024-03-18
15.8,89,1.0,10.1,332,2024-03-19
14.7,91,0.0,12.5,346,2024-03-20
15.3,86,0.0,11.5,38,2024-03-21
15.1,94,0.4,13.1,320,2024-03-22
12.5,82,2.3,14.4,350,2024-03-23
11.3,76,0.2,12.6,36,2024-03-24
10.2,83,3.7,18.0,283,2024-03-25
8.6,80,9.1,13.0,274,2024-03-26
11.5,64,2.0,32.7,214,2024-03-27
12.5,65,3.4,31.0,202,2024-03-28
11.9,75,8.7,22.3,195,2024-03-29
11.3,74,5.0,18.3,174,2024-03-30
10.3,73,5.7,16.5,199,2024-03-31
11.5,64,2.7,25.4,220,2024-04-01
12.6,66,2.1,33.8,196,2024-04-02
16.7,59,0.0,20.5,209,2024-04-03
18.5,58,0.0,19.1,205,2024-04-04
21.5,45,0.0,29.3,180,2024-04-05
22.2,49,0.0,30.0,164,2024-04-06
16.6,82,7.6,10.7,152,2024-04-07
14.1,78,9.1,27.1,239,2024-04-08
10.5,76,2.7,22.3,294,2024-04-09
11.1,78,0.0,13.0,346,2024-04-10
12.7,76,0.0,11.9,104,2024-04-11
17.1,72,0.0,7.3,156,2024-04-12
18.2,69,0.0,11.2,268,2024-04-13
17.2,76,0.0,15.7,323,2024-04-14
13.1,88,1.7,14.0,330,2024-04-15
11.9,81,4.1,19.7,318,2024-04-16
11.1,84,5.1,17.4,330,2024-04-17
11.6,78,3.8,14.2,349,2024-04-18
11.3,75,0.0,14.0,106,2024-04-19
11.9,80,0.0,13.9,3,2024-04-20
11.3,69,0.0,15.6,9,2024-04-21
10.9,57,0.0,16.9,14,2024-04-22
9.6,78,21.4,18.4,323,2024-04-23
10.5,68,0.0,14.6,313,2024-04-24
10.3,85,4.1,10.2,270,2024-04-25
11.6,89,8.5,10.7,44,2024-04-26
11.7,82,6.3,19.6,237,2024-04-27
9.9,81,0.2,15.7,328,2024-04-28
11.3,81,0.4,10.5,11,2024-04-29
13.2,79,3.0,18.2,240,2024-04-30
10.8,81,12.4,18.9,301,2024-05-01
10.6,78,6.0,9.7,257,2024-05-02
13.7,69,0.7,16.5,214,2024-05-03
18.5,60,1.6,25.3,214,2024-05-04
15.6,84,9.7,26.0,227,2024-05-05
13.7,79,2.1,19.6,303,2024-05-06
13.5,84,3.0,21.1,314,2024-05-07
14.8,80,0.3,13.7,65,2024-05-08
16.1,79,0.0,12.2,93,2024-05-09
19.0,74,0.0,12.9,232,2024-05-10
18.2,79,0.3,16.1,322,2024-05-11
14.9,87,0.2,14.1,339,2024-05-12
16.1,82,11.6,16.4,252,2024-05-13
13.7,87,13.7,12.2,269,2024-05-14
12.4,85,4.4,8.9,270,2024-05-15
13.4,80,4.7,17.7,237,2024-05-16
13.8,84,9.2,12.3,324,2024-05-17
14.1,82,5.4,12.2,47,2024-05-18
13.7,89,5.6,15.5,321,2024-05-19
14.4,83,3.6,16.8,304,2024-05-20
13.6,84,8.7,17.5,302,2024-05-21
14.1,84,8.2,16.6,287,2024-05-22
14.0,81,1.5,12.4,307,2024-05-23
14.4,81,0.0,13.8,32,2024-05-24
17.2,80,0.0,16.8,293,2024-05-25
15.1,88,1.7,13.7,339,2024-05-26
14.8,83,0.9,12.4,346,2024-05-27
15.3,79,0.0,10.5,312,2024-05-28
16.3,83,0.0,12.4,340,2024-05-29
15.6,89,3.7,14.0,326,2024-05-30
14.7,80,1.1,15.4,333,2024-05-31
14.6,83,2.1,15.5,343,2024-06-01
15.9,83,2.6,14.4,349,2024-06-02
16.4,86,0.6,11.6,1,2024-06-03
17.9,81,0.0,10.5,350,2024-06-04
18.7,81,0.0,13.3,331,2024-06-05
18.2,85,0.0,16.6,359,2024-06-06
19.0,83,0.0,12.2,351,2024-06-07
18.2,91,6.9,18.2,314,2024-06-08
16.5,85,5.2,19.9,324,2024-06-09
16.2,75,0.5,17.7,328,2024-06-10
15.5,78,2.9,15.5,312,2024-06-11
15.5,77,1.2,18.5,320,2024-06-12
16.6,76,0.0,15.2,222,2024-06-13
17.5,80,2.1,21.0,316,2024-06-14
16.9,70,0.1,14.8,320,2024-06-15
17.7,73,0.0,16.3,310,2024-06-16
20.8,70,0.0,16.7,226,2024-06-17
19.8,85,7.4,12.9,360,2024-06-18
17.9,86,8.5,14.7,320,2024-06-19
17.3,83,2.3,16.5,317,2024-06-20
17.1,83,0.7,18.8,302,2024-06-21
17.3,86,2.0,18.1,313,2024-06-22
18.0,90,4.3,17.7,311,2024-06-23
19.8,80,0.4,12.2,36,2024-06-24
20.2,82,0.0,14.2,304,2024-06-25
22.1,83,0.0,12.7,350,2024-06-26
21.0,87,0.1,16.5,341,2024-06-27
19.9,84,0.3,14.3,5,2024-06-28
17.9,86,7.1,19.4,319,2024-06-29
17.6,81,0.7,12.4,351,2024-06-30
17.1,85,3.4,16.3,316,2024-07-01
17.9,82,1.6,14.5,335,2024-07-02
17.4,81,0.0,11.5,320,2024-07-03
18.2,86,0.0,12.2,350,2024-07-04
19.7,85,6.0,15.4,2,2024-07-05
17.7,85,5.0,18.6,333,2024-07-06
16.6,79,0.1,10.7,47,2024-07-07
20.1,78,0.0,17.0,331,2024-07-08
20.4,83,2.5,13.8,300,2024-07-09
21.7,85,0.3,13.4,344,2024-07-10
22.1,87,0.0,19.6,336,2024-07-11
18.7,81,3.0,16.8,325,2024-07-12
18.6,74,0.0,15.2,50,2024-07-13
19.4,84,1.0,14.2,330,2024-07-14
20.4,76,3.1,18.6,328,2024-07-15
19.4,79,0.2,13.1,346,2024-07-16
20.9,80,0.0,10.8,58,2024-07-17
21.7,85,0.0,15.8,324,2024-07-18
22.4,82,0.0,14.4,352,2024-07-19
21.6,84,5.7,16.8,334,2024-07-20
18.8,74,1.9,23.7,306,2024-07-21
20.2,70,0.0,10.7,49,2024-07-22
21.5,77,0.0,12.4,34,2024-07-23
21.4,85,0.4,13.7,25,2024-07-24
21.2,82,0.3,15.1,1,2024-07-25
20.7,81,0.0,15.5,348,2024-07-26
21.0,78,0.0,15.2,349,2024-07-27
24.7,81,0.1,10.4,12,2024-07-28
25.5,79,0.0,13.9,355,2024-07-29
27.6,73,1.1,9.0,111,2024-07-30
24.6,83,0.0,14.5,344,2024-07-31
22.3,85,0.1,16.1,332,2024-08-01
20.9,79,0.4,17.5,329,2024-08-02
21.8,75,0.1,13.8,359,2024-08-03
21.3,78,0.0,13.3,28,2024-08-04
22.0,84,0.1,14.1,325,2024-08-05
22.2,83,0.0,11.9,339,2024-08-06
21.4,87,2.4,14.7,9,2024-08-07
21.7,80,0.0,11.8,9,2024-08-08
23.0,77,0.0,13.7,17,2024-08-09
24.4,78,0.0,10.5,16,2024-08-10
29.8,60,0.0,15.7,191,2024-08-11
23.3,79,0.4,14.7,333,2024-08-12
22.0,81,2.5,16.5,334,2024-08-13
20.1,82,11.0,20.6,313,2024-08-14
20.0,73,0.9,11.9,344,2024-08-15
20.1,71,0.0,11.5,303,2024-08-16
21.6,77,1.0,19.0,308,2024-08-17
20.6,85,2.6,11.4,353,2024-08-18
19.5,74,0.0,11.6,52,2024-08-19
19.9,79,1.4,17.2,319,2024-08-20
20.7,77,0.5,14.4,45,2024-08-21
19.5,80,0.0,14.1,339,2024-08-22
21.7,75,0.0,13.8,30,2024-08-23
21.2,79,0.9,28.6,316,2024-08-24
19.7,71,0.8,13.9,3,2024-08-25
19.7,68,0.0,13.5,34,2024-08-26
21.3,72,0.0,13.2,304,2024-08-27
21.1,77,7.6,16.5,351,2024-08-28
20.8,87,4.4,10.4,8,2024-08-29
21.2,89,1.0,11.6,354,2024-08-30
22.7,89,10.8,7.3,117,2024-08-31
21.8,87,4.0,14.9,344,2024-09-01
20.0,93,8.9,15.5,312,2024-09-02
18.8,86,6.0,14.1,312,2024-09-03
18.1,86,10.6,15.5,317,2024-09-04
15.8,88,10.2,12.0,281,2024-09-05
16.6,83,14.9,15.6,102,2024-09-06
16.4,82,0.5,16.4,301,2024-09-07
16.8,82,3.4,15.5,303,2024-09-08
17.3,85,0.9,19.7,289,2024-09-09
18.1,83,2.0,13.6,327,2024-09-10
17.9,80,2.2,20.3,286,2024-09-11
16.0,94,25.3,18.2,334,2024-09-12
15.0,78,5.2,13.8,11,2024-09-13
13.8,77,0.0,13.4,84,2024-09-14
13.6,81,0.0,11.9,342,2024-09-15
13.9,84,0.0,13.3,326,2024-09-16
15.9,83,0.6,15.2,358,2024-09-17
16.7,87,0.1,12.3,6,2024-09-18
18.9,84,0.0,9.4,191,2024-09-19
18.9,85,6.5,14.2,196,2024-09-20
18.2,91,35.4,14.5,236,2024-09-21
17.7,88,8.4,12.7,302,2024-09-22
16.6,84,0.4,14.0,284,2024-09-23
17.5,80,0.9,9.7,219,2024-09-24
21.4,68,0.0,30.1,207,2024-09-25
19.7,83,8.6,25.1,284,2024-09-26
15.1,80,1.9,23.9,283,2024-09-27
13.8,82,2.6,14.9,332,2024-09-28
16.7,67,0.0,16.6,197,2024-09-29
17.2,82,0.0,10.7,237,2024-09-30
19.2,86,3.5,14.2,266,2024-10-01
16.6,96,31.9,12.8,25,2024-10-02
15.8,85,2.0,12.8,342,2024-10-03
13.4,87,0.0,8.9,136,2024-10-04
17.4,82,3.2,16.5,193,2024-10-05
21.1,80,7.2,24.0,216,2024-10-06
18.9,85,15.9,17.3,196,2024-10-07
19.5,61,1.1,20.9,210,2024-10-08
20.3,70,30.9,44.5,212,2024-10-09
14.9,84,1.3,13.8,280,2024-10-10
16.1,76,0.2,16.3,172,2024-10-11
20.1,69,0.1,18.1,181,2024-10-12
19.3,81,0.0,13.9,187,2024-10-13
19.8,86,0.2,7.8,148,2024-10-14
21.3,79,0.2,20.6,169,2024-10-15
19.7,81,14.9,13.7,217,2024-10-16
15.0,93,33.6,26.0,301,2024-10-17
15.2,81,5.5,15.6,283,2024-10-18
17.2,85,0.1,14.2,197,2024-10-19
20.0,73,0.1,17.5,201,2024-10-20
17.4,79,0.0,20.2,246,2024-10-21
15.8,90,3.3,11.0,4,2024-10-22
15.6,85,0.0,10.0,180,2024-10-23
18.3,76,0.0,18.2,186,2024-10-24
14.7,83,8.9,14.8,294,2024-10-25
11.3,89,10.2,6.2,229,2024-10-26
12.8,89,20.4,10.7,270,2024-10-27
12.8,92,0.1,7.9,69,2024-10-28
14.8,90,0.0,9.3,87,2024-10-29
15.2,93,0.6,12.3,119,2024-10-30
16.3,86,0.0,15.8,158,2024-10-31
17.3,82,0.0,12.0,185,2024-11-01
15.3,90,0.0,8.0,242,2024-11-02
17.3,81,0.0,14.8,181,2024-11-03
17.9,77,0.0,15.0,188,2024-11-04
17.9,80,0.0,14.6,197,2024-11-05
15.7,88,0.0,7.2,175,2024-11-06
15.3,86,0.0,14.0,188,2024-11-07
16.2,81,0.0,14.2,197,2024-11-08
14.7,85,12.0,14.2,281,2024-11-09
13.8,88,1.1,11.9,254,2024-11-10
14.4,90,3.3,16.0,358,2024-11-11
11.9,85,8.6,17.8,6,2024-11-12
9.2,87,1.0,14.2,64,2024-11-13
9.1,91,0.0,7.1,166,2024-11-14
11.7,87,0.0,12.2,186,2024-11-15
14.6,80,0.0,15.2,198,2024-11-16
12.0,93,0.1,7.3,182,2024-11-17
13.3,91,0.2,7.4,128,2024-11-18
12.1,89,0.0,13.3,237,2024-11-19
13.9,84,28.4,18.0,274,2024-11-20
14.3,81,21.0,20.3,236,2024-11-21
10.8,75,4.8,24.0,292,2024-11-22
13.3,62,0.0,25.0,184,2024-11-23
16.4,63,0.0,31.0,169,2024-11-24
14.2,81,22.5,21.5,206,2024-11-25
9.8,83,0.0,11.2,198,2024-11-26
10.7,78,0.0,11.5,200,2024-11-27
11.0,79,0.0,13.4,193,2024-11-28
14.5,66,0.0,14.5,201,2024-11-29
13.7,81,0.0,15.5,200,2024-11-30
15.8,74,0.0,14.9,202,2024-12-01
12.3,90,5.1,10.4,268,2024-12-02
11.6,91,2.8,4.6,218,2024-12-03
10.9,89,5.1,8.1,51,2024-12-04
12.1,81,0.1,10.4,201,2024-12-05
15.1,93,16.1,12.3,265,2024-12-06
11.8,88,11.4,31.6,290,2024-12-07
8.6,85,21.7,32.2,310,2024-12-08
8.5,89,14.8,20.8,324,2024-12-09
7.7,87,3.3,12.0,3,2024-12-10
6.7,89,1.3,5.0,129,2024-12-11
6.7,85,0.0,7.2,182,2024-12-12
6.9,85,0.1,11.6,197,2024-12-13
6.5,88,1.7,18.2,245,2024-12-14
8.9,92,9.3,9.2,288,2024-12-15
7.3,83,0.0,14.8,184,2024-12-16
10.8,60,0.0,20.9,196,2024-12-17
15.3,53,0.4,26.0,207,2024-12-18
12.9,79,9.4,29.7,259,2024-12-19
8.8,90,3.9,13.3,291,2024-12-20
9.5,88,0.6,10.4,222,2024-12-21
10.4,86,7.3,31.9,280,2024-12-22
10.3,80,4.0,25.2,338,2024-12-23
10.9,93,8.6,14.0,287,2024-12-24
11.8,94,0.3,6.5,12,2024-12-25
10.3,94,0.0,5.9,261,2024-12-26
10.3,84,0.0,11.9,194,2024-12-27
8.4,88,0.0,10.8,202,2024-12-28
8.2,89,0.0,7.4,187,2024-12-29
6.4,87,0.0,9.8,202,2024-12-30
4.9,85,0.0,9.7,211,2024-12-31
6.2,75,0.0,15.6,195,2025-01-01
7.9,68,0.0,18.3,206,2025-01-02
10.2,77,7.0,22.0,205,2025-01-03
13.4,72,1.3,25.1,205,2025-01-04
14.9,59,2.2,35.1,192,2025-01-05
11.7,74,6.8,24.2,248,2025-01-06
9.1,74,0.1,30.3,207,2025-01-07
15.4,63,7.6,29.6,207,2025-01-08
13.1,77,2.9,24.5,235,2025-01-09
14.1,79,0.4,18.4,209,2025-01-10
12.6,93,14.1,18.6,313,2025-01-11
8.4,85,2.0,10.7,24,2025-01-12
4.3,84,0.0,9.7,277,2025-01-13
3.7,86,0.0,7.3,211,2025-01-14
3.9,87,0.0,6.6,234,2025-01-15
6.2,91,1.1,11.7,340,2025-01-16
5.4,89,0.0,7.5,187,2025-01-17
4.5,85,0.0,8.9,202,2025-01-18
6.4,73,0.2,19.0,202,2025-01-19
9.8,76,3.3,17.2,188,2025-01-20
10.6,80,4.1,17.3,183,2025-01-21
13.2,77,6.7,19.5,189,2025-01-22
11.8,85,4.3,15.5,275,2025-01-23
15.2,66,0.0,40.0,198,2025-01-24
12.6,76,42.8,27.4,202,2025-01-25
12.1,67,9.8,44.1,190,2025-01-26
13.1,81,18.6,34.0,218,2025-01-27
10.2,62,7.0,24.3,234,2025-01-28
10.3,71,6.4,29.2,202,2025-01-29
9.1,85,15.5,33.1,300,2025-01-30
8.0,78,0.3,14.3,309,2025-01-31
8.9,86,7.3,17.7,312,2025-02-01
7.9,90,4.8,21.9,254,2025-02-02
8.2,89,0.0,7.0,211,2025-02-03
8.1,87,0.0,9.7,217,2025-02-04
7.3,88,0.0,10.1,237,2025-02-05
7.1,90,0.0,9.1,231,2025-02-06
7.6,86,10.2,21.5,214,2025-02-07
6.2,84,0.9,12.6,231,2025-02-08
10.7,83,3.7,12.5,193,2025-02-09
11.8,83,0.5,12.5,192,2025-02-10
13.1,73,0.0,19.1,183,2025-02-11
11.4,86,19.1,14.3,273,2025-02-12
9.4,92,2.7,9.4,206,2025-02-13
12.4,87,0.0,11.6,163,2025-02-14
12.7,77,0.0,14.9,187,2025-02-15
13.4,75,0.0,11.6,224,2025-02-16
13.1,88,0.6,10.6,103,2025-02-17
13.5,74,0.0,13.9,190,2025-02-18
14.1,78,0.0,12.8,204,2025-02-19
15.1,72,0.0,17.2,202,2025-02-20
15.6,70,0.6,22.2,178,2025-02-21
11.6,86,12.4,7.7,293,2025-02-22
11.3,76,0.0,11.8,201,2025-02-23
14.4,64,0.4,22.9,206,2025-02-24
11.6,80,7.9,25.2,280,2025-02-25
9.8,80,1.2,14.6,249,2025-02-26
9.1,81,0.0,7.7,160,2025-02-27
8.6,88,0.6,11.8,22,2025-02-28
7.7,78,0.3,14.3,7,2025-03-01
8.4,71,0.0,11.7,80,2025-03-02
10.6,80,0.8,17.4,129,2025-03-03
12.1,85,0.3,11.8,102,2025-03-04
13.7,69,0.0,18.5,146,2025-03-05
15.0,62,0.5,23.6,168,2025-03-06
15.6,65,0.1,26.2,163,2025-03-07
15.5,70,4.9,26.7,148,2025-03-08
12.7,61,0.0,22.4,190,2025-03-09
12.0,67,0.0,15.7,182,2025-03-10
11.5,86,8.5,11.9,265,2025-03-11
9.9,90,9.2,17.7,285,2025-03-12
8.1,88,9.1,12.9,323,2025-03-13
6.3,88,10.4,12.0,319,2025-03-14
5.4,90,6.8,13.0,283,2025-03-15
5.4,85,4.1,13.3,271,2025-03-16
7.4,76,0.0,12.2,150,2025-03-17
11.2,70,3.3,19.6,173,2025-03-18
15.2,67,0.0,23.6,164,2025-03-19
17.1,65,0.1,35.9,160,2025-03-20
16.2,63,7.3,31.2,186,2025-03-21
11.6,73,12.3,21.9,222,2025-03-22
10.5,73,0.6,17.2,280,2025-03-23
9.9,95,31.9,18.5,299,2025-03-24
11.3,91,4.7,15.4,316,2025-03-25
11.1,85,3.2,13.0,338,2025-03-26
10.9,86,1.1,13.8,326,2025-03-27
11.1,84,2.5,19.7,306,2025-03-28
11.1,76,7.3,21.0,344,2025-03-29
11.1,72,0.0,13.2,354,2025-03-30
11.1,81,0.0,11.7,77,2025-03-31
13.1,80,0.0,11.2,262,2025-04-01
12.8,81,1.3,18.8,162,2025-04-02
14.8,74,2.4,21.0,168,2025-04-03
17.1,65,0.5,21.4,155,2025-04-04
16.4,69,2.4,22.3,202,2025-04-05
13.8,86,0.0,12.8,343,2025-04-06
14.8,82,0.0,10.1,316,2025-04-07
14.7,80,0.0,10.1,266,2025-04-08
15.1,82,0.0,10.5,321,2025-04-09
14.5,80,0.0,14.0,68,2025-04-10
17.3,71,0.5,18.0,174,2025-04-11
16.0,85,20.1,15.3,230,2025-04-12
13.6,92,8.9,9.9,350,2025-04-13
14.8,76,0.6,24.1,192,2025-04-14
11.5,76,8.5,22.3,280,2025-04-15
10.3,72,2.6,21.2,246,2025-04-16
11.1,76,0.1,16.1,282,2025-04-17
16.4,69,2.6,25.6,192,2025-04-18
12.6,75,14.4,15.8,209,2025-04-19
12.2,81,2.8,20.5,275,2025-04-20
13.0,87,2.1,11.8,296,2025-04-21
12.8,84,8.7,12.8,336,2025-04-22
12.7,82,0.2,20.3,279,2025-04-23
14.8,83,0.3,11.3,356,2025-04-24
15.1,87,1.7,15.9,330,2025-04-25
13.2,90,7.0,22.6,302,2025-04-26
13.7,85,6.1,17.3,325,2025-04-27
15.5,80,0.0,11.5,147,2025-04-28
19.2,60,0.0,20.9,158,2025-04-29
20.2,54,0.0,20.0,162,2025-04-30
18.8,70,2.8,19.5,173,2025-05-01
16.6,84,10.7,15.1,174,2025-05-02
18.3,75,0.0,17.5,206,2025-05-03
15.0,91,13.8,13.3,295,2025-05-04
13.7,82,6.7,17.5,335,2025-05-05
11.4,78,2.2,14.3,322,2025-05-06
12.4,78,1.0,11.8,28,2025-05-07
12.5,81,0.1,12.3,10,2025-05-08
12.7,87,0.3,12.1,12,2025-05-09
13.9,90,10.2,11.6,202,2025-05-10
13.3,81,2.9,12.6,243,2025-05-11
14.0,80,1.4,12.3,220,2025-05-12
14.4,89,4.7,12.4,9,2025-05-13
14.8,93,3.2,14.9,324,2025-05-14
15.1,86,5.7,23.6,310,2025-05-15
15.3,82,0.1,17.2,314,2025-05-16
15.6,82,0.0,11.0,45,2025-05-17
19.4,77,0.0,8.4,173,2025-05-18
16.2,85,5.1,19.7,287,2025-05-19
16.0,80,0.9,15.4,305,2025-05-20
14.8,85,0.2,20.9,299,2025-05-21
15.1,82,4.0,18.4,323,2025-05-22
14.1,82,0.6,12.7,334,2025-05-23
14.6,81,0.0,10.0,342,2025-05-24
15.7,83,0.0,13.6,331,2025-05-25
16.5,84,2.2,11.4,17,2025-05-26
16.8,76,0.0,11.9,59,2025-05-27
17.0,79,0.0,12.5,359,2025-05-28
22.0,69,0.0,9.0,107,2025-05-29
23.6,72,0.4,12.4,252,2025-05-30
19.9,80,0.0,13.7,4,2025-05-31
18.0,81,0.1,13.4,355,2025-06-01
16.4,88,3.6,13.5,19,2025-06-02
16.0,92,3.7,12.2,352,2025-06-03
15.9,90,2.2,15.4,308,2025-06-04
18.8,76,0.0,13.6,195,2025-06-05
19.1,81,0.3,13.5,359,2025-06-06
17.4,83,0.8,13.6,344,2025-06-07
17.9,82,0.5,11.0,19,2025-06-08
18.8,84,0.0,11.6,24,2025-06-09
21.8,84,0.0,8.6,344,2025-06-10
23.3,78,6.7,13.4,227,2025-06-11
22.2,77,0.0,10.5,5,2025-06-12
22.3,80,0.0,14.7,311,2025-06-13
18.5,86,1.3,15.0,341,2025-06-14
17.9,84,4.5,11.6,1,2025-06-15
20.0,77,0.0,12.7,41,2025-06-16
21.2,75,0.0,12.4,6,2025-06-17
23.6,68,0.0,9.9,79,2025-06-18
26.4,70,0.0,14.0,288,2025-06-19
28.4,64,0.0,9.8,177,2025-06-20
22.4,81,0.0,15.0,346,2025-06-21
21.3,81,0.1,13.5,13,2025-06-22
22.1,79,0.2,12.2,31,2025-06-23
27.4,66,0.3,8.9,169,2025-06-24
23.3,78,2.2,18.9,306,2025-06-25
21.5,75,0.3,12.8,0,2025-06-26
23.1,75,0.0,11.1,38,2025-06-27
24.9,73,0.0,13.0,23,2025-06-28
28.1,60,0.0,11.2,63,2025-06-29
27.5,63,0.0,12.6,326,2025-06-30
24.0,80,0.0,15.4,355,2025-07-01
21.9,80,0.7,16.3,338,2025-07-02
21.4,76,0.1,13.1,342,2025-07-03
23.3,77,0.0,13.1,357,2025-07-04
23.5,72,0.0,15.5,331,2025-07-05
21.8,76,0.3,18.5,314,2025-07-06
19.5,84,12.0,20.9,318,2025-07-07
19.5,74,0.6,13.4,356,2025-07-08
20.2,74,0.0,12.6,30,2025-07-09
22.8,65,0.0,13.5,52,2025-07-10
22.6,72,23.7,13.0,326,2025-07-11
21.4,88,1.2,12.2,334,2025-07-12
20.9,87,0.3,15.0,5,2025-07-13
20.3,88,0.4,12.8,344,2025-07-14
20.5,81,0.0,10.0,357,2025-07-15
21.4,83,0.0,8.6,76,2025-07-16
22.1,85,0.0,14.2,331,2025-07-17
21.9,78,0.2,12.9,343,2025-07-18
21.3,77,0.6,16.0,332,2025-07-19
20.6,74,1.8,18.2,319,2025-07-20
19.9,72,0.1,17.2,314,2025-07-21
21.5,72,0.0,13.0,21,2025-07-22
20.3,77,2.4,20.8,309,2025-07-23
18.7,80,5.7,16.5,322,2025-07-24
19.0,79,1.3,17.1,327,2025-07-25
19.3,78,0.0,12.3,345,2025-07-26
20.5,79,0.4,16.5,333,2025-07-27
19.6,83,4.1,16.3,340,2025-07-28
19.5,80,2.8,15.9,335,2025-07-29
19.9,84,2.8,12.2,330,2025-07-30
20.3,82,0.8,13.2,347,2025-07-31
20.6,77,0.1,13.2,347,2025-08-01
21.0,75,0.2,14.8,359,2025-08-02
20.7,73,0.0,13.0,34,2025-08-03
22.4,68,0.0,12.2,296,2025-08-04
21.3,77,0.0,14.2,349,2025-08-05
22.7,74,0.2,12.0,30,2025-08-06
22.5,71,0.0,12.2,342,2025-08-07
23.1,73,0.0,13.2,353,2025-08-08
22.5,74,0.0,14.9,343,2025-08-09
26.8,68,0.0,8.7,73,2025-08-10
26.8,65,0.0,15.7,329,2025-08-11
27.8,64,0.0,10.8,251,2025-08-12
25.1,70,0.1,16.0,313,2025-08-13
24.4,81,0.0,10.3,21,2025-08-14
29.7,63,0.0,9.3,177,2025-08-15
25.0,78,0.0,13.8,356,2025-08-16
23.6,82,0.0,15.3,333,2025-08-17
21.5,82,0.9,13.4,325,2025-08-18
19.5,89,8.3,13.6,310,2025-08-19
19.2,85,4.9,18.6,287,2025-08-20
19.2,88,11.4,17.1,303,2025-08-21
19.3,82,0.9,10.9,337,2025-08-22
19.4,82,0.0,11.7,91,2025-08-23
21.9,82,0.0,7.9,285,2025-08-24
21.6,87,0.0,13.2,338,2025-08-25
21.4,85,0.1,13.8,346,2025-08-26
20.0,87,1.4,14.8,338,2025-08-27
19.2,75,0.6,18.4,299,2025-08-28
19.9,68,0.9,24.9,265,2025-08-29
21.8,76,0.3,16.6,354,2025-08-30
18.3,89,6.2,14.7,273,2025-08-31
17.2,79,0.8,19.3,268,2025-09-01
19.4,73,0.0,17.8,223,2025-09-02
22.3,63,0.0,24.5,226,2025-09-03
19.9,75,3.5,16.6,326,2025-09-04
19.6,75,0.0,16.3,86,2025-09-05
26.5,57,0.0,19.6,181,2025-09-06
24.9,58,0.0,19.9,208,2025-09-07
17.7,88,6.6,12.9,324,2025-09-08
17.2,82,1.0,8.9,333,2025-09-09
17.0,87,6.3,17.4,248,2025-09-10
19.7,75,0.0,15.4,287,2025-09-11
18.5,84,3.2,13.9,6,2025-09-12
18.6,79,0.0,13.5,347,2025-09-13
20.0,76,0.0,13.3,262,2025-09-14
19.1,87,1.1,17.1,331,2025-09-15
19.3,80,0.4,12.4,58,2025-09-16
19.3,80,0.0,11.1,290,2025-09-17
22.9,75,0.0,7.3,216,2025-09-18
24.8,71,0.3,13.8,196,2025-09-19
22.6,72,4.2,22.2,288,2025-09-20
15.3,88,9.1,16.9,299,2025-09-21
14.0,79,6.2,24.6,275,2025-09-22
13.7,86,7.3,10.5,318,2025-09-23
13.2,86,0.8,9.0,297,2025-09-24
13.1,85,0.1,9.8,277,2025-09-25
13.5,82,0.1,9.4,178,2025-09-26
17.4,76,0.0,8.5,219,2025-09-27
17.8,81,0.2,15.9,309,2025-09-28
17.2,81,0.0,12.0,330,2025-09-29
15.9,82,0.2,10.2,19,2025-09-30
15.3,82,0.0,10.6,247,2025-10-01
17.1,74,0.0,7.9,179,2025-10-02
17.7,81,0.0,8.1,287,2025-10-03
16.8,88,2.6,18.4,297,2025-10-04
14.6,85,2.8,11.9,329,2025-10-05
14.1,82,0.0,10.4,135,2025-10-06
16.4,73,0.0,9.0,211,2025-10-07
16.6,85,0.2,15.3,319,2025-10-08
17.1,87,1.8,14.8,331,2025-10-09
15.9,81,0.2,10.1,325,2025-10-10
14.8,83,0.0,9.5,167,2025-10-11
17.5,78,0.0,11.4,163,2025-10-12
18.7,77,0.2,8.5,180,2025-10-13
17.1,87,0.0,10.7,293,2025-10-14
16.6,86,0.0,10.8,332,2025-10-15
16.8,85,0.0,9.7,66,2025-10-16
17.8,84,0.0,10.6,219,2025-10-17
18.0,75,0.0,10.0,199,2025-10-18
20.6,57,4.3,25.2,191,2025-10-19
17.1,84,7.6,13.5,217,2025-10-20
19.1,78,6.8,21.1,221,2025-10-21
20.8,72,0.2,20.9,217,2025-10-22
16.6,68,19.4,34.6,283,2025-10-23
12.7,76,0.0,9.7,205,2025-10-24
13.7,86,1.8,17.4,248,2025-10-25
12.4,84,3.0,15.4,295,2025-10-26
11.5,83,0.0,10.2,215,2025-10-27
13.2,79,0.0,11.3,188,2025-10-28
16.4,72,3.2,17.8,224,2025-10-29
15.9,77,0.0,20.5,199,2025-10-30
18.9,57,0.1,26.9,194,2025-10-31
16.7,85,12.9,25.3,199,2025-11-01
14.1,83,0.0,13.2,232,2025-11-02
14.1,78,0.0,11.2,185,2025-11-03
16.8,57,0.0,22.6,182,2025-11-04
18.6,62,1.1,35.4,170,2025-11-05
14.9,71,3.6,21.9,214,2025-11-06
13.5,82,8.3,19.6,207,2025-11-07
12.6,88,6.5,19.2,292,2025-11-08
11.4,83,0.0,10.7,194,2025-11-09
14.5,67,0.0,13.5,201,2025-11-10
17.0,64,0.0,20.5,176,2025-11-11
18.3,57,0.0,21.7,167,2025-11-12
18.6,61,0.1,23.1,160,2025-11-13
19.1,56,1.4,33.6,181,2025-11-14
16.7,59,1.9,21.3,186,2025-11-15
15.3,66,0.0,18.7,207,2025-11-16
11.7,90,13.0,14.5,339,2025-11-17
10.4,78,0.4,10.8,42,2025-11-18
8.8,87,7.4,18.8,266,2025-11-19
7.2,92,20.1,15.5,281,2025-11-20
4.9,92,14.1,10.8,281,2025-11-21
6.4,80,0.7,15.2,206,2025-11-22
11.5,74,2.5,20.2,209,2025-11-23
12.9,84,20.3,27.3,246,2025-11-24
9.3,87,24.2,22.2,285,2025-11-25
8.9,83,16.1,14.2,317,2025-11-26
9.6,87,0.0,7.3,207,2025-11-27
9.5,91,0.0,7.3,216,2025-11-28
9.4,82,2.6,15.1,210,2025-11-29
9.6,91,20.0,18.7,301,2025-11-30
7.4,76,0.0,26.7,203,2025-12-01
9.5,80,4.4,25.4,210,2025-12-02
6.9,91,3.4,10.6,204,2025-12-03
10.0,83,18.7,21.9,235,2025-12-04
11.8,82,12.3,20.6,209,2025-12-05
15.2,84,1.9,21.4,209,2025-12-06
16.5,66,0.0,22.2,206,2025-12-07
14.8,65,0.0,21.6,198,2025-12-08
16.2,54,1.1,32.1,192,2025-12-09
12.7,91,8.7,10.3,228,2025-12-10
12.0,86,0.3,17.0,179,2025-12-11
11.6,79,0.0,12.2,185,2025-12-12
9.1,92,0.0,8.0,193,2025-12-13
9.2,84,0.0,15.7,193,2025-12-14
12.4,76,0.0,19.6,183,2025-12-15
11.4,88,0.3,11.5,213,2025-12-16
10.9,85,0.0,12.8,185,2025-12-17
15.1,61,0.0,28.0,189,2025-12-18
12.1,89,17.6,19.3,260,2025-12-19
11.2,83,0.4,16.8,189,2025-12-20
8.0,86,6.5,19.8,210,2025-12-21
5.9,86,10.8,15.2,191,2025-12-22
7.3,92,4.9,14.1,245,2025-12-23
8.9,93,3.0,14.0,356,2025-12-24
6.0,78,0.6,12.0,29,2025-12-25
5.2,86,2.8,6.0,176,2025-12-26
8.0,91,0.6,6.3,155,2025-12-27
9.5,84,0.0,11.3,153,2025-12-28
7.5,90,0.0,8.8,209,2025-12-29
7.1,95,1.6,8.6,250,2025-12-30
7.6,84,0.1,8.5,356,2025-12-31
5.6,79,0.0,14.8,197,2026-01-01
7.7,86,1.0,11.6,161,2026-01-02
6.7,96,8.5,8.2,57,2026-01-03
4.2,77,0.1,11.8,40,2026-01-04
3.7,77,0.0,7.0,192,2026-01-05
4.2,80,6.5,25.7,328,2026-01-06
5.2,85,2.7,17.1,217,2026-01-07
9.9,79,0.3,28.5,209,2026-01-08
8.7,86,8.1,26.5,275,2026-01-09
8.0,86,3.3,19.0,279,2026-01-10
8.3,81,0.0,20.9,199,2026-01-11
14.5,64,0.0,28.0,196,2026-01-12
12.9,62,0.0,26.1,187,2026-01-13
12.2,72,0.0,19.0,210,2026-01-14
10.2,75,2.8,33.4,197,2026-01-15
9.6,77,0.0,14.6,198,2026-01-16
7.0,94,10.9,10.6,230,2026-01-17
8.9,94,8.2,12.0,258,2026-01-18
9.2,84,0.0,10.9,264,2026-01-19
7.4,78,0.0,23.4,203,2026-01-20
12.4,67,10.3,38.2,195,2026-01-21
9.5,77,0.7,30.5,203,2026-01-22
10.1,63,4.0,28.8,206,2026-01-23
7.7,72,3.9,21.2,235,2026-01-24
8.6,77,11.0,24.7,237,2026-01-25
9.7,81,6.2,25.0,211,2026-01-26
11.3,84,15.5,37.4,172,2026-01-27
7.4,79,1.6,16.2,192,2026-01-28
11.9,71,6.2,19.2,208,2026-01-29
9.9,79,15.6,28.3,206,2026-01-30
9.0,76,4.9,22.3,262,2026-01-31
10.4,78,0.1,15.8,195,2026-02-01
12.4,72,4.3,21.2,184,2026-02-02
10.8,59,0.1,24.3,205,2026-02-03
11.5,70,2.3,23.4,187,2026-02-04
12.7,75,14.2,24.9,197,2026-02-05
12.2,63,0.0,23.1,213,2026-02-06
11.1,58,0.0,22.5,202,2026-02-07
9.9,82,5.6,21.6,258,2026-02-08
10.9,81,12.6,19.4,199,2026-02-09
14.4,89,24.1,21.9,217,2026-02-10
13.4,82,8.7,24.7,203,2026-02-11
13.3,58,0.8,28.8,277,2026-02-12
11.0,81,11.8,40.5,247,2026-02-13
8.5,85,12.2,35.2,309,2026-02-14
9.9,74,0.5,14.2,212,2026-02-15
11.9,93,33.9,16.1,240,2026-02-16
12.2,91,11.0,14.8,281,2026-02-17
12.0,77,9.6,33.7,218,2026-02-18
9.4,71,1.8,31.7,276,2026-02-19
10.0,80,1.4,14.3,293,2026-02-20
8.7,84,0.0,7.3,196,2026-02-21
9.6,86,0.0,10.9,228,2026-02-22
12.1,85,0.0,7.2,183,2026-02-23
14.6,61,0.0,17.4,195,2026-02-24
15.3,63,0.0,16.3,209,2026-02-25
13.8,76,0.0,8.5,190,2026-02-26
12.0,82,2.5,13.7,246,2026-02-27
10.6,81,1.6,11.8,316,2026-02-28
10.0,78,0.0,15.2,181,2026-03-01
13.9,63,0.0,18.7,171,2026-03-02
14.6,70,0.0,14.5,176,2026-03-03
13.9,72,0.0,15.7,164,2026-03-04
13.6,79,2.2,15.7,299,2026-03-05
10.7,97,32.6,23.5,319,2026-03-06
11.4,88,18.1,25.6,301,2026-03-07
11.3,85,0.0,10.3,191,2026-03-08
10.7,87,1.9,14.4,224,2026-03-09
11.3,85,0.4,9.9,318,2026-03-10
10.9,91,1.8,15.0,248,2026-03-11
13.1,84,0.0,12.3,267,2026-03-12
12.2,81,13.5,13.2,254,2026-03-13
8.5,96,39.3,18.8,293,2026-03-14
9.7,81,4.5,21.3,330,2026-03-15
11.4,88,1.9,8.6,17,2026-03-16
14.0,74,0.0,10.5,189,2026-03-17
15.2,69,0.0,11.4,224,2026-03-18
14.6,68,0.0,16.3,172,2026-03-19
14.3,61,0.0,13.6,159,2026-03-20
12.1,68,0.0,10.8,251,2026-03-21
10.4,84,0.2,18.4,306,2026-03-22
11.3,83,0.7,11.7,332,2026-03-23
10.9,81,0.0,9.0,201,2026-03-24
9.7,87,4.3,19.6,314,2026-03-25
9.6,73,4.4,17.1,347,2026-03-26
9.7,80,3.4,17.0,350,2026-03-27
8.8,85,6.8,20.9,331,2026-03-28
9.1,68,5.8,22.0,353,2026-03-29
10.4,80,2.5,22.1,313,2026-03-30
11.7,81,3.4,20.6,343,2026-03-31
11.8,90,5.2,22.2,332,2026-04-01
10.8,89,7.6,20.9,327,2026-04-02
11.9,78,0.0,9.0,309,2026-04-03
15.6,71,0.0,10.8,207,2026-04-04
13.8,80,0.0,11.2,4,2026-04-05
18.1,68,0.0,16.9,175,2026-04-06
19.3,49,0.0,20.8,176,2026-04-07
17.5,73,0.0,11.7,227,2026-04-08
15.8,81,0.0,14.1,330,2026-04-09
17.1,83,0.0,6.1,64,2026-04-10
12.6,91,5.4,21.6,328,2026-04-11
10.5,79,1.6,14.8,331,2026-04-12
10.3,83,3.3,16.6,306,2026-04-13
12.7,83,1.3,14.3,230,2026-04-14
14.6,86,0.1,13.3,306,2026-04-15
15.1,85,0.0,12.5,329,2026-04-16
14.6,87,0.0,13.3,327,2026-04-17
14.4,89,0.3,12.6,9,2026-04-18
16.1,88,13.7,8.8,1,2026-04-19
17.4,88,0.3,11.4,284,2026-04-20
19.7,78,0.4,18.2,194,2026-04-21
16.4,79,0.0,17.3,296,2026-04-22
17.6,75,0.0,11.0,160,2026-04-23
18.0,69,0.7,16.8,237,2026-04-24
15.5,85,0.0,12.4,341,2026-04-25
15.8,84,0.0,12.4,355,2026-04-26
15.5,88,0.8,11.4,13,2026-04-27
17.0,84,0.2,14.2,352,2026-04-28
17.1,88,17.2,13.3,168,2026-04-29
17.4,78,0.2,13.3,241,2026-04-30
18.3,85,2.5,10.0,119,2026-05-01
17.8,83,5.7,15.5,192,2026-05-02
15.7,91,24.5,12.5,307,2026-05-03
13.4,91,11.6,12.5,309,2026-05-04
12.3,85,7.3,14.9,291,2026-05-05
12.0,88,2.3,13.3,289,2026-05-06
