Temperature,Humidity,Precipitation,WindSpeed,WindDirection,Date
6.2,85,0.0,8.0,176,2015-01-01
8.1,81,0.0,8.9,207,2015-01-02
8.7,80,0.0,13.0,215,2015-01-03
9.4,88,0.0,8.7,219,2015-01-04
8.9,85,0.0,13.9,170,2015-01-05
9.0,86,0.0,10.2,224,2015-01-06
8.3,86,0.0,10.5,186,2015-01-07
8.4,81,0.3,15.3,208,2015-01-08
10.4,79,0.0,14.1,202,2015-01-09
9.2,86,0.0,11.8,229,2015-01-10
9.7,86,4.1,17.4,313,2015-01-11
7.9,75,0.0,21.0,189,2015-01-12
11.7,64,0.3,27.6,203,2015-01-13
9.9,76,1.7,22.5,198,2015-01-14
11.0,67,5.2,32.6,203,2015-01-15
7.3,82,12.0,29.8,273,2015-01-16
7.0,74,4.2,21.3,263,2015-01-17
8.1,65,5.2,23.5,200,2015-01-18
6.5,76,10.1,29.3,324,2015-01-19
5.7,77,0.8,9.7,226,2015-01-20
6.2,84,8.8,28.6,268,2015-01-21
6.5,87,18.8,27.6,306,2015-01-22
6.5,80,3.6,13.3,337,2015-01-23
7.0,81,1.5,20.3,296,2015-01-24
6.6,77,0.4,15.5,31,2015-01-25
6.9,78,0.0,11.3,307,2015-01-26
8.9,82,4.1,17.7,316,2015-01-27
9.1,82,0.7,15.1,275,2015-01-28
11.2,79,4.9,34.7,260,2015-01-29
8.7,90,49.5,40.1,296,2015-01-30
6.3,87,18.5,32.7,287,2015-01-31
4.6,90,24.3,35.1,300,2015-02-01
7.0,76,4.3,16.9,227,2015-02-02
5.3,86,17.9,31.8,352,2015-02-03
2.8,87,18.7,25.6,2,2015-02-04
3.8,85,15.4,26.2,4,2015-02-05
2.1,85,13.5,18.0,9,2015-02-06
3.0,79,4.1,13.3,28,2015-02-07
4.1,78,1.7,18.9,12,2015-02-08
5.0,72,0.0,21.4,56,2015-02-09
5.5,77,0.0,12.0,158,2015-02-10
7.2,72,0.0,15.5,180,2015-02-11
8.3,72,0.0,14.9,191,2015-02-12
8.7,75,4.1,24.6,211,2015-02-13
8.8,84,10.6,17.4,219,2015-02-14
9.7,88,12.0,13.9,287,2015-02-15
9.0,89,11.1,30.2,289,2015-02-16
7.7,83,11.9,27.0,355,2015-02-17
7.0,74,0.9,13.5,35,2015-02-18
7.6,77,0.0,14.4,187,2015-02-19
8.5,78,4.2,19.5,197,2015-02-20
7.7,86,22.8,29.8,301,2015-02-21
8.1,84,12.9,25.8,316,2015-02-22
9.6,86,9.2,29.5,270,2015-02-23
6.8,84,14.4,32.0,289,2015-02-24
9.2,93,25.7,33.3,296,2015-02-25
10.8,92,17.4,25.1,297,2015-02-26
8.2,80,10.4,26.7,331,2015-02-27
9.5,84,7.3,13.1,231,2015-02-28
13.2,84,2.9,13.3,207,2015-03-01
11.9,92,8.4,10.7,295,2015-03-02
10.5,92,7.3,12.2,49,2015-03-03
8.3,83,9.8,21.6,343,2015-03-04
7.6,66,0.3,17.3,38,2015-03-05
9.0,69,0.0,13.0,93,2015-03-06
11.1,77,0.0,12.7,188,2015-03-07
10.6,79,0.0,12.4,298,2015-03-08
9.7,82,0.0,9.8,117,2015-03-09
10.2,86,0.0,10.5,80,2015-03-10
10.1,88,0.0,14.1,315,2015-03-11
10.4,85,0.1,13.8,17,2015-03-12
9.4,75,2.7,26.5,303,2015-03-13
7.1,86,14.3,26.2,307,2015-03-14
6.6,84,5.7,14.8,319,2015-03-15
7.7,75,0.0,18.8,148,2015-03-16
10.9,60,0.0,18.0,153,2015-03-17
10.8,73,0.5,11.1,134,2015-03-18
10.3,87,2.5,14.6,12,2015-03-19
8.8,84,0.7,15.9,348,2015-03-20
8.5,86,8.0,18.1,5,2015-03-21
8.5,86,8.9,23.2,25,2015-03-22
6.1,89,17.6,8.6,297,2015-03-23
7.9,91,14.9,22.8,327,2015-03-24
6.7,81,12.1,22.6,330,2015-03-25
8.9,86,12.9,21.7,290,2015-03-26
10.4,91,8.0,20.1,301,2015-03-27
11.6,88,2.3,15.7,297,2015-03-28
12.8,79,0.0,15.8,277,2015-03-29
13.1,77,0.3,22.7,289,2015-03-30
11.9,86,2.3,18.6,296,2015-03-31
10.1,78,2.2,14.8,356,2015-04-01
9.2,77,0.0,11.5,90,2015-04-02
9.7,86,0.0,13.1,16,2015-04-03
9.9,84,1.4,16.0,326,2015-04-04
10.0,81,0.5,18.6,46,2015-04-05
10.0,68,0.0,18.9,63,2015-04-06
11.3,71,0.0,16.4,76,2015-04-07
13.6,54,0.0,23.1,150,2015-04-08
14.2,56,2.1,19.0,163,2015-04-09
12.8,77,7.5,16.2,176,2015-04-10
12.0,89,0.4,13.3,65,2015-04-11
13.6,82,0.0,13.2,126,2015-04-12
16.2,61,0.0,15.9,142,2015-04-13
17.4,56,0.0,17.7,143,2015-04-14
17.2,49,1.1,19.1,167,2015-04-15
13.9,76,4.5,10.9,194,2015-04-16
12.7,91,6.4,12.8,63,2015-04-17
13.2,85,4.8,14.3,69,2015-04-18
12.1,76,0.2,17.1,286,2015-04-19
12.4,83,0.0,15.2,83,2015-04-20
14.3,80,0.0,15.9,117,2015-04-21
16.8,64,3.9,22.2,179,2015-04-22
13.7,78,0.9,15.2,16,2015-04-23
14.8,83,0.0,9.1,129,2015-04-24
15.7,76,0.1,13.3,187,2015-04-25
14.9,79,13.3,16.4,246,2015-04-26
12.2,86,5.0,22.5,302,2015-04-27
11.3,70,0.1,17.6,18,2015-04-28
12.0,77,1.0,11.6,39,2015-04-29
15.0,74,0.0,18.7,191,2015-04-30
17.7,72,5.4,21.8,219,2015-05-01
18.5,80,1.2,24.5,178,2015-05-02
18.9,68,1.4,18.4,190,2015-05-03
20.2,70,1.7,28.2,177,2015-05-04
14.7,73,10.9,37.5,283,2015-05-05
12.4,72,0.9,15.3,35,2015-05-06
16.0,72,0.5,13.2,129,2015-05-07
16.5,75,0.3,16.1,251,2015-05-08
15.1,83,0.0,14.1,75,2015-05-09
18.0,80,0.0,14.4,129,2015-05-10
16.7,90,0.0,13.8,3,2015-05-11
16.7,89,0.0,14.3,51,2015-05-12
17.4,83,0.0,14.8,40,2015-05-13
13.5,80,3.4,26.7,315,2015-05-14
12.4,81,8.1,31.1,306,2015-05-15
13.0,84,2.3,18.5,319,2015-05-16
13.7,87,1.4,12.2,14,2015-05-17
12.9,83,0.7,14.4,358,2015-05-18
12.0,73,3.5,23.7,323,2015-05-19
11.4,84,6.1,22.4,307,2015-05-20
11.7,72,1.7,17.8,335,2015-05-21
12.0,72,0.8,15.9,355,2015-05-22
12.6,73,0.0,14.8,337,2015-05-23
14.1,86,1.3,16.4,334,2015-05-24
14.2,85,1.3,18.0,324,2015-05-25
13.6,83,2.6,16.6,324,2015-05-26
14.5,83,0.0,13.9,4,2015-05-27
14.2,86,0.0,13.8,36,2015-05-28
13.8,81,0.0,11.3,9,2015-05-29
14.6,77,0.0,13.5,2,2015-05-30
15.9,79,0.0,13.4,55,2015-05-31
16.7,86,0.3,12.2,3,2015-06-01
17.2,84,0.0,13.7,47,2015-06-02
16.7,84,0.0,13.5,59,2015-06-03
20.9,77,0.3,14.1,122,2015-06-04
19.3,86,0.2,14.4,336,2015-06-05
16.5,82,1.0,14.3,25,2015-06-06
17.7,81,0.0,14.1,40,2015-06-07
18.3,84,0.0,15.6,316,2015-06-08
16.9,81,0.2,16.5,326,2015-06-09
16.6,82,6.9,16.9,101,2015-06-10
18.4,87,26.3,14.6,194,2015-06-11
16.2,87,3.9,12.9,13,2015-06-12
17.1,83,2.9,10.8,69,2015-06-13
16.2,82,5.6,10.4,321,2015-06-14
15.7,84,2.6,18.5,323,2015-06-15
15.4,78,0.3,19.7,314,2015-06-16
16.3,78,0.0,16.4,328,2015-06-17
16.5,81,0.0,13.0,344,2015-06-18
16.3,84,1.3,13.7,328,2015-06-19
16.8,80,0.0,12.5,40,2015-06-20
17.9,81,0.0,14.2,59,2015-06-21
18.6,84,0.0,13.6,57,2015-06-22
17.8,80,0.0,15.6,45,2015-06-23
18.1,78,0.0,13.7,54,2015-06-24
19.5,80,0.0,13.8,98,2015-06-25
20.2,84,0.0,18.8,325,2015-06-26
19.5,79,0.0,15.1,45,2015-06-27
20.0,84,0.0,14.5,42,2015-06-28
20.3,81,0.0,15.0,73,2015-06-29
24.1,74,0.0,15.9,187,2015-06-30
21.4,82,0.1,15.6,359,2015-07-01
19.5,83,1.6,16.6,338,2015-07-02
24.0,71,0.1,23.1,115,2015-07-03
21.0,78,0.0,20.9,39,2015-07-04
20.3,83,0.8,12.8,7,2015-07-05
21.3,79,0.0,13.6,63,2015-07-06
20.9,79,0.1,16.8,328,2015-07-07
18.8,73,2.3,15.4,346,2015-07-08
18.5,70,0.0,15.7,51,2015-07-09
20.8,75,0.0,27.7,291,2015-07-10
19.3,77,0.0,18.9,340,2015-07-11
19.1,78,0.0,16.8,56,2015-07-12
18.8,75,0.0,15.0,61,2015-07-13
19.2,78,0.0,15.3,55,2015-07-14
20.3,83,0.1,15.8,39,2015-07-15
21.2,85,0.3,19.8,356,2015-07-16
21.2,83,0.3,14.5,57,2015-07-17
22.0,84,4.6,15.5,28,2015-07-18
21.6,83,0.2,16.6,45,2015-07-19
22.9,78,0.0,16.5,64,2015-07-20
21.9,89,1.3,13.7,23,2015-07-21
20.6,86,1.9,18.7,316,2015-07-22
20.6,76,0.0,17.1,52,2015-07-23
20.7,79,1.1,25.2,304,2015-07-24
18.4,69,0.4,19.1,324,2015-07-25
20.9,69,1.0,16.0,327,2015-07-26
19.5,81,5.3,15.8,311,2015-07-27
20.4,72,0.0,12.8,330,2015-07-28
18.6,86,9.3,18.5,27,2015-07-29
17.1,71,2.8,13.8,41,2015-07-30
17.3,80,14.1,14.8,19,2015-07-31
18.1,70,0.0,14.3,6,2015-08-01
22.1,71,0.0,14.5,140,2015-08-02
21.1,82,7.7,15.2,355,2015-08-03
19.1,82,2.8,14.8,7,2015-08-04
21.0,82,0.0,17.9,338,2015-08-05
20.6,80,0.0,16.4,49,2015-08-06
19.4,84,3.7,19.0,328,2015-08-07
17.8,76,2.9,15.5,309,2015-08-08
18.8,76,0.0,17.2,313,2015-08-09
19.7,80,0.0,17.2,96,2015-08-10
21.3,86,0.5,13.7,324,2015-08-11
22.0,83,0.3,14.0,319,2015-08-12
19.8,84,16.8,22.6,296,2015-08-13
18.0,72,0.5,26.2,290,2015-08-14
17.3,84,4.6,15.2,319,2015-08-15
17.1,81,1.1,13.2,79,2015-08-16
17.7,79,1.0,13.2,14,2015-08-17
18.6,75,0.0,13.9,15,2015-08-18
18.5,75,0.0,14.1,63,2015-08-19
19.1,82,0.0,12.8,91,2015-08-20
21.2,84,0.0,13.6,307,2015-08-21
20.6,90,11.4,15.5,337,2015-08-22
20.1,69,7.5,21.7,241,2015-08-23
18.7,65,0.2,19.5,286,2015-08-24
19.4,71,0.0,16.8,134,2015-08-25
21.9,68,0.0,17.0,157,2015-08-26
24.2,65,0.0,23.9,197,2015-08-27
21.8,82,0.0,15.6,42,2015-08-28
22.7,82,0.0,15.6,348,2015-08-29
25.0,69,0.0,15.5,132,2015-08-30
21.9,82,28.5,15.2,291,2015-08-31
17.9,85,3.9,16.4,330,2015-09-01
17.2,73,0.0,12.3,31,2015-09-02
16.5,82,4.6,16.6,332,2015-09-03
15.7,79,2.7,10.8,19,2015-09-04
15.6,76,0.0,12.6,349,2015-09-05
16.3,72,0.0,14.8,58,2015-09-06
16.6,73,0.0,15.3,42,2015-09-07
16.4,77,0.0,11.8,120,2015-09-08
18.1,83,0.1,15.4,231,2015-09-09
17.7,87,2.3,10.7,337,2015-09-10
19.2,84,0.0,16.3,45,2015-09-11
18.4,81,0.9,12.1,349,2015-09-12
19.3,78,1.9,17.3,223,2015-09-13
16.4,73,6.1,19.6,299,2015-09-14
17.3,71,11.9,34.7,186,2015-09-15
21.6,60,2.3,35.9,211,2015-09-16
15.6,72,1.6,23.1,271,2015-09-17
15.5,75,0.1,13.0,286,2015-09-18
15.8,78,0.0,14.3,4,2015-09-19
15.9,83,0.0,12.6,93,2015-09-20
16.3,84,0.7,15.7,301,2015-09-21
16.1,79,4.0,28.2,293,2015-09-22
15.1,85,8.9,20.4,313,2015-09-23
16.4,83,0.1,11.6,79,2015-09-24
16.3,84,0.0,14.8,77,2015-09-25
16.7,86,0.0,16.0,62,2015-09-26
15.7,87,0.0,14.0,341,2015-09-27
15.9,87,0.0,15.3,110,2015-09-28
15.8,88,0.0,15.1,49,2015-09-29
17.3,78,1.8,15.9,107,2015-09-30
17.0,79,1.3,21.6,274,2015-10-01
14.5,80,4.6,11.2,288,2015-10-02
13.9,70,1.3,12.1,221,2015-10-03
18.5,67,0.0,27.0,177,2015-10-04
23.6,58,1.1,28.7,197,2015-10-05
18.5,70,8.9,27.5,247,2015-10-06
15.0,76,0.0,15.1,305,2015-10-07
14.6,80,0.0,11.2,44,2015-10-08
14.4,80,0.0,15.0,94,2015-10-09
17.2,73,0.0,13.3,151,2015-10-10
17.8,77,2.4,15.1,184,2015-10-11
15.6,92,6.7,16.7,343,2015-10-12
14.1,85,2.7,17.1,359,2015-10-13
12.1,66,0.0,16.8,31,2015-10-14
11.3,68,0.0,10.9,96,2015-10-15
11.5,77,0.0,15.5,101,2015-10-16
14.0,75,1.5,15.9,120,2015-10-17
17.0,85,2.0,17.8,165,2015-10-18
15.6,97,21.5,12.2,58,2015-10-19
13.5,81,8.1,21.7,9,2015-10-20
12.9,80,4.5,14.8,20,2015-10-21
13.5,77,0.0,11.2,318,2015-10-22
14.1,81,0.0,12.4,121,2015-10-23
16.2,78,0.0,17.0,181,2015-10-24
15.2,89,0.0,13.3,77,2015-10-25
17.6,70,1.2,20.9,173,2015-10-26
14.8,80,7.4,15.7,177,2015-10-27
14.6,65,1.0,20.6,208,2015-10-28
17.6,70,0.0,18.8,189,2015-10-29
19.2,68,0.0,20.9,172,2015-10-30
18.6,70,0.0,22.1,168,2015-10-31
17.0,69,0.0,17.8,160,2015-11-01
15.5,77,10.3,19.2,128,2015-11-02
15.4,72,1.0,23.8,177,2015-11-03
16.4,73,0.7,21.3,184,2015-11-04
17.6,72,2.8,17.1,195,2015-11-05
18.2,80,0.0,17.8,189,2015-11-06
17.4,78,0.0,19.8,164,2015-11-07
18.0,76,0.0,20.5,173,2015-11-08
16.5,86,0.0,10.7,166,2015-11-09
14.3,91,0.0,9.3,188,2015-11-10
13.3,93,0.0,7.3,153,2015-11-11
13.9,88,0.0,10.8,158,2015-11-12
13.3,89,0.1,8.3,269,2015-11-13
14.4,87,0.7,11.2,104,2015-11-14
13.1,82,0.0,14.3,195,2015-11-15
11.7,84,0.0,11.5,199,2015-11-16
12.9,76,0.0,17.9,196,2015-11-17
14.2,76,0.0,14.1,202,2015-11-18
14.7,83,0.0,12.7,202,2015-11-19
14.5,75,0.0,19.0,201,2015-11-20
10.7,82,32.8,34.6,313,2015-11-21
7.5,83,16.0,28.0,304,2015-11-22
7.8,76,5.7,23.0,329,2015-11-23
10.1,82,5.5,25.8,279,2015-11-24
12.0,90,20.7,36.4,302,2015-11-25
12.0,86,10.0,28.4,319,2015-11-26
12.2,86,5.4,19.4,330,2015-11-27
10.7,76,4.8,21.8,320,2015-11-28
10.7,75,0.0,10.5,223,2015-11-29
9.0,78,0.0,10.6,197,2015-11-30
7.9,83,0.0,11.3,166,2015-12-01
9.1,73,0.0,14.7,198,2015-12-02
11.5,75,0.0,19.4,188,2015-12-03
12.3,81,0.0,19.5,206,2015-12-04
12.0,85,0.0,13.5,180,2015-12-05
12.3,76,0.0,20.1,182,2015-12-06
12.8,72,0.0,24.5,183,2015-12-07
12.9,78,3.4,18.9,220,2015-12-08
12.0,84,0.0,12.8,105,2015-12-09
10.7,81,0.0,14.6,192,2015-12-10
9.3,86,0.0,12.2,184,2015-12-11
9.6,82,0.0,18.2,185,2015-12-12
10.5,75,0.0,18.4,191,2015-12-13
14.2,64,1.4,24.5,195,2015-12-14
16.3,59,0.0,27.0,199,2015-12-15
15.1,63,0.0,16.0,187,2015-12-16
14.8,53,0.0,22.0,192,2015-12-17
15.8,59,0.0,16.6,194,2015-12-18
17.2,54,0.0,28.9,192,2015-12-19
14.0,67,1.2,17.6,187,2015-12-20
10.7,76,0.4,16.3,186,2015-12-21
10.8,64,0.0,23.0,192,2015-12-22
11.4,74,1.7,18.6,186,2015-12-23
12.5,67,0.0,22.0,193,2015-12-24
13.2,69,0.0,20.6,190,2015-12-25
12.1,67,0.0,21.7,184,2015-12-26
11.9,64,0.0,23.9,178,2015-12-27
13.6,59,0.0,29.8,172,2015-12-28
11.9,71,2.5,18.0,190,2015-12-29
13.2,62,1.1,34.0,200,2015-12-30
11.2,84,6.5,10.7,71,2015-12-31
11.7,74,3.0,26.9,178,2016-01-01
10.1,78,6.7,16.7,255,2016-01-02
11.7,73,8.2,33.5,209,2016-01-03
11.5,83,8.9,19.4,234,2016-01-04
8.6,68,0.9,25.2,267,2016-01-05
9.4,68,5.3,32.4,234,2016-01-06
13.5,78,10.4,29.1,222,2016-01-07
13.9,78,7.8,32.4,225,2016-01-08
12.1,76,3.4,29.5,213,2016-01-09
12.2,82,15.4,26.4,203,2016-01-10
11.5,66,7.2,28.4,239,2016-01-11
8.9,67,0.1,27.2,271,2016-01-12
8.6,70,0.5,23.8,200,2016-01-13
10.5,78,9.9,28.8,258,2016-01-14
7.3,83,11.1,24.1,325,2016-01-15
7.3,72,6.1,24.0,341,2016-01-16
7.1,72,1.3,14.6,184,2016-01-17
8.7,75,5.6,25.2,243,2016-01-18
9.4,72,3.8,15.9,244,2016-01-19
7.9,76,0.0,12.7,183,2016-01-20
9.5,83,0.0,14.9,191,2016-01-21
12.3,86,1.9,17.2,194,2016-01-22
13.3,86,1.8,11.9,171,2016-01-23
13.5,82,0.0,19.9,174,2016-01-24
14.0,76,0.0,22.4,188,2016-01-25
12.6,89,0.0,13.2,163,2016-01-26
12.5,74,0.0,22.8,191,2016-01-27
11.9,78,7.2,22.9,221,2016-01-28
10.0,76,3.0,25.0,7,2016-01-29
9.1,78,0.0,13.1,200,2016-01-30
12.3,78,2.9,16.5,245,2016-01-31
11.7,90,1.6,9.3,302,2016-02-01
11.2,86,0.0,9.7,301,2016-02-02
9.6,82,5.0,23.7,314,2016-02-03
8.5,77,0.3,10.5,328,2016-02-04
9.7,73,0.0,19.1,168,2016-02-05
11.4,64,1.6,37.4,196,2016-02-06
9.6,68,7.1,25.8,262,2016-02-07
12.7,69,0.0,22.7,208,2016-02-08
12.2,77,20.6,35.9,243,2016-02-09
8.4,89,15.1,25.2,298,2016-02-10
9.3,85,1.8,17.9,279,2016-02-11
12.1,85,14.4,21.5,239,2016-02-12
13.4,84,14.0,16.2,265,2016-02-13
8.3,80,8.9,35.0,278,2016-02-14
6.6,81,13.7,27.2,346,2016-02-15
6.1,70,5.4,20.6,28,2016-02-16
6.0,63,0.8,16.2,201,2016-02-17
7.2,82,6.9,21.5,283,2016-02-18
7.2,74,0.2,10.9,277,2016-02-19
8.7,77,0.0,14.5,204,2016-02-20
10.0,84,0.0,13.0,166,2016-02-21
9.0,84,0.4,15.6,259,2016-02-22
10.9,79,0.3,15.2,272,2016-02-23
10.3,77,1.2,18.6,208,2016-02-24
9.2,85,3.9,28.2,289,2016-02-25
9.2,80,10.9,22.5,204,2016-02-26
6.4,91,42.8,39.9,302,2016-02-27
8.6,89,21.5,28.0,349,2016-02-28
7.8,72,4.1,28.5,329,2016-02-29
9.1,71,0.0,15.8,301,2016-03-01
9.5,83,6.3,29.6,284,2016-03-02
8.8,80,3.9,30.6,292,2016-03-03
9.4,79,11.0,29.2,239,2016-03-04
7.0,81,12.9,28.0,279,2016-03-05
6.7,86,12.1,23.8,293,2016-03-06
7.2,81,14.8,25.9,305,2016-03-07
7.6,77,5.2,21.2,326,2016-03-08
8.1,82,20.8,32.8,281,2016-03-09
7.4,88,32.2,33.3,327,2016-03-10
7.9,78,5.9,23.4,354,2016-03-11
7.8,68,0.2,13.8,19,2016-03-12
8.2,67,0.2,17.7,11,2016-03-13
7.7,81,3.4,12.2,26,2016-03-14
8.2,76,0.0,14.4,143,2016-03-15
8.0,87,4.5,21.6,318,2016-03-16
7.4,77,1.3,11.8,43,2016-03-17
8.9,75,0.8,17.6,86,2016-03-18
10.0,84,9.8,14.6,111,2016-03-19
10.1,81,1.0,10.5,145,2016-03-20
9.5,91,1.8,13.7,354,2016-03-21
9.5,82,0.9,18.8,334,2016-03-22
8.9,74,1.1,21.2,338,2016-03-23
9.5,76,0.0,12.6,353,2016-03-24
10.2,82,1.8,7.3,189,2016-03-25
14.4,72,3.3,25.7,205,2016-03-26
11.4,66,9.1,27.9,200,2016-03-27
13.4,63,0.0,31.7,215,2016-03-28
13.5,78,2.6,20.8,195,2016-03-29
14.4,68,0.0,22.9,190,2016-03-30
9.1,87,24.3,30.0,321,2016-03-31
8.8,71,1.0,16.2,344,2016-04-01
10.5,64,0.0,20.6,170,2016-04-02
13.0,58,0.9,21.7,187,2016-04-03
10.8,75,5.9,18.2,210,2016-04-04
10.2,85,6.2,22.2,325,2016-04-05
10.2,78,0.0,13.9,322,2016-04-06
9.4,83,7.5,23.7,319,2016-04-07
8.3,80,9.3,25.0,314,2016-04-08
8.9,80,1.6,16.3,258,2016-04-09
12.2,66,0.2,32.7,193,2016-04-10
12.1,61,0.7,19.6,183,2016-04-11
13.3,63,0.0,22.2,191,2016-04-12
13.5,61,0.0,24.0,198,2016-04-13
14.7,66,4.2,27.6,190,2016-04-14
12.9,85,6.0,11.1,124,2016-04-15
13.6,78,5.0,17.6,207,2016-04-16
10.9,85,5.5,15.8,323,2016-04-17
10.8,73,0.1,20.0,69,2016-04-18
13.8,75,3.0,18.9,108,2016-04-19
14.9,69,4.0,21.3,153,2016-04-20
13.5,79,2.1,15.9,213,2016-04-21
12.3,87,3.7,11.0,68,2016-04-22
11.3,90,3.5,15.9,340,2016-04-23
10.3,79,3.6,16.6,4,2016-04-24
10.1,65,0.0,13.6,13,2016-04-25
10.0,76,0.0,14.1,324,2016-04-26
10.0,76,0.8,14.4,34,2016-04-27
9.3,65,0.0,13.8,21,2016-04-28
10.1,73,0.3,17.4,64,2016-04-29
9.7,70,4.2,28.7,315,2016-04-30
10.0,61,0.0,15.7,353,2016-05-01
10.1,67,0.0,14.3,49,2016-05-02
11.4,76,0.0,14.5,60,2016-05-03
14.2,77,0.0,14.2,102,2016-05-04
17.0,73,0.2,12.5,175,2016-05-05
17.0,72,5.1,21.1,156,2016-05-06
16.9,71,3.5,21.1,161,2016-05-07
16.8,69,3.2,30.8,149,2016-05-08
16.5,70,3.3,19.0,159,2016-05-09
16.1,66,0.1,19.5,161,2016-05-10
14.7,66,0.0,17.1,194,2016-05-11
12.3,84,9.7,12.2,302,2016-05-12
13.1,83,2.7,18.7,293,2016-05-13
13.9,85,1.5,20.0,306,2016-05-14
13.9,85,5.2,14.9,342,2016-05-15
13.1,85,0.0,11.2,338,2016-05-16
13.6,81,0.0,14.8,62,2016-05-17
13.8,83,0.8,21.1,310,2016-05-18
14.0,82,2.9,17.3,308,2016-05-19
16.3,80,0.0,13.7,118,2016-05-20
17.9,77,0.4,15.5,184,2016-05-21
13.7,79,11.4,29.5,304,2016-05-22
12.9,72,0.1,16.8,332,2016-05-23
15.9,73,0.5,15.9,121,2016-05-24
16.1,81,0.1,13.6,336,2016-05-25
15.4,86,1.2,13.0,20,2016-05-26
16.4,85,1.7,11.3,47,2016-05-27
17.4,82,10.7,10.8,260,2016-05-28
15.3,81,8.7,12.3,278,2016-05-29
14.8,80,2.3,21.6,291,2016-05-30
15.2,77,0.7,22.5,300,2016-05-31
15.0,77,0.0,22.1,296,2016-06-01
15.8,83,0.0,12.5,25,2016-06-02
16.8,88,0.6,14.8,68,2016-06-03
16.7,91,2.5,12.7,357,2016-06-04
16.9,88,0.0,14.3,67,2016-06-05
17.5,88,1.3,12.7,308,2016-06-06
17.9,88,0.0,15.9,49,2016-06-07
18.8,89,0.0,13.2,64,2016-06-08
19.1,87,0.0,10.5,0,2016-06-09
17.3,84,2.0,21.9,300,2016-06-10
16.4,73,0.0,14.0,315,2016-06-11
17.1,79,1.5,12.1,192,2016-06-12
17.6,86,5.3,24.1,293,2016-06-13
16.4,77,8.4,16.6,305,2016-06-14
15.5,81,22.7,12.9,246,2016-06-15
14.3,77,4.0,26.3,281,2016-06-16
14.4,77,5.9,24.0,275,2016-06-17
14.4,79,1.3,19.9,302,2016-06-18
15.2,78,0.7,14.1,339,2016-06-19
17.2,76,0.0,10.2,82,2016-06-20
19.8,79,0.0,14.3,76,2016-06-21
21.8,79,0.0,12.6,257,2016-06-22
20.6,86,0.2,21.3,329,2016-06-23
18.4,91,5.1,16.9,6,2016-06-24
16.6,80,0.4,14.8,11,2016-06-25
16.3,71,0.0,14.2,10,2016-06-26
16.7,78,0.0,13.8,35,2016-06-27
17.1,79,0.0,14.6,27,2016-06-28
17.4,79,0.0,16.2,354,2016-06-29
18.1,81,0.0,13.5,25,2016-06-30
18.5,83,1.0,14.4,360,2016-07-01
17.6,81,1.7,15.6,337,2016-07-02
18.1,75,0.0,15.1,55,2016-07-03
18.6,84,0.0,16.1,46,2016-07-04
18.7,86,1.5,14.6,33,2016-07-05
19.1,83,0.2,15.8,59,2016-07-06
20.4,85,0.0,13.9,38,2016-07-07
19.4,88,0.0,15.3,349,2016-07-08
19.7,83,0.0,13.9,62,2016-07-09
20.6,82,0.0,15.5,353,2016-07-10
18.7,83,4.4,15.3,337,2016-07-11
17.7,76,0.5,20.1,313,2016-07-12
16.4,74,1.7,19.2,316,2016-07-13
16.5,65,0.0,16.4,356,2016-07-14
17.3,66,0.0,17.7,63,2016-07-15
19.1,73,0.0,16.6,60,2016-07-16
20.8,76,0.0,13.6,104,2016-07-17
25.4,62,0.0,14.4,144,2016-07-18
26.7,52,0.0,22.0,181,2016-07-19
20.8,79,0.4,15.5,335,2016-07-20
20.1,80,0.2,13.7,357,2016-07-21
19.3,82,1.7,16.3,331,2016-07-22
19.0,85,4.6,17.3,328,2016-07-23
19.0,77,0.0,14.4,16,2016-07-24
20.1,77,0.0,15.0,44,2016-07-25
20.1,82,0.9,16.0,40,2016-07-26
19.2,76,0.0,15.0,2,2016-07-27
20.1,75,0.0,15.0,48,2016-07-28
20.5,82,0.0,15.0,55,2016-07-29
20.7,81,0.9,14.5,36,2016-07-30
19.4,83,3.1,14.5,347,2016-07-31
19.3,77,0.0,13.0,5,2016-08-01
20.0,74,0.0,14.6,66,2016-08-02
20.1,76,0.0,14.6,27,2016-08-03
20.6,80,3.8,20.1,309,2016-08-04
19.3,80,2.8,14.8,344,2016-08-05
19.2,75,0.0,16.2,40,2016-08-06
20.6,76,0.0,13.5,30,2016-08-07
20.1,82,0.0,16.1,10,2016-08-08
19.0,82,4.4,19.0,12,2016-08-09
18.2,67,0.0,21.7,9,2016-08-10
17.8,68,0.0,13.5,19,2016-08-11
19.4,73,0.0,16.8,84,2016-08-12
22.1,76,0.0,12.2,112,2016-08-13
23.1,77,0.0,12.8,48,2016-08-14
23.9,76,0.0,12.7,114,2016-08-15
22.9,79,0.0,14.8,311,2016-08-16
20.9,81,0.1,15.7,339,2016-08-17
19.9,73,0.4,17.9,335,2016-08-18
20.6,79,0.7,17.9,312,2016-08-19
19.4,72,2.0,18.2,315,2016-08-20
18.9,71,0.0,14.2,353,2016-08-21
21.6,69,0.0,15.8,104,2016-08-22
24.2,63,0.0,15.5,232,2016-08-23
22.9,78,0.0,21.6,2,2016-08-24
23.6,70,0.0,23.4,127,2016-08-25
22.1,84,0.1,14.3,347,2016-08-26
23.2,77,0.0,20.1,280,2016-08-27
20.4,81,1.1,18.9,337,2016-08-28
19.2,74,0.1,17.5,330,2016-08-29
19.4,79,0.3,15.2,32,2016-08-30
20.0,82,0.0,13.4,329,2016-08-31
20.2,84,0.0,14.5,39,2016-09-01
21.4,82,0.0,13.1,40,2016-09-02
21.7,82,0.0,13.0,83,2016-09-03
22.4,83,0.0,13.0,47,2016-09-04
21.9,81,0.0,13.3,39,2016-09-05
22.2,79,0.0,14.3,91,2016-09-06
23.8,74,0.0,22.2,261,2016-09-07
19.7,80,2.7,17.4,337,2016-09-08
19.2,74,0.0,13.5,45,2016-09-09
19.6,74,0.0,11.5,51,2016-09-10
21.3,77,0.0,15.8,60,2016-09-11
24.1,69,0.0,14.3,174,2016-09-12
20.7,80,7.7,24.0,283,2016-09-13
16.4,68,3.8,17.8,271,2016-09-14
16.3,69,9.0,31.7,211,2016-09-15
16.8,87,16.7,34.9,299,2016-09-16
15.9,80,2.8,20.0,314,2016-09-17
16.1,80,0.8,15.6,312,2016-09-18
16.4,80,0.0,11.2,336,2016-09-19
16.6,85,5.8,10.7,345,2016-09-20
16.5,85,0.0,13.2,99,2016-09-21
17.7,88,0.0,14.8,43,2016-09-22
18.2,82,0.0,15.9,67,2016-09-23
20.0,79,0.0,16.2,173,2016-09-24
17.3,85,9.9,18.2,311,2016-09-25
17.3,78,0.0,10.7,59,2016-09-26
17.8,85,2.8,18.6,296,2016-09-27
19.0,86,0.6,15.1,71,2016-09-28
19.9,72,0.0,17.4,195,2016-09-29
19.0,86,0.9,16.6,323,2016-09-30
16.6,82,3.8,16.3,301,2016-10-01
16.2,79,0.0,14.6,29,2016-10-02
18.7,80,0.0,15.6,99,2016-10-03
18.2,82,0.0,19.3,282,2016-10-04
17.0,85,0.5,14.3,342,2016-10-05
16.8,83,1.2,12.8,23,2016-10-06
15.4,80,1.7,10.5,60,2016-10-07
15.5,76,0.0,11.4,20,2016-10-08
14.9,68,0.0,14.3,48,2016-10-09
14.4,61,0.0,13.9,66,2016-10-10
13.6,60,0.0,18.8,100,2016-10-11
15.9,67,5.2,19.6,143,2016-10-12
14.9,88,7.6,10.9,213,2016-10-13
14.2,80,5.9,19.4,299,2016-10-14
16.5,63,0.0,20.3,190,2016-10-15
17.5,67,0.2,16.9,178,2016-10-16
16.5,87,2.5,14.0,44,2016-10-17
15.9,86,0.4,11.4,50,2016-10-18
13.9,82,0.0,12.1,73,2016-10-19
13.0,74,0.4,12.9,64,2016-10-20
12.6,61,0.0,15.5,86,2016-10-21
15.1,70,0.4,18.7,150,2016-10-22
18.2,68,0.6,24.0,175,2016-10-23
16.4,71,0.2,14.6,178,2016-10-24
15.6,85,0.7,10.4,167,2016-10-25
15.9,92,0.1,10.6,11,2016-10-26
15.0,89,0.0,12.4,76,2016-10-27
14.9,86,0.0,10.8,118,2016-10-28
16.0,82,0.0,12.0,165,2016-10-29
14.7,85,0.0,8.8,167,2016-10-30
14.6,79,0.0,13.0,169,2016-10-31
15.2,73,0.0,18.9,192,2016-11-01
14.1,79,0.0,9.2,176,2016-11-02
14.2,85,0.0,11.8,104,2016-11-03
14.1,82,2.0,15.9,193,2016-11-04
12.0,90,18.9,26.6,296,2016-11-05
9.2,80,2.6,26.8,285,2016-11-06
8.1,82,5.1,24.1,286,2016-11-07
9.4,79,10.2,25.2,277,2016-11-08
11.5,78,7.9,28.7,267,2016-11-09
11.9,76,0.2,22.2,268,2016-11-10
12.4,82,1.7,19.2,277,2016-11-11
11.5,86,7.7,13.8,204,2016-11-12
13.1,87,6.0,18.3,326,2016-11-13
11.3,80,2.5,17.0,12,2016-11-14
10.1,78,0.2,9.8,34,2016-11-15
9.9,83,0.0,7.4,111,2016-11-16
11.5,86,0.0,9.6,207,2016-11-17
11.5,88,6.2,14.0,256,2016-11-18
11.8,72,1.6,31.5,217,2016-11-19
14.4,69,3.0,31.9,193,2016-11-20
14.3,62,0.1,29.5,203,2016-11-21
8.8,83,11.4,10.9,324,2016-11-22
8.8,91,47.5,29.0,351,2016-11-23
9.9,70,10.4,29.4,201,2016-11-24
8.6,70,0.0,14.4,172,2016-11-25
9.1,72,0.5,18.7,143,2016-11-26
11.4,84,0.0,14.1,109,2016-11-27
9.9,91,0.6,9.4,295,2016-11-28
11.3,81,0.0,14.2,105,2016-11-29
12.3,75,0.0,21.1,159,2016-11-30
11.4,78,0.0,17.0,168,2016-12-01
11.0,80,0.0,15.3,189,2016-12-02
9.7,84,0.0,19.0,169,2016-12-03
12.3,76,0.4,24.7,165,2016-12-04
14.4,76,0.0,20.1,171,2016-12-05
12.4,84,0.0,14.1,184,2016-12-06
11.7,81,0.0,15.7,180,2016-12-07
11.3,76,0.0,21.7,181,2016-12-08
11.4,70,0.0,23.8,184,2016-12-09
11.0,78,0.0,17.2,192,2016-12-10
11.2,80,0.0,13.0,190,2016-12-11
11.6,80,0.0,6.4,159,2016-12-12
10.2,81,0.0,20.0,178,2016-12-13
11.7,72,0.3,23.2,194,2016-12-14
11.6,76,0.3,19.7,178,2016-12-15
11.0,78,2.6,22.4,185,2016-12-16
10.8,89,0.0,9.5,270,2016-12-17
9.4,90,0.0,9.8,117,2016-12-18
8.0,90,1.9,17.4,329,2016-12-19
8.7,85,4.7,12.4,316,2016-12-20
10.4,87,4.3,10.7,251,2016-12-21
12.0,87,5.8,10.2,205,2016-12-22
12.0,86,0.1,9.2,224,2016-12-23
12.3,86,0.1,8.2,246,2016-12-24
10.1,90,0.0,10.5,161,2016-12-25
9.7,88,0.0,10.3,77,2016-12-26
10.0,86,0.0,11.4,106,2016-12-27
9.9,80,0.0,16.7,183,2016-12-28
8.1,83,0.0,9.5,200,2016-12-29
7.0,86,0.0,9.7,153,2016-12-30
6.3,78,0.0,15.9,178,2016-12-31
3.9,66,0.0,11.9,192,2017-01-01
6.5,65,0.0,23.8,177,2017-01-02
4.7,81,0.0,9.7,142,2017-01-03
4.5,91,0.0,8.0,128,2017-01-04
4.0,85,0.0,12.6,142,2017-01-05
2.7,85,0.0,10.0,125,2017-01-06
2.4,79,0.0,7.9,152,2017-01-07
4.1,71,0.0,6.9,155,2017-01-08
7.2,81,0.0,8.4,164,2017-01-09
9.0,88,39.1,34.9,309,2017-01-10
11.1,94,15.2,30.6,306,2017-01-11
11.0,85,3.4,33.6,262,2017-01-12
7.3,75,22.2,34.4,306,2017-01-13
6.3,85,44.7,23.4,311,2017-01-14
8.1,87,47.2,26.8,325,2017-01-15
9.5,89,37.7,37.4,325,2017-01-16
5.8,69,13.6,32.6,31,2017-01-17
2.6,67,0.6,25.7,29,2017-01-18
2.7,79,0.5,10.4,94,2017-01-19
1.6,83,0.0,9.4,135,2017-01-20
4.9,82,0.0,9.3,215,2017-01-21
6.3,87,0.2,12.9,295,2017-01-22
7.0,85,0.4,19.9,296,2017-01-23
6.5,84,0.0,13.0,300,2017-01-24
3.1,82,0.0,14.7,146,2017-01-25
4.8,65,0.1,32.0,172,2017-01-26
7.9,70,2.1,28.2,185,2017-01-27
7.1,76,0.1,20.8,242,2017-01-28
10.3,72,1.1,24.2,199,2017-01-29
12.8,77,0.0,20.8,191,2017-01-30
13.3,65,0.0,30.7,192,2017-01-31
12.7,65,0.5,22.2,190,2017-02-01
12.1,67,6.1,35.7,198,2017-02-02
11.3,60,3.9,40.7,200,2017-02-03
10.5,84,22.5,38.5,240,2017-02-04
8.8,77,15.4,42.8,273,2017-02-05
9.6,83,5.8,29.2,255,2017-02-06
9.7,85,12.1,34.6,283,2017-02-07
7.3,77,23.2,32.5,313,2017-02-08
7.2,78,0.7,16.8,154,2017-02-09
8.2,62,0.0,22.4,172,2017-02-10
6.2,88,2.8,18.8,94,2017-02-11
9.4,82,2.6,26.8,125,2017-02-12
11.6,72,1.9,29.3,148,2017-02-13
10.9,68,0.0,21.3,183,2017-02-14
12.3,66,0.0,23.0,177,2017-02-15
11.7,75,0.0,15.6,189,2017-02-16
9.6,84,0.0,11.7,201,2017-02-17
9.4,85,0.1,17.8,284,2017-02-18
10.2,88,0.3,13.8,301,2017-02-19
9.4,87,0.0,10.3,265,2017-02-20
9.6,87,0.0,8.9,81,2017-02-21
8.8,92,0.0,10.5,135,2017-02-22
9.4,88,0.0,17.3,285,2017-02-23
9.3,82,2.8,20.2,1,2017-02-24
8.8,77,0.0,14.9,164,2017-02-25
10.0,84,0.0,14.8,242,2017-02-26
11.5,74,3.1,24.7,224,2017-02-27
9.0,82,14.0,35.0,261,2017-02-28
10.5,73,0.0,21.1,210,2017-03-01
12.2,73,0.2,14.2,184,2017-03-02
11.5,71,8.3,25.6,224,2017-03-03
7.8,70,1.1,29.9,262,2017-03-04
10.8,74,1.7,22.5,220,2017-03-05
12.1,80,3.7,41.0,280,2017-03-06
11.2,84,2.1,32.7,276,2017-03-07
11.8,89,0.0,16.0,301,2017-03-08
11.0,90,0.0,10.4,99,2017-03-09
13.6,82,0.0,10.8,144,2017-03-10
13.8,73,0.6,35.2,264,2017-03-11
10.3,84,18.1,39.3,292,2017-03-12
9.7,82,14.2,31.8,345,2017-03-13
10.9,91,3.1,17.6,4,2017-03-14
10.9,88,0.0,14.6,24,2017-03-15
14.2,67,0.0,23.2,176,2017-03-16
10.5,86,0.0,16.2,301,2017-03-17
9.9,82,0.0,12.6,7,2017-03-18
8.8,85,0.0,11.2,40,2017-03-19
10.0,82,0.0,14.1,310,2017-03-20
9.0,86,5.2,23.8,284,2017-03-21
7.3,81,11.1,21.4,229,2017-03-22
6.9,64,2.2,16.3,193,2017-03-23
7.1,71,0.0,15.9,101,2017-03-24
7.8,87,16.5,24.5,262,2017-03-25
10.4,72,0.1,20.2,143,2017-03-26
13.2,63,0.5,23.6,179,2017-03-27
12.3,72,0.0,13.6,178,2017-03-28
14.5,66,0.0,15.8,200,2017-03-29
16.8,63,0.0,20.5,182,2017-03-30
13.0,83,2.3,17.2,7,2017-03-31
10.4,79,8.8,38.2,283,2017-04-01
10.0,83,6.7,23.2,308,2017-04-02
9.9,85,0.0,16.8,98,2017-04-03
10.6,88,0.5,16.2,304,2017-04-04
10.8,88,5.0,19.1,346,2017-04-05
11.2,88,1.1,12.2,332,2017-04-06
10.5,86,0.0,14.0,64,2017-04-07
15.5,73,0.0,22.7,192,2017-04-08
14.2,79,0.0,11.5,238,2017-04-09
12.1,92,0.0,12.6,317,2017-04-10
11.8,84,0.0,14.3,345,2017-04-11
11.9,86,0.0,15.1,75,2017-04-12
11.7,87,0.0,12.9,25,2017-04-13
11.3,91,2.4,10.9,328,2017-04-14
11.3,91,2.0,18.2,325,2017-04-15
11.3,84,0.0,18.8,86,2017-04-16
11.7,88,0.0,15.4,56,2017-04-17
11.8,83,0.0,19.4,43,2017-04-18
11.0,60,0.0,21.5,61,2017-04-19
10.5,59,0.0,23.4,75,2017-04-20
12.2,64,0.0,18.9,114,2017-04-21
14.4,57,0.0,23.1,190,2017-04-22
14.0,74,0.0,12.7,17,2017-04-23
13.0,77,0.0,15.0,38,2017-04-24
11.6,86,9.3,23.2,325,2017-04-25
7.6,85,18.6,24.8,356,2017-04-26
7.3,72,4.1,20.0,344,2017-04-27
8.5,73,0.1,19.7,55,2017-04-28
12.3,67,0.4,24.3,168,2017-04-29
11.6,69,10.9,32.2,233,2017-04-30
10.2,67,0.1,20.3,274,2017-05-01
12.4,83,0.4,21.5,288,2017-05-02
12.3,89,0.0,15.5,52,2017-05-03
13.2,85,0.0,15.6,84,2017-05-04
16.0,80,10.2,24.9,192,2017-05-05
13.8,73,0.6,14.8,255,2017-05-06
13.5,76,0.0,15.3,74,2017-05-07
12.2,79,0.0,16.3,85,2017-05-08
12.7,85,0.4,15.8,90,2017-05-09
15.0,88,1.9,13.3,263,2017-05-10
16.7,67,2.6,26.5,206,2017-05-11
16.2,66,5.4,23.7,220,2017-05-12
15.0,81,2.9,16.6,90,2017-05-13
16.2,73,0.2,16.6,113,2017-05-14
18.4,66,0.0,18.3,209,2017-05-15
18.1,75,0.0,9.2,278,2017-05-16
15.4,92,11.5,16.1,302,2017-05-17
12.3,83,16.7,25.2,301,2017-05-18
11.8,77,3.2,24.7,286,2017-05-19
13.1,76,0.4,16.6,327,2017-05-20
18.6,68,0.1,17.7,158,2017-05-21
17.5,77,0.0,24.4,292,2017-05-22
14.4,84,0.0,16.2,17,2017-05-23
17.3,86,0.0,11.7,86,2017-05-24
22.4,75,0.0,17.0,199,2017-05-25
20.2,80,0.6,22.9,268,2017-05-26
18.8,91,0.3,13.3,33,2017-05-27
19.1,90,3.1,14.8,290,2017-05-28
16.2,94,12.4,16.3,299,2017-05-29
15.7,90,0.8,14.7,14,2017-05-30
16.4,90,0.0,15.6,54,2017-05-31
18.3,88,0.0,14.5,31,2017-06-01
16.9,93,7.3,16.9,303,2017-06-02
15.1,88,20.6,22.9,303,2017-06-03
13.8,82,5.6,17.8,337,2017-06-04
15.8,79,0.0,14.7,322,2017-06-05
15.4,75,0.5,28.7,302,2017-06-06
16.0,76,0.0,14.6,78,2017-06-07
18.5,81,7.6,27.9,250,2017-06-08
16.4,87,0.0,14.7,27,2017-06-09
18.1,91,0.0,13.6,352,2017-06-10
17.8,92,0.0,19.4,316,2017-06-11
17.1,87,1.3,16.8,32,2017-06-12
17.6,89,1.4,15.3,13,2017-06-13
18.5,91,0.0,13.3,325,2017-06-14
17.0,89,0.0,17.4,313,2017-06-15
17.3,86,0.0,15.3,50,2017-06-16
18.9,83,0.0,14.2,71,2017-06-17
20.9,78,0.0,12.6,52,2017-06-18
23.7,75,0.2,23.4,195,2017-06-19
23.7,73,0.0,10.8,261,2017-06-20
25.1,73,0.0,16.1,247,2017-06-21
19.9,88,0.0,21.1,307,2017-06-22
18.7,83,0.1,14.7,326,2017-06-23
18.2,84,1.8,13.0,359,2017-06-24
18.7,81,1.7,16.6,65,2017-06-25
19.6,88,2.9,23.4,291,2017-06-26
18.1,87,10.1,23.9,294,2017-06-27
17.8,77,11.6,39.1,267,2017-06-28
15.5,69,3.2,31.8,274,2017-06-29
14.2,81,15.8,34.7,273,2017-06-30
14.4,78,8.9,29.8,288,2017-07-01
16.2,81,0.3,15.0,300,2017-07-02
17.1,87,0.0,17.3,80,2017-07-03
21.2,84,0.0,15.3,118,2017-07-04
21.8,74,0.0,25.6,287,2017-07-05
18.9,87,0.2,9.0,347,2017-07-06
19.2,87,0.5,16.5,312,2017-07-07
18.7,88,0.4,20.9,308,2017-07-08
18.5,84,0.2,19.4,299,2017-07-09
18.1,87,2.5,18.1,301,2017-07-10
18.1,86,0.3,14.3,7,2017-07-11
18.1,90,0.1,15.8,317,2017-07-12
18.1,89,0.2,11.9,356,2017-07-13
17.6,86,1.6,18.0,11,2017-07-14
17.7,84,0.0,16.6,26,2017-07-15
18.8,87,0.0,13.8,13,2017-07-16
22.9,80,0.1,15.5,51,2017-07-17
22.1,81,0.0,21.3,267,2017-07-18
19.6,84,0.1,15.9,334,2017-07-19
17.6,82,4.0,18.8,319,2017-07-20
17.0,83,0.4,12.1,331,2017-07-21
17.6,83,1.2,20.5,308,2017-07-22
18.3,78,0.0,13.9,305,2017-07-23
18.0,87,16.1,26.4,302,2017-07-24
17.4,81,1.6,21.7,314,2017-07-25
17.9,83,0.0,12.6,305,2017-07-26
19.0,87,0.0,17.7,327,2017-07-27
19.5,86,0.9,16.3,10,2017-07-28
21.0,77,0.0,10.8,58,2017-07-29
18.9,86,1.8,16.3,346,2017-07-30
18.1,87,3.2,13.9,5,2017-07-31
18.5,86,1.0,15.5,42,2017-08-01
18.7,86,0.0,12.8,357,2017-08-02
20.0,82,0.0,14.6,10,2017-08-03
21.6,82,0.0,13.4,35,2017-08-04
18.8,89,5.4,18.4,356,2017-08-05
18.2,73,0.4,16.0,27,2017-08-06
19.0,83,1.3,27.0,326,2017-08-07
16.6,80,5.3,24.8,293,2017-08-08
16.1,74,1.6,25.8,293,2017-08-09
16.0,78,3.9,25.5,298,2017-08-10
16.9,72,0.0,14.8,331,2017-08-11
16.5,79,0.0,13.2,52,2017-08-12
17.7,84,0.0,17.1,64,2017-08-13
22.2,74,0.0,21.6,224,2017-08-14
18.8,89,1.3,20.7,321,2017-08-15
19.1,81,0.0,12.0,22,2017-08-16
19.3,82,0.0,12.4,14,2017-08-17
19.2,91,0.6,15.3,314,2017-08-18
18.4,84,1.2,17.2,40,2017-08-19
17.4,77,0.0,18.2,71,2017-08-20
20.9,68,0.0,16.7,108,2017-08-21
22.0,67,0.0,21.4,290,2017-08-22
19.0,87,0.0,16.1,8,2017-08-23
19.6,88,1.0,15.4,355,2017-08-24
19.4,88,0.0,18.4,32,2017-08-25
19.6,89,0.0,13.4,66,2017-08-26
21.6,77,2.4,17.3,171,2017-08-27
22.8,78,0.5,13.7,174,2017-08-28
20.6,86,8.9,13.0,10,2017-08-29
19.1,90,32.9,24.7,331,2017-08-30
16.6,82,3.9,12.4,333,2017-08-31
16.4,81,4.1,23.5,299,2017-09-01
16.5,78,1.9,13.8,319,2017-09-02
18.4,80,2.7,12.6,279,2017-09-03
19.0,87,3.4,15.4,282,2017-09-04
19.0,91,0.5,16.3,330,2017-09-05
17.9,83,4.1,16.9,342,2017-09-06
16.9,75,0.2,12.8,327,2017-09-07
16.3,83,0.0,14.2,284,2017-09-08
15.5,87,31.1,31.1,290,2017-09-09
15.7,77,7.2,24.3,285,2017-09-10
17.2,83,13.8,26.1,292,2017-09-11
16.3,84,4.1,23.1,285,2017-09-12
17.8,84,0.0,16.5,277,2017-09-13
16.3,79,4.4,26.4,315,2017-09-14
13.1,85,11.3,21.8,285,2017-09-15
12.6,85,5.2,23.3,280,2017-09-16
14.4,74,0.2,21.1,274,2017-09-17
14.8,88,5.2,13.5,278,2017-09-18
14.5,83,1.5,11.8,357,2017-09-19
14.5,81,0.0,12.6,128,2017-09-20
16.0,86,0.2,18.4,302,2017-09-21
16.2,91,10.5,17.5,13,2017-09-22
18.5,81,0.0,19.5,189,2017-09-23
17.1,88,0.2,16.8,291,2017-09-24
16.4,88,4.9,20.0,291,2017-09-25
15.9,89,1.0,15.8,61,2017-09-26
17.1,81,0.0,11.5,205,2017-09-27
18.4,77,0.0,16.5,206,2017-09-28
17.3,87,0.0,16.0,295,2017-09-29
16.4,91,5.4,16.9,8,2017-09-30
17.0,89,1.3,19.3,265,2017-10-01
18.0,92,1.8,15.3,278,2017-10-02
17.7,96,1.1,10.1,345,2017-10-03
18.0,92,0.0,16.3,88,2017-10-04
17.8,93,0.9,12.6,341,2017-10-05
15.4,83,2.2,19.0,354,2017-10-06
13.9,76,0.0,13.8,78,2017-10-07
12.9,84,0.0,12.7,106,2017-10-08
13.4,87,0.0,11.9,122,2017-10-09
14.5,89,0.0,11.5,138,2017-10-10
16.2,77,0.0,18.8,243,2017-10-11
15.4,86,0.0,11.2,146,2017-10-12
17.3,79,0.0,15.6,244,2017-10-13
19.6,79,0.0,15.5,172,2017-10-14
22.0,59,0.0,25.8,184,2017-10-15
19.6,74,0.0,23.4,195,2017-10-16
18.2,76,0.8,19.8,189,2017-10-17
15.2,82,8.9,16.3,228,2017-10-18
15.7,71,0.3,14.5,205,2017-10-19
17.7,72,0.1,18.6,192,2017-10-20
16.5,71,2.1,27.6,284,2017-10-21
13.5,79,2.7,23.5,289,2017-10-22
13.2,79,0.0,10.1,177,2017-10-23
15.5,77,0.0,13.1,176,2017-10-24
15.0,79,0.0,9.6,197,2017-10-25
17.1,67,0.0,19.5,217,2017-10-26
14.7,89,1.5,14.0,327,2017-10-27
14.6,86,2.9,17.9,27,2017-10-28
12.8,89,1.7,14.9,312,2017-10-29
13.2,85,8.6,20.4,7,2017-10-30
11.5,75,0.0,11.5,96,2017-10-31
15.1,64,0.0,22.1,182,2017-11-01
16.8,66,0.0,20.6,182,2017-11-02
15.4,75,0.9,15.3,199,2017-11-03
12.6,89,16.3,24.9,280,2017-11-04
11.4,84,28.4,30.4,311,2017-11-05
11.6,65,7.6,25.0,352,2017-11-06
10.2,79,1.8,32.1,86,2017-11-07
9.2,85,45.7,24.2,302,2017-11-08
10.1,74,6.1,21.2,316,2017-11-09
12.3,89,13.2,24.6,326,2017-11-10
12.5,87,6.1,26.0,284,2017-11-11
13.2,80,7.7,30.3,283,2017-11-12
10.5,69,2.3,27.8,7,2017-11-13
8.8,70,0.0,14.2,54,2017-11-14
7.0,79,0.0,8.7,136,2017-11-15
8.5,82,0.0,8.4,240,2017-11-16
9.9,88,0.6,8.6,271,2017-11-17
10.0,90,0.1,12.0,289,2017-11-18
8.0,87,0.0,9.8,150,2017-11-19
9.5,77,0.0,11.7,176,2017-11-20
10.6,62,0.0,17.9,194,2017-11-21
13.7,44,0.0,29.7,193,2017-11-22
16.7,48,0.0,30.2,205,2017-11-23
14.1,71,1.4,19.0,224,2017-11-24
10.8,76,14.4,23.0,324,2017-11-25
8.6,82,1.5,11.5,283,2017-11-26
6.9,83,0.0,11.7,185,2017-11-27
7.4,78,8.3,23.4,247,2017-11-28
7.2,88,24.7,19.8,291,2017-11-29
6.1,87,15.0,26.0,277,2017-11-30
5.5,91,34.3,27.8,315,2017-12-01
5.8,84,26.2,20.3,357,2017-12-02
6.1,84,4.3,12.0,242,2017-12-03
7.6,88,2.5,10.1,272,2017-12-04
5.3,85,0.0,8.0,152,2017-12-05
5.3,75,0.0,12.1,193,2017-12-06
7.5,63,5.4,20.6,194,2017-12-07
9.4,88,18.9,16.4,288,2017-12-08
8.8,84,5.0,16.0,212,2017-12-09
12.9,77,27.3,36.7,211,2017-12-10
8.7,78,16.6,46.4,258,2017-12-11
6.4,83,5.5,29.2,262,2017-12-12
9.5,69,0.6,24.6,203,2017-12-13
11.6,84,9.4,28.0,269,2017-12-14
8.3,83,27.5,30.0,281,2017-12-15
7.3,84,19.2,20.9,309,2017-12-16
7.0,87,10.7,16.1,273,2017-12-17
8.8,84,5.2,30.4,278,2017-12-18
7.8,84,0.5,17.9,35,2017-12-19
6.7,87,0.0,7.5,135,2017-12-20
6.4,86,0.0,6.5,182,2017-12-21
7.8,88,0.2,8.2,268,2017-12-22
8.8,90,0.7,9.3,48,2017-12-23
7.3,84,0.0,13.9,185,2017-12-24
8.9,69,0.3,31.5,197,2017-12-25
8.2,75,2.7,36.2,213,2017-12-26
7.8,79,22.5,44.0,276,2017-12-27
8.6,85,22.0,38.9,277,2017-12-28
11.5,81,2.0,31.8,250,2017-12-29
13.2,71,0.0,21.7,199,2017-12-30
12.1,68,6.5,30.8,231,2017-12-31
10.1,70,10.8,45.0,242,2018-01-01
12.1,81,7.5,19.8,217,2018-01-02
13.3,87,3.6,15.3,224,2018-01-03
13.4,79,0.0,22.6,204,2018-01-04
11.0,77,11.6,32.2,237,2018-01-05
6.4,91,36.8,15.3,330,2018-01-06
7.6,90,18.6,23.5,328,2018-01-07
6.8,80,0.0,15.1,195,2018-01-08
7.0,65,0.6,35.6,198,2018-01-09
8.1,74,1.8,29.3,216,2018-01-10
6.7,80,21.0,39.5,267,2018-01-11
8.6,83,1.5,15.6,239,2018-01-12
7.6,73,11.6,27.5,193,2018-01-13
7.1,87,21.0,24.4,263,2018-01-14
8.2,74,3.3,20.9,224,2018-01-15
11.3,73,1.6,23.9,237,2018-01-16
9.7,84,9.4,37.7,291,2018-01-17
8.2,81,0.0,13.2,233,2018-01-18
9.8,86,5.7,24.8,288,2018-01-19
10.1,81,1.7,32.9,265,2018-01-20
12.5,84,1.4,30.2,285,2018-01-21
11.4,81,0.3,16.3,249,2018-01-22
11.8,84,0.0,11.2,209,2018-01-23
9.8,69,0.0,23.4,192,2018-01-24
8.7,80,16.2,27.1,249,2018-01-25
7.5,83,34.6,30.1,302,2018-01-26
8.0,78,21.7,27.9,348,2018-01-27
5.8,85,0.0,10.8,138,2018-01-28
7.2,85,0.0,10.8,231,2018-01-29
6.6,92,0.0,8.6,123,2018-01-30
6.8,88,0.0,17.7,261,2018-01-31
6.8,88,31.9,25.0,293,2018-02-01
4.7,89,20.7,20.0,309,2018-02-02
6.2,87,33.1,31.0,283,2018-02-03
5.6,89,11.7,22.9,281,2018-02-04
5.1,90,16.8,22.7,27,2018-02-05
4.6,75,10.0,26.0,346,2018-02-06
4.1,85,13.6,18.9,345,2018-02-07
4.0,88,11.7,19.7,310,2018-02-08
4.5,82,9.4,33.0,304,2018-02-09
6.7,77,7.5,22.9,320,2018-02-10
8.7,90,18.2,26.2,275,2018-02-11
4.9,87,17.3,23.1,299,2018-02-12
4.8,79,9.3,33.3,223,2018-02-13
9.5,80,5.0,20.8,198,2018-02-14
13.4,75,0.0,18.4,205,2018-02-15
12.1,91,4.5,6.9,232,2018-02-16
9.3,85,7.3,29.0,303,2018-02-17
8.3,83,3.5,24.2,277,2018-02-18
9.3,94,25.2,23.5,306,2018-02-19
9.6,89,19.4,30.5,325,2018-02-20
7.2,78,7.6,28.7,9,2018-02-21
5.6,67,0.1,15.6,12,2018-02-22
4.6,74,0.6,10.8,20,2018-02-23
3.9,78,0.0,15.6,96,2018-02-24
4.4,85,0.0,13.2,78,2018-02-25
4.1,79,0.0,16.8,63,2018-02-26
-0.0,61,0.0,16.7,81,2018-02-27
1.6,74,11.4,22.7,150,2018-02-28
9.9,77,4.1,36.9,169,2018-03-01
8.2,63,4.0,31.7,186,2018-03-02
11.6,60,0.7,28.6,204,2018-03-03
10.5,78,5.5,12.9,170,2018-03-04
9.8,69,6.2,23.0,230,2018-03-05
8.1,74,1.0,25.9,244,2018-03-06
7.5,72,0.0,16.0,255,2018-03-07
10.9,60,0.5,23.9,193,2018-03-08
14.7,67,2.5,36.6,188,2018-03-09
14.9,64,0.3,24.9,180,2018-03-10
12.8,53,0.0,36.8,196,2018-03-11
9.7,69,2.2,35.6,266,2018-03-12
9.8,81,1.5,11.7,133,2018-03-13
12.2,67,2.3,33.9,175,2018-03-14
10.9,64,1.6,31.1,227,2018-03-15
8.7,71,1.5,15.4,211,2018-03-16
6.8,82,7.8,23.0,276,2018-03-17
6.7,88,11.9,24.7,280,2018-03-18
4.9,89,21.8,30.7,282,2018-03-19
5.0,77,10.0,30.7,350,2018-03-20
6.3,66,5.9,25.3,10,2018-03-21
6.5,71,2.2,17.2,2,2018-03-22
8.3,77,2.6,16.5,201,2018-03-23
7.4,78,11.1,40.5,260,2018-03-24
7.8,86,18.8,32.9,279,2018-03-25
8.5,84,22.5,29.0,308,2018-03-26
11.2,84,1.2,27.5,282,2018-03-27
10.4,84,5.3,17.4,274,2018-03-28
9.9,77,6.4,19.1,276,2018-03-29
10.0,58,2.1,27.4,213,2018-03-30
7.8,78,13.3,42.9,278,2018-03-31
11.6,70,0.0,16.3,180,2018-04-01
14.5,57,0.9,22.3,187,2018-04-02
15.0,56,0.0,26.0,196,2018-04-03
12.2,68,7.5,33.1,231,2018-04-04
13.0,74,0.0,19.6,181,2018-04-05
16.0,57,1.3,27.7,173,2018-04-06
11.5,86,3.5,14.6,197,2018-04-07
10.8,86,1.0,12.5,330,2018-04-08
9.4,91,5.2,21.7,305,2018-04-09
8.2,82,11.5,20.7,231,2018-04-10
8.6,90,39.7,36.4,312,2018-04-11
10.6,87,15.2,27.7,317,2018-04-12
10.1,86,2.4,9.8,195,2018-04-13
11.8,88,3.6,13.0,279,2018-04-14
12.2,75,2.2,21.9,203,2018-04-15
11.4,82,8.1,18.1,351,2018-04-16
13.9,71,0.0,14.8,203,2018-04-17
17.7,70,0.0,20.5,179,2018-04-18
18.5,62,0.0,15.5,167,2018-04-19
17.3,69,0.0,14.2,134,2018-04-20
19.1,58,0.4,22.4,178,2018-04-21
16.4,75,2.4,17.3,239,2018-04-22
13.5,94,4.1,11.6,352,2018-04-23
14.5,92,0.0,13.6,44,2018-04-24
13.0,89,1.2,18.7,329,2018-04-25
12.2,79,1.4,15.8,35,2018-04-26
11.5,81,0.7,24.8,292,2018-04-27
10.6,84,8.2,15.9,55,2018-04-28
10.1,80,2.9,22.5,283,2018-04-29
8.3,85,14.9,21.3,269,2018-04-30
9.2,82,6.4,14.8,303,2018-05-01
10.8,82,5.7,24.3,269,2018-05-02
10.5,77,4.5,22.9,330,2018-05-03
11.1,78,0.9,23.2,340,2018-05-04
11.7,87,0.0,14.9,303,2018-05-05
14.3,80,0.0,9.9,12,2018-05-06
15.1,82,0.0,8.4,312,2018-05-07
13.5,90,0.0,24.0,295,2018-05-08
12.6,85,0.2,14.0,315,2018-05-09
11.8,79,3.5,20.3,330,2018-05-10
12.9,74,0.0,22.2,233,2018-05-11
10.4,84,23.4,24.8,294,2018-05-12
9.3,84,12.1,28.6,282,2018-05-13
11.0,83,11.3,19.8,315,2018-05-14
11.5,80,0.0,21.8,299,2018-05-15
12.4,83,0.2,15.3,314,2018-05-16
12.1,89,0.0,12.5,353,2018-05-17
13.6,91,0.0,13.2,307,2018-05-18
13.9,91,0.0,11.9,305,2018-05-19
14.3,84,0.0,9.4,331,2018-05-20
15.1,85,0.0,10.5,236,2018-05-21
15.1,85,0.0,10.2,307,2018-05-22
15.5,91,1.4,12.1,29,2018-05-23
16.5,92,1.2,11.2,332,2018-05-24
15.9,93,13.0,9.8,336,2018-05-25
16.4,92,10.5,13.0,276,2018-05-26
15.8,90,0.8,13.0,358,2018-05-27
15.1,89,3.6,15.1,333,2018-05-28
15.2,89,0.2,17.3,312,2018-05-29
15.2,86,0.6,11.9,332,2018-05-30
15.4,86,4.0,12.2,0,2018-05-31
15.5,93,14.3,13.3,27,2018-06-01
17.0,92,0.3,14.3,314,2018-06-02
16.5,95,8.4,22.4,299,2018-06-03
15.0,90,9.3,15.3,318,2018-06-04
14.2,85,11.9,12.3,315,2018-06-05
14.8,86,1.3,18.0,307,2018-06-06
16.5,90,1.3,15.5,26,2018-06-07
18.6,82,5.1,12.4,166,2018-06-08
17.6,83,0.8,15.4,93,2018-06-09
16.8,78,8.0,15.3,178,2018-06-10
15.7,88,6.5,19.5,307,2018-06-11
15.9,89,21.3,35.3,284,2018-06-12
15.6,83,2.5,26.9,305,2018-06-13
15.2,86,0.1,13.8,317,2018-06-14
15.5,89,0.5,14.0,317,2018-06-15
15.9,87,1.4,11.4,352,2018-06-16
15.9,86,0.7,13.1,321,2018-06-17
15.7,90,0.8,15.0,317,2018-06-18
17.0,89,1.2,13.8,47,2018-06-19
18.2,92,0.0,13.5,305,2018-06-20
19.0,90,0.3,18.6,309,2018-06-21
18.1,89,0.0,14.5,323,2018-06-22
17.1,82,0.0,14.8,62,2018-06-23
18.9,78,0.0,14.3,89,2018-06-24
19.6,78,0.0,15.9,71,2018-06-25
19.0,85,0.0,13.0,314,2018-06-26
17.9,90,2.0,19.0,302,2018-06-27
17.8,90,0.7,13.4,311,2018-06-28
19.1,91,0.0,13.5,2,2018-06-29
21.5,88,6.1,11.3,148,2018-06-30
21.0,92,17.2,9.7,310,2018-07-01
19.6,90,2.4,15.0,340,2018-07-02
19.4,92,1.2,11.0,345,2018-07-03
18.6,93,19.7,18.5,345,2018-07-04
18.2,86,1.7,23.8,294,2018-07-05
18.5,87,0.0,15.7,30,2018-07-06
19.0,90,0.3,14.6,35,2018-07-07
20.3,92,1.6,11.6,312,2018-07-08
21.4,87,0.0,13.0,304,2018-07-09
21.2,89,0.0,13.3,314,2018-07-10
20.2,89,2.1,13.0,323,2018-07-11
19.2,86,3.1,17.3,309,2018-07-12
19.7,85,1.7,16.5,59,2018-07-13
21.0,90,0.0,12.6,329,2018-07-14
20.9,88,5.0,18.4,291,2018-07-15
19.1,85,6.2,31.0,291,2018-07-16
19.4,85,0.0,18.1,40,2018-07-17
21.4,88,0.9,13.8,39,2018-07-18
20.8,89,1.5,19.9,330,2018-07-19
18.4,86,7.2,20.6,308,2018-07-20
18.1,82,4.0,15.2,294,2018-07-21
18.7,88,1.8,14.2,309,2018-07-22
20.5,87,0.0,14.6,99,2018-07-23
21.0,91,0.3,15.0,307,2018-07-24
20.8,91,1.8,17.6,30,2018-07-25
20.6,91,0.4,11.7,340,2018-07-26
20.5,92,2.5,18.7,332,2018-07-27
19.4,88,5.1,16.8,331,2018-07-28
19.7,86,0.5,19.6,329,2018-07-29
20.5,85,0.0,14.5,62,2018-07-30
19.6,92,10.5,19.7,335,2018-07-31
20.0,85,2.4,18.7,39,2018-08-01
21.3,87,0.0,12.4,63,2018-08-02
22.9,86,0.0,8.6,292,2018-08-03
22.2,90,0.0,14.0,306,2018-08-04
22.4,86,0.0,8.4,312,2018-08-05
24.8,81,0.0,12.0,202,2018-08-06
20.7,80,0.0,26.4,291,2018-08-07
19.7,83,3.1,16.8,18,2018-08-08
17.9,78,12.0,34.6,296,2018-08-09
18.4,79,0.4,21.2,42,2018-08-10
19.3,84,0.0,14.0,63,2018-08-11
20.4,84,0.3,19.2,307,2018-08-12
19.5,85,4.4,22.9,298,2018-08-13
19.1,86,4.6,18.6,312,2018-08-14
19.7,83,0.0,16.8,63,2018-08-15
19.6,90,4.5,20.1,311,2018-08-16
18.1,86,9.9,16.0,345,2018-08-17
17.9,76,0.3,14.9,14,2018-08-18
18.7,85,0.0,12.4,22,2018-08-19
19.0,86,0.0,11.7,7,2018-08-20
19.7,89,0.0,12.9,44,2018-08-21
20.6,89,0.0,12.4,303,2018-08-22
20.4,91,1.6,14.8,317,2018-08-23
18.8,86,4.4,17.4,321,2018-08-24
18.1,76,2.0,17.6,315,2018-08-25
18.1,79,0.1,14.0,11,2018-08-26
19.4,85,0.0,14.6,52,2018-08-27
21.2,86,1.1,24.4,279,2018-08-28
19.2,91,8.3,15.7,318,2018-08-29
19.0,84,0.5,16.3,55,2018-08-30
18.7,85,0.0,14.0,44,2018-08-31
19.2,85,0.6,18.4,76,2018-09-01
19.3,78,0.0,17.1,82,2018-09-02
19.2,81,0.0,11.4,358,2018-09-03
18.8,86,0.1,13.0,318,2018-09-04
18.2,90,20.0,15.6,301,2018-09-05
17.7,92,14.4,18.1,303,2018-09-06
17.9,85,2.8,14.6,37,2018-09-07
19.2,84,0.0,12.8,166,2018-09-08
19.6,89,3.8,13.4,289,2018-09-09
18.9,89,0.8,14.5,40,2018-09-10
19.1,89,0.0,12.3,117,2018-09-11
19.8,89,0.0,21.6,298,2018-09-12
19.0,89,1.7,10.6,338,2018-09-13
18.4,89,0.2,15.0,62,2018-09-14
19.0,82,0.0,16.9,82,2018-09-15
18.9,88,0.0,18.6,293,2018-09-16
22.6,75,1.0,20.9,184,2018-09-17
19.9,89,0.1,15.3,355,2018-09-18
19.7,91,0.1,13.8,347,2018-09-19
20.0,90,0.0,11.3,349,2018-09-20
18.9,87,0.7,18.9,339,2018-09-21
20.1,86,0.0,9.4,97,2018-09-22
19.3,91,0.4,21.1,296,2018-09-23
16.1,80,6.9,19.2,24,2018-09-24
14.5,75,0.0,11.4,42,2018-09-25
18.7,73,0.0,20.9,153,2018-09-26
22.2,65,0.0,25.8,196,2018-09-27
18.3,92,0.0,9.1,314,2018-09-28
17.0,91,0.0,13.2,15,2018-09-29
15.6,85,0.0,13.2,290,2018-09-30
15.2,72,1.9,22.7,357,2018-10-01
14.1,66,0.0,13.7,30,2018-10-02
13.9,80,0.0,14.3,94,2018-10-03
15.0,86,0.0,13.8,118,2018-10-04
17.0,76,0.0,17.8,208,2018-10-05
14.5,87,4.0,38.7,280,2018-10-06
12.7,84,15.1,34.7,301,2018-10-07
14.2,91,12.1,21.3,349,2018-10-08
14.1,86,0.0,16.5,120,2018-10-09
16.5,68,0.6,23.8,170,2018-10-10
17.7,73,1.4,27.4,182,2018-10-11
20.3,60,0.0,27.2,187,2018-10-12
22.0,55,0.0,28.5,184,2018-10-13
15.3,84,17.0,28.1,268,2018-10-14
14.3,78,0.6,19.4,172,2018-10-15
14.5,91,0.1,11.6,40,2018-10-16
14.0,91,0.0,15.3,111,2018-10-17
15.3,96,2.2,12.0,336,2018-10-18
15.8,94,0.1,18.7,306,2018-10-19
15.3,91,0.0,13.5,309,2018-10-20
15.6,93,0.0,11.3,122,2018-10-21
15.0,86,0.3,18.9,318,2018-10-22
13.7,88,0.6,13.9,24,2018-10-23
12.7,84,0.0,9.9,302,2018-10-24
13.0,89,0.0,8.9,323,2018-10-25
13.2,92,6.5,19.6,304,2018-10-26
9.4,84,26.5,28.8,319,2018-10-27
7.2,85,16.0,25.3,317,2018-10-28
7.8,83,23.7,34.7,315,2018-10-29
9.5,72,0.2,24.5,182,2018-10-30
10.2,85,2.8,23.6,259,2018-10-31
11.4,81,4.3,22.7,273,2018-11-01
11.6,88,11.5,13.2,336,2018-11-02
9.6,86,0.0,11.0,149,2018-11-03
11.3,74,0.7,23.1,178,2018-11-04
11.9,75,5.6,25.6,171,2018-11-05
11.3,72,14.1,35.0,215,2018-11-06
12.7,76,7.7,37.6,208,2018-11-07
11.4,71,0.0,19.5,166,2018-11-08
11.9,71,4.8,35.3,209,2018-11-09
14.3,78,1.8,35.9,201,2018-11-10
14.6,74,10.2,31.6,198,2018-11-11
12.1,90,9.9,10.8,280,2018-11-12
12.2,91,1.3,12.4,115,2018-11-13
14.0,77,0.0,24.5,179,2018-11-14
15.2,77,0.0,23.4,179,2018-11-15
14.1,81,0.0,21.3,174,2018-11-16
14.2,79,0.0,22.5,175,2018-11-17
11.5,86,8.3,15.3,136,2018-11-18
10.2,88,0.8,14.0,95,2018-11-19
7.2,85,1.7,14.8,69,2018-11-20
9.2,78,1.5,15.0,167,2018-11-21
11.1,64,0.0,23.9,182,2018-11-22
10.7,73,5.0,23.5,193,2018-11-23
11.6,62,0.0,22.7,200,2018-11-24
9.9,78,5.3,26.8,262,2018-11-25
8.9,89,26.5,32.6,291,2018-11-26
10.0,79,3.2,16.8,220,2018-11-27
11.5,61,0.0,27.6,198,2018-11-28
12.5,52,2.4,37.6,197,2018-11-29
9.9,81,2.1,24.2,260,2018-11-30
10.5,73,1.6,21.3,194,2018-12-01
12.8,70,0.6,22.1,200,2018-12-02
12.8,77,2.6,23.6,200,2018-12-03
13.0,83,0.0,13.4,180,2018-12-04
12.9,73,0.0,20.3,199,2018-12-05
11.6,82,0.4,14.6,259,2018-12-06
10.1,82,5.4,21.6,229,2018-12-07
10.6,76,0.2,18.4,256,2018-12-08
11.5,84,2.7,25.5,282,2018-12-09
9.9,87,0.0,8.2,173,2018-12-10
8.7,80,0.0,17.7,183,2018-12-11
10.5,83,1.1,21.6,243,2018-12-12
10.1,78,14.9,39.1,266,2018-12-13
9.2,86,7.4,34.5,281,2018-12-14
11.9,72,2.3,29.9,200,2018-12-15
10.4,87,15.6,30.0,273,2018-12-16
8.3,72,0.0,27.8,193,2018-12-17
10.8,52,0.7,46.2,186,2018-12-18
9.2,77,0.9,21.0,210,2018-12-19
10.2,74,0.0,20.9,200,2018-12-20
12.8,68,0.0,29.7,201,2018-12-21
12.9,76,0.0,17.2,196,2018-12-22
11.2,77,0.0,15.5,189,2018-12-23
8.9,87,0.0,8.9,163,2018-12-24
9.0,92,0.0,14.0,139,2018-12-25
9.9,78,0.0,17.0,190,2018-12-26
8.2,78,0.0,8.2,183,2018-12-27
9.4,88,0.8,12.7,280,2018-12-28
8.9,91,1.8,15.0,20,2018-12-29
6.1,88,0.0,8.7,118,2018-12-30
5.2,93,0.0,8.1,136,2018-12-31
6.0,92,0.0,7.8,128,2019-01-01
6.9,86,1.0,15.3,55,2019-01-02
3.9,86,0.0,10.5,116,2019-01-03
2.3,86,0.0,9.3,141,2019-01-04
3.7,83,0.0,8.0,148,2019-01-05
4.6,89,0.0,11.5,105,2019-01-06
5.3,82,0.0,11.8,82,2019-01-07
6.9,85,0.0,15.2,277,2019-01-08
8.3,83,3.7,22.2,327,2019-01-09
6.4,68,0.6,21.5,30,2019-01-10
5.5,76,0.4,16.8,50,2019-01-11
7.3,90,4.4,18.2,303,2019-01-12
8.5,83,0.3,19.3,275,2019-01-13
9.4,88,1.8,18.4,287,2019-01-14
8.0,90,0.7,10.9,116,2019-01-15
7.4,73,0.2,15.0,201,2019-01-16
7.6,85,12.3,24.2,278,2019-01-17
6.4,84,1.2,11.2,215,2019-01-18
6.9,78,2.8,23.0,196,2019-01-19
8.3,87,35.6,22.3,311,2019-01-20
7.4,79,18.9,17.6,340,2019-01-21
6.7,85,17.8,31.8,278,2019-01-22
8.8,89,37.5,47.7,305,2019-01-23
7.9,89,22.4,35.5,343,2019-01-24
9.8,90,8.3,31.2,312,2019-01-25
9.2,84,0.4,17.2,268,2019-01-26
8.0,77,10.1,40.5,289,2019-01-27
8.5,81,18.8,43.7,298,2019-01-28
8.0,85,28.5,44.4,269,2019-01-29
7.5,75,10.6,36.6,271,2019-01-30
10.6,84,24.6,24.4,225,2019-01-31
8.3,80,8.1,26.1,218,2019-02-01
6.0,81,26.9,44.8,312,2019-02-02
6.2,74,7.3,27.2,345,2019-02-03
5.7,78,0.8,13.8,192,2019-02-04
9.9,85,1.3,10.8,222,2019-02-05
9.5,83,0.0,16.9,206,2019-02-06
8.9,85,0.8,21.4,265,2019-02-07
8.5,76,0.0,21.2,202,2019-02-08
11.0,66,0.0,20.7,199,2019-02-09
10.5,74,4.8,38.0,249,2019-02-10
7.6,89,6.3,19.8,284,2019-02-11
6.7,85,0.0,13.2,135,2019-02-12
7.4,84,0.0,11.0,168,2019-02-13
10.4,67,0.0,28.1,181,2019-02-14
12.0,59,0.0,27.9,185,2019-02-15
10.8,67,0.0,27.0,178,2019-02-16
12.2,46,0.0,31.5,181,2019-02-17
10.0,66,2.9,23.1,220,2019-02-18
8.5,91,7.1,14.7,334,2019-02-19
9.4,81,0.0,20.6,198,2019-02-20
11.7,64,0.0,20.3,189,2019-02-21
12.6,59,0.0,18.3,184,2019-02-22
11.2,64,0.0,18.1,258,2019-02-23
10.3,77,0.0,10.1,221,2019-02-24
10.6,77,0.0,12.7,205,2019-02-25
13.4,69,0.0,24.0,181,2019-02-26
14.5,52,0.0,24.6,213,2019-02-27
10.3,82,0.0,13.9,286,2019-02-28
9.1,87,0.0,9.4,219,2019-03-01
11.3,83,0.0,12.2,270,2019-03-02
14.5,53,0.0,24.5,202,2019-03-03
11.4,73,7.2,27.8,286,2019-03-04
12.3,63,0.3,21.7,194,2019-03-05
14.0,59,2.5,34.2,194,2019-03-06
10.2,63,0.7,37.5,230,2019-03-07
9.8,82,10.7,19.1,296,2019-03-08
12.0,77,0.6,10.5,210,2019-03-09
11.5,89,1.5,21.4,284,2019-03-10
9.9,75,1.3,14.4,9,2019-03-11
10.4,72,3.0,35.1,270,2019-03-12
8.2,83,7.8,32.3,293,2019-03-13
8.9,80,3.6,26.8,285,2019-03-14
9.8,78,0.0,15.0,278,2019-03-15
11.5,79,0.0,17.2,218,2019-03-16
9.1,81,2.6,24.2,297,2019-03-17
8.4,79,4.5,18.2,311,2019-03-18
8.8,87,12.7,19.2,346,2019-03-19
8.5,78,2.1,15.1,32,2019-03-20
8.8,83,0.1,11.0,325,2019-03-21
10.4,67,0.0,17.5,194,2019-03-22
11.0,74,0.0,13.7,104,2019-03-23
10.4,86,0.0,10.9,300,2019-03-24
10.0,82,0.4,17.7,14,2019-03-25
8.9,71,0.0,18.6,54,2019-03-26
8.6,77,0.0,13.0,36,2019-03-27
9.3,84,0.0,11.6,323,2019-03-28
9.7,81,0.0,14.2,174,2019-03-29
12.8,63,0.0,20.5,192,2019-03-30
11.5,75,0.0,14.1,126,2019-03-31
11.6,79,0.9,11.2,145,2019-04-01
10.5,85,2.7,22.5,293,2019-04-02
7.0,87,17.8,28.7,280,2019-04-03
8.3,72,0.9,25.3,262,2019-04-04
10.0,71,8.3,20.3,196,2019-04-05
9.0,75,4.4,22.5,245,2019-04-06
8.9,76,0.5,21.3,269,2019-04-07
10.9,78,7.8,23.6,225,2019-04-08
9.8,80,5.1,20.4,228,2019-04-09
9.0,86,7.6,17.7,304,2019-04-10
9.7,88,7.0,21.0,301,2019-04-11
9.6,83,0.9,11.3,326,2019-04-12
10.5,75,0.0,14.3,133,2019-04-13
12.9,75,0.1,9.1,84,2019-04-14
14.4,83,7.6,28.7,215,2019-04-15
12.5,77,0.0,19.4,100,2019-04-16
16.2,65,0.0,26.6,152,2019-04-17
13.5,84,13.8,20.3,153,2019-04-18
13.9,82,2.3,14.0,76,2019-04-19
12.8,78,0.0,15.1,311,2019-04-20
12.0,84,0.3,16.3,337,2019-04-21
14.0,76,0.0,13.9,150,2019-04-22
12.8,79,8.7,21.1,218,2019-04-23
11.4,70,2.8,32.7,188,2019-04-24
12.6,62,1.1,24.3,217,2019-04-25
10.8,77,2.3,29.9,279,2019-04-26
10.9,83,1.9,22.4,278,2019-04-27
11.1,82,0.3,15.9,46,2019-04-28
11.2,83,0.0,17.4,84,2019-04-29
12.2,86,0.0,14.1,57,2019-04-30
11.9,82,0.4,23.1,297,2019-05-01
11.3,84,1.6,16.8,309,2019-05-02
10.5,87,7.8,19.4,326,2019-05-03
10.8,84,2.0,24.7,321,2019-05-04
8.7,71,0.9,20.6,73,2019-05-05
11.0,69,0.0,18.2,107,2019-05-06
12.3,82,0.2,8.5,218,2019-05-07
14.5,74,6.1,24.2,209,2019-05-08
12.5,76,2.5,16.9,128,2019-05-09
14.8,89,4.0,18.0,341,2019-05-10
13.0,86,1.7,23.4,304,2019-05-11
12.5,82,0.0,18.6,68,2019-05-12
12.0,74,0.0,15.0,46,2019-05-13
13.2,76,0.0,16.6,57,2019-05-14
13.8,76,0.0,13.2,58,2019-05-15
12.7,82,1.1,25.6,289,2019-05-16
11.2,88,14.7,35.0,292,2019-05-17
10.0,82,14.2,30.4,271,2019-05-18
11.0,90,23.6,34.9,287,2019-05-19
11.4,84,0.1,13.2,308,2019-05-20
12.3,87,0.0,17.4,62,2019-05-21
14.1,85,0.0,16.4,93,2019-05-22
14.4,85,3.1,21.1,297,2019-05-23
13.2,90,4.8,26.3,299,2019-05-24
12.8,90,6.6,22.7,312,2019-05-25
13.2,90,7.7,20.6,309,2019-05-26
13.3,92,5.2,20.7,303,2019-05-27
12.8,83,2.9,26.7,307,2019-05-28
13.3,84,3.1,18.5,325,2019-05-29
15.5,81,0.0,13.1,99,2019-05-30
18.1,81,0.0,12.6,104,2019-05-31
21.0,75,0.0,16.6,205,2019-06-01
18.3,80,0.0,13.5,300,2019-06-02
16.5,87,0.0,14.4,3,2019-06-03
15.7,86,2.7,24.4,304,2019-06-04
13.0,83,18.4,28.1,290,2019-06-05
16.2,66,0.3,17.2,149,2019-06-06
14.6,63,1.3,27.4,257,2019-06-07
13.3,80,0.4,21.5,38,2019-06-08
13.5,88,6.8,22.2,352,2019-06-09
12.7,83,2.8,14.4,308,2019-06-10
12.3,82,10.0,28.2,290,2019-06-11
13.0,72,0.5,22.3,280,2019-06-12
12.7,86,1.3,19.8,354,2019-06-13
13.3,86,0.7,14.7,21,2019-06-14
14.0,83,0.2,11.8,339,2019-06-15
15.0,85,0.0,15.4,61,2019-06-16
16.6,89,0.0,15.9,306,2019-06-17
19.3,82,0.0,23.1,266,2019-06-18
16.9,87,0.3,12.9,331,2019-06-19
15.6,91,3.1,11.3,347,2019-06-20
14.9,86,16.1,13.0,11,2019-06-21
17.6,78,0.0,14.4,110,2019-06-22
18.7,81,0.0,14.9,281,2019-06-23
17.6,90,3.9,19.6,295,2019-06-24
17.7,91,0.6,11.9,345,2019-06-25
22.6,82,0.0,21.7,298,2019-06-26
22.2,81,0.0,28.5,301,2019-06-27
18.3,86,0.0,22.0,318,2019-06-28
17.6,91,0.0,21.0,326,2019-06-29
17.1,90,0.3,13.0,326,2019-06-30
17.4,87,2.6,21.1,320,2019-07-01
17.5,90,1.9,15.8,316,2019-07-02
19.2,90,3.1,13.1,18,2019-07-03
22.5,87,0.0,13.5,56,2019-07-04
21.1,89,0.3,16.1,312,2019-07-05
19.0,91,0.0,17.4,314,2019-07-06
18.4,89,0.0,14.1,340,2019-07-07
18.3,92,13.7,16.6,338,2019-07-08
18.5,89,12.7,31.0,293,2019-07-09
18.7,80,0.0,11.3,305,2019-07-10
18.6,83,0.0,9.4,333,2019-07-11
19.1,80,0.0,11.8,25,2019-07-12
19.4,89,0.0,17.3,39,2019-07-13
19.8,88,1.2,18.0,308,2019-07-14
19.2,84,0.0,13.4,352,2019-07-15
18.5,86,0.0,13.4,329,2019-07-16
19.0,87,1.5,16.6,326,2019-07-17
18.5,82,1.0,11.9,336,2019-07-18
19.7,81,0.0,15.3,56,2019-07-19
19.7,89,0.7,13.7,330,2019-07-20
19.8,90,3.1,17.2,31,2019-07-21
21.5,87,0.0,12.6,38,2019-07-22
24.4,77,0.0,22.3,238,2019-07-23
22.6,90,0.0,11.4,8,2019-07-24
21.5,91,0.5,19.9,309,2019-07-25
18.2,90,18.5,22.2,306,2019-07-26
16.6,90,16.5,19.9,294,2019-07-27
17.7,84,8.3,15.6,325,2019-07-28
18.3,80,1.6,21.3,299,2019-07-29
17.6,76,1.9,22.3,300,2019-07-30
17.4,79,0.0,17.8,46,2019-07-31
17.9,90,23.3,16.1,25,2019-08-01
18.8,87,0.0,16.3,46,2019-08-02
19.3,90,0.0,13.4,19,2019-08-03
19.3,91,0.4,11.6,328,2019-08-04
19.2,90,0.0,15.3,39,2019-08-05
19.4,88,0.4,14.3,6,2019-08-06
21.1,85,0.2,14.5,58,2019-08-07
25.0,71,0.2,17.0,189,2019-08-08
24.1,71,0.3,21.1,149,2019-08-09
19.0,84,12.5,13.1,25,2019-08-10
17.2,89,21.6,15.9,332,2019-08-11
16.4,80,2.3,25.8,295,2019-08-12
16.7,80,1.2,13.3,9,2019-08-13
18.5,78,0.1,14.1,293,2019-08-14
18.6,85,2.9,20.2,318,2019-08-15
18.1,84,0.0,13.0,135,2019-08-16
20.2,79,0.0,12.4,100,2019-08-17
18.8,88,7.4,22.8,315,2019-08-18
17.3,83,3.5,12.0,358,2019-08-19
17.9,78,2.2,18.4,39,2019-08-20
18.4,83,0.0,14.7,38,2019-08-21
18.5,83,0.0,13.2,357,2019-08-22
20.8,74,0.0,12.9,176,2019-08-23
20.3,77,0.0,20.7,292,2019-08-24
19.3,89,0.3,14.4,4,2019-08-25
20.4,89,0.0,13.0,21,2019-08-26
20.1,92,1.9,13.0,329,2019-08-27
20.6,92,0.3,14.6,41,2019-08-28
20.3,89,0.0,19.1,51,2019-08-29
20.2,87,0.0,14.8,33,2019-08-30
20.0,91,1.1,15.7,342,2019-08-31
18.4,93,11.2,21.9,4,2019-09-01
17.6,74,0.6,15.0,16,2019-09-02
17.6,77,0.0,15.6,50,2019-09-03
16.8,85,1.2,19.6,317,2019-09-04
16.7,80,12.8,21.2,351,2019-09-05
16.5,71,0.7,18.4,26,2019-09-06
16.3,78,0.0,14.5,324,2019-09-07
16.5,78,0.8,14.4,351,2019-09-08
15.3,80,0.5,29.1,286,2019-09-09
14.8,83,34.2,32.0,317,2019-09-10
17.2,78,2.1,23.1,357,2019-09-11
16.4,86,0.0,16.4,79,2019-09-12
16.7,90,0.0,9.1,324,2019-09-13
19.9,82,0.0,12.0,100,2019-09-14
19.5,84,2.7,12.3,169,2019-09-15
19.6,88,1.0,13.3,156,2019-09-16
19.3,90,0.1,10.2,300,2019-09-17
18.6,92,5.8,14.1,299,2019-09-18
17.7,86,0.0,12.1,304,2019-09-19
21.2,75,0.0,16.7,161,2019-09-20
21.8,66,0.0,21.3,174,2019-09-21
17.8,82,15.0,18.1,292,2019-09-22
17.9,78,1.4,13.7,181,2019-09-23
19.1,71,2.1,27.7,242,2019-09-24
17.6,75,0.7,21.4,282,2019-09-25
17.1,85,0.2,13.5,38,2019-09-26
17.4,86,2.0,17.1,265,2019-09-27
17.4,86,0.1,14.8,35,2019-09-28
18.4,69,0.0,12.7,224,2019-09-29
19.8,83,0.2,13.6,135,2019-09-30
18.0,87,2.0,23.6,292,2019-10-01
15.8,87,11.3,29.8,291,2019-10-02
15.4,84,0.0,9.7,224,2019-10-03
16.4,89,2.7,14.9,293,2019-10-04
16.0,88,0.1,13.1,10,2019-10-05
15.5,89,4.7,23.3,295,2019-10-06
15.9,81,0.0,8.4,172,2019-10-07
17.0,80,1.4,25.4,291,2019-10-08
15.7,82,3.2,23.2,290,2019-10-09
14.9,84,0.0,12.1,151,2019-10-10
17.5,74,0.0,18.3,194,2019-10-11
20.6,68,0.0,26.2,180,2019-10-12
20.5,60,0.0,21.0,191,2019-10-13
15.8,78,12.2,21.6,272,2019-10-14
14.2,66,0.2,20.2,231,2019-10-15
17.1,59,2.3,28.7,202,2019-10-16
16.9,80,7.3,25.0,228,2019-10-17
15.3,85,4.4,9.6,261,2019-10-18
15.3,81,7.8,12.0,177,2019-10-19
12.0,90,44.4,26.6,285,2019-10-20
11.5,82,2.0,11.8,253,2019-10-21
11.5,92,11.9,19.6,24,2019-10-22
13.9,89,13.7,38.2,285,2019-10-23
13.1,81,22.9,28.2,234,2019-10-24
16.0,75,0.0,19.1,188,2019-10-25
18.2,59,0.0,24.3,193,2019-10-26
17.9,63,0.0,16.7,184,2019-10-27
18.0,72,0.0,18.4,195,2019-10-28
15.5,87,0.1,7.4,226,2019-10-29
17.4,75,0.8,21.0,204,2019-10-30
16.0,91,4.9,16.9,278,2019-10-31
17.0,90,5.9,11.2,206,2019-11-01
14.9,91,8.5,17.7,268,2019-11-02
13.9,71,7.9,52.1,262,2019-11-03
14.0,79,21.8,28.6,260,2019-11-04
10.8,81,23.4,36.4,268,2019-11-05
11.7,84,12.0,29.8,273,2019-11-06
9.7,83,16.3,30.0,275,2019-11-07
9.0,80,21.3,42.8,277,2019-11-08
9.7,86,24.7,37.9,266,2019-11-09
8.4,88,32.8,30.6,294,2019-11-10
10.2,78,5.3,44.3,299,2019-11-11
10.3,83,11.2,24.0,271,2019-11-12
10.8,84,14.7,19.3,303,2019-11-13
7.7,82,21.4,35.4,269,2019-11-14
6.6,87,13.2,40.3,273,2019-11-15
7.4,85,9.4,35.1,270,2019-11-16
8.5,85,22.0,27.5,253,2019-11-17
8.7,82,12.5,22.4,338,2019-11-18
7.7,79,0.2,13.4,175,2019-11-19
9.6,69,0.5,20.5,187,2019-11-20
10.2,69,0.3,21.6,201,2019-11-21
10.8,71,6.0,43.0,173,2019-11-22
10.3,81,30.9,48.0,274,2019-11-23
10.7,77,6.5,28.5,239,2019-11-24
12.8,84,3.6,20.6,213,2019-11-25
15.2,72,0.4,33.2,199,2019-11-26
12.2,81,3.9,16.9,224,2019-11-27
11.2,88,10.7,18.0,235,2019-11-28
12.0,89,1.1,15.3,267,2019-11-29
11.9,83,13.6,30.1,204,2019-11-30
9.4,82,7.0,17.5,230,2019-12-01
8.5,91,19.4,25.0,34,2019-12-02
6.6,81,0.8,13.6,48,2019-12-03
6.7,81,0.9,16.0,280,2019-12-04
9.9,91,1.0,14.1,12,2019-12-05
8.8,85,0.0,12.2,212,2019-12-06
9.5,82,0.0,10.0,201,2019-12-07
9.9,83,9.1,25.4,227,2019-12-08
10.2,84,4.6,35.5,287,2019-12-09
9.7,78,0.1,18.0,195,2019-12-10
9.5,74,9.7,34.0,268,2019-12-11
10.0,82,31.0,40.7,243,2019-12-12
13.8,83,9.0,48.0,280,2019-12-13
12.4,70,0.0,25.5,210,2019-12-14
13.4,67,0.0,32.0,207,2019-12-15
12.4,65,0.0,20.4,161,2019-12-16
8.5,86,4.8,20.3,272,2019-12-17
10.8,64,0.2,42.6,186,2019-12-18
14.2,64,3.2,27.7,155,2019-12-19
11.5,81,18.1,21.3,225,2019-12-20
12.0,76,11.4,29.3,214,2019-12-21
11.1,74,5.0,40.8,274,2019-12-22
10.5,72,0.3,27.2,213,2019-12-23
12.7,76,0.0,20.2,199,2019-12-24
12.8,72,0.0,22.8,186,2019-12-25
12.5,72,0.0,26.4,267,2019-12-26
7.4,86,0.0,12.3,155,2019-12-27
7.4,85,0.0,9.8,145,2019-12-28
7.8,81,0.0,9.7,168,2019-12-29
7.2,75,0.0,7.3,205,2019-12-30
7.1,80,0.0,8.0,232,2019-12-31
7.7,83,0.0,8.8,186,2020-01-01
7.3,71,0.0,13.5,197,2020-01-02
7.4,81,2.2,12.9,211,2020-01-03
9.2,92,2.4,12.9,330,2020-01-04
7.4,87,0.0,9.5,115,2020-01-05
6.4,84,0.0,13.0,212,2020-01-06
8.1,84,0.0,14.0,186,2020-01-07
9.1,84,0.0,11.5,178,2020-01-08
10.9,69,0.7,31.4,211,2020-01-09
9.0,82,6.3,25.6,297,2020-01-10
7.4,86,0.4,10.9,188,2020-01-11
6.3,78,0.0,10.0,194,2020-01-12
7.1,62,0.0,30.1,197,2020-01-13
9.8,61,0.0,35.9,199,2020-01-14
11.8,69,0.0,39.6,199,2020-01-15
12.9,64,0.3,22.8,172,2020-01-16
9.3,77,9.2,24.9,268,2020-01-17
9.1,74,3.8,28.6,184,2020-01-18
7.5,77,9.0,33.0,36,2020-01-19
5.3,69,0.6,30.5,57,2020-01-20
6.1,78,0.2,19.7,56,2020-01-21
7.7,86,3.4,16.1,71,2020-01-22
7.4,82,0.0,12.5,174,2020-01-23
9.3,73,0.8,23.4,179,2020-01-24
8.7,81,3.2,12.8,190,2020-01-25
8.1,79,1.7,19.1,202,2020-01-26
10.9,68,1.0,32.5,205,2020-01-27
10.2,79,3.6,21.1,273,2020-01-28
10.6,80,2.3,23.0,194,2020-01-29
13.8,71,3.7,23.0,206,2020-01-30
13.5,77,0.0,19.8,198,2020-01-31
15.1,82,2.5,22.2,210,2020-02-01
16.4,69,0.0,25.6,203,2020-02-02
15.1,66,0.0,21.9,198,2020-02-03
10.9,87,4.4,16.4,333,2020-02-04
8.3,74,0.0,17.7,76,2020-02-05
9.6,70,0.0,21.2,178,2020-02-06
11.0,73,0.0,19.5,191,2020-02-07
9.8,83,2.6,14.6,210,2020-02-08
12.1,71,0.0,30.0,198,2020-02-09
12.8,82,0.2,27.9,231,2020-02-10
11.0,92,7.4,18.7,293,2020-02-11
10.3,87,0.3,15.5,140,2020-02-12
12.6,77,0.5,21.1,239,2020-02-13
11.6,83,0.0,13.6,152,2020-02-14
11.9,72,0.0,23.5,196,2020-02-15
15.7,58,0.0,37.2,201,2020-02-16
11.0,83,6.6,24.8,289,2020-02-17
8.7,81,0.1,16.1,289,2020-02-18
8.5,82,0.3,12.2,207,2020-02-19
8.8,74,0.0,20.1,248,2020-02-20
9.8,86,0.0,14.4,102,2020-02-21
9.5,89,0.0,13.0,257,2020-02-22
9.8,88,0.0,9.5,195,2020-02-23
8.5,91,0.0,15.5,271,2020-02-24
9.8,88,7.4,31.1,266,2020-02-25
8.7,87,12.7,34.0,287,2020-02-26
10.9,79,3.9,25.3,243,2020-02-27
12.5,73,0.2,17.1,202,2020-02-28
11.9,71,10.5,26.5,234,2020-02-29
10.6,81,4.6,30.3,240,2020-03-01
8.4,85,27.0,45.0,279,2020-03-02
10.0,79,8.1,52.5,271,2020-03-03
12.5,86,4.8,17.8,224,2020-03-04
12.3,77,11.5,43.8,261,2020-03-05
7.2,84,21.6,41.8,288,2020-03-06
9.3,88,7.3,30.9,303,2020-03-07
9.2,81,1.8,22.3,235,2020-03-08
9.3,87,5.9,27.6,289,2020-03-09
9.7,84,0.0,11.4,223,2020-03-10
11.1,87,0.0,15.5,130,2020-03-11
10.4,93,4.7,14.1,341,2020-03-12
9.7,82,1.7,14.9,48,2020-03-13
7.6,84,0.0,9.7,123,2020-03-14
10.1,78,7.6,27.0,264,2020-03-15
8.4,90,27.9,24.5,342,2020-03-16
10.5,90,1.3,13.7,17,2020-03-17
11.6,90,0.0,12.6,185,2020-03-18
13.4,81,0.0,15.9,187,2020-03-19
14.3,57,0.2,23.9,170,2020-03-20
13.9,66,0.0,20.2,167,2020-03-21
11.1,91,0.1,17.6,303,2020-03-22
10.9,92,0.1,14.2,35,2020-03-23
11.5,88,0.1,13.2,116,2020-03-24
9.8,86,0.0,15.7,311,2020-03-25
8.9,66,0.5,24.7,325,2020-03-26
7.8,73,0.0,16.6,49,2020-03-27
9.1,80,0.0,13.9,66,2020-03-28
8.9,85,3.6,19.7,359,2020-03-29
5.2,84,12.1,20.9,22,2020-03-30
4.6,90,3.2,14.4,116,2020-03-31
10.2,84,1.3,15.9,124,2020-04-01
10.0,84,1.1,17.4,321,2020-04-02
8.8,78,0.0,17.1,42,2020-04-03
12.8,64,0.0,20.9,162,2020-04-04
16.1,61,0.3,31.7,168,2020-04-05
12.4,90,11.0,19.8,278,2020-04-06
13.6,90,2.8,12.1,180,2020-04-07
13.9,89,1.3,11.3,208,2020-04-08
16.6,79,0.0,17.0,159,2020-04-09
15.3,87,3.9,13.7,163,2020-04-10
13.6,97,15.4,15.3,305,2020-04-11
13.2,97,19.0,11.2,18,2020-04-12
12.5,89,4.0,12.7,26,2020-04-13
13.3,87,0.0,17.1,69,2020-04-14
16.0,70,0.1,26.3,156,2020-04-15
15.8,69,1.9,25.9,171,2020-04-16
16.5,65,1.5,25.5,187,2020-04-17
13.6,87,8.5,16.5,266,2020-04-18
12.6,95,6.7,19.0,294,2020-04-19
13.0,87,0.4,17.1,298,2020-04-20
12.0,95,10.0,21.7,314,2020-04-21
12.4,91,5.7,20.1,304,2020-04-22
13.4,88,0.0,16.1,65,2020-04-23
14.4,93,0.9,8.4,307,2020-04-24
14.6,95,1.9,11.2,317,2020-04-25
13.9,94,0.6,10.8,357,2020-04-26
13.4,86,8.1,15.0,299,2020-04-27
12.6,79,3.7,16.3,287,2020-04-28
13.6,73,0.2,22.6,207,2020-04-29
13.8,80,0.3,14.9,349,2020-04-30
16.5,79,9.7,23.8,255,2020-05-01
16.2,86,0.6,11.3,175,2020-05-02
17.6,82,0.0,17.6,89,2020-05-03
21.0,72,0.4,29.3,177,2020-05-04
17.1,79,0.0,17.6,95,2020-05-05
15.8,88,0.0,8.7,300,2020-05-06
16.8,90,0.0,10.5,40,2020-05-07
19.7,75,0.7,18.3,198,2020-05-08
17.1,90,7.1,18.0,210,2020-05-09
14.3,95,17.5,24.9,295,2020-05-10
13.7,87,4.7,25.9,294,2020-05-11
12.0,82,1.8,13.0,29,2020-05-12
12.7,87,3.7,12.3,358,2020-05-13
12.8,88,4.6,14.9,28,2020-05-14
12.6,84,4.3,20.6,335,2020-05-15
13.1,84,3.7,19.5,307,2020-05-16
13.0,81,0.0,12.2,328,2020-05-17
13.7,82,0.0,11.0,33,2020-05-18
15.0,80,0.0,9.8,43,2020-05-19
17.0,78,0.0,16.0,38,2020-05-20
18.0,78,0.0,20.3,326,2020-05-21
17.3,84,0.1,15.5,343,2020-05-22
14.8,87,10.1,20.6,9,2020-05-23
14.3,81,0.0,17.8,72,2020-05-24
15.4,84,0.1,12.1,343,2020-05-25
15.8,83,0.0,13.5,299,2020-05-26
17.2,83,0.0,12.1,5,2020-05-27
21.3,67,0.0,17.8,126,2020-05-28
19.7,76,0.0,11.2,15,2020-05-29
19.4,77,0.0,13.8,55,2020-05-30
19.8,83,0.0,15.9,189,2020-05-31
19.5,85,0.0,18.3,294,2020-06-01
18.6,93,0.0,11.5,20,2020-06-02
18.2,90,3.5,20.4,304,2020-06-03
14.8,90,11.8,30.8,290,2020-06-04
15.7,76,4.5,25.3,289,2020-06-05
16.0,84,5.1,19.7,298,2020-06-06
13.5,76,5.9,18.2,324,2020-06-07
13.3,87,8.6,22.9,300,2020-06-08
14.0,82,3.4,20.3,294,2020-06-09
14.5,83,1.1,10.8,300,2020-06-10
13.5,87,16.9,25.4,257,2020-06-11
13.4,77,6.0,26.0,244,2020-06-12
14.8,81,2.6,13.4,276,2020-06-13
15.6,80,1.2,16.0,314,2020-06-14
16.0,78,0.5,12.7,339,2020-06-15
15.0,88,8.4,20.3,295,2020-06-16
14.6,88,2.4,19.7,286,2020-06-17
14.8,83,4.6,13.6,313,2020-06-18
15.1,84,0.0,13.6,9,2020-06-19
16.5,81,0.0,15.9,44,2020-06-20
17.4,80,0.0,11.2,340,2020-06-21
18.6,83,0.0,17.3,58,2020-06-22
19.8,82,0.0,12.2,91,2020-06-23
20.4,88,0.0,11.9,309,2020-06-24
18.9,89,4.6,16.4,318,2020-06-25
17.1,90,1.5,17.1,318,2020-06-26
19.3,81,0.0,16.3,315,2020-06-27
18.8,84,0.9,12.2,335,2020-06-28
17.1,86,2.7,16.8,350,2020-06-29
18.4,82,0.0,14.4,45,2020-06-30
18.0,89,3.1,17.2,322,2020-07-01
16.2,89,9.5,16.6,322,2020-07-02
16.0,80,1.1,13.9,328,2020-07-03
17.0,76,0.0,10.7,26,2020-07-04
18.5,81,0.0,10.8,341,2020-07-05
17.5,86,3.9,22.1,1,2020-07-06
17.3,74,0.0,15.8,50,2020-07-07
18.7,83,0.0,17.2,31,2020-07-08
18.7,89,0.0,14.5,314,2020-07-09
17.8,88,4.7,16.7,324,2020-07-10
18.1,82,0.6,15.9,21,2020-07-11
18.6,85,4.5,17.9,353,2020-07-12
19.2,81,0.0,16.2,308,2020-07-13
17.8,81,0.0,20.0,310,2020-07-14
17.4,81,2.0,18.4,318,2020-07-15
17.7,78,0.0,13.0,329,2020-07-16
18.0,82,0.1,12.9,10,2020-07-17
19.6,82,0.0,17.5,72,2020-07-18
20.0,81,0.0,14.0,314,2020-07-19
20.0,88,0.0,15.6,317,2020-07-20
19.7,87,0.0,16.2,322,2020-07-21
20.4,87,0.0,13.7,341,2020-07-22
20.6,88,0.0,15.0,321,2020-07-23
19.3,83,0.7,15.9,324,2020-07-24
19.4,81,0.0,16.2,357,2020-07-25
20.1,86,0.0,12.6,7,2020-07-26
21.2,86,0.0,20.8,328,2020-07-27
19.8,90,3.6,19.3,4,2020-07-28
19.0,83,0.3,15.1,50,2020-07-29
25.7,68,0.0,19.4,162,2020-07-30
21.9,83,0.2,16.6,322,2020-07-31
20.0,87,5.5,20.8,315,2020-08-01
18.5,87,5.9,13.5,344,2020-08-02
18.7,77,0.7,13.4,355,2020-08-03
18.9,80,0.0,14.3,38,2020-08-04
20.0,77,0.0,14.0,81,2020-08-05
23.2,72,0.0,14.7,96,2020-08-06
22.9,78,0.0,22.0,293,2020-08-07
21.3,80,0.0,15.0,314,2020-08-08
21.5,90,0.0,15.8,335,2020-08-09
20.6,88,0.4,14.4,321,2020-08-10
22.3,87,0.9,9.9,71,2020-08-11
21.9,81,13.3,23.5,251,2020-08-12
19.4,79,1.9,22.7,290,2020-08-13
18.9,83,0.0,20.2,51,2020-08-14
19.1,87,2.0,26.2,309,2020-08-15
18.8,75,0.3,13.7,303,2020-08-16
19.3,77,2.4,12.6,159,2020-08-17
21.6,79,0.0,8.4,176,2020-08-18
25.6,52,0.0,21.3,198,2020-08-19
22.8,71,0.0,17.6,218,2020-08-20
20.9,84,1.7,16.4,19,2020-08-21
19.0,87,2.7,12.2,12,2020-08-22
18.9,81,0.0,13.4,351,2020-08-23
19.3,79,0.3,17.6,54,2020-08-24
20.6,77,0.0,18.4,300,2020-08-25
21.2,88,0.0,15.1,33,2020-08-26
21.2,89,0.2,20.9,325,2020-08-27
18.3,84,7.9,24.6,294,2020-08-28
15.3,88,22.2,25.0,298,2020-08-29
14.8,79,5.2,22.8,294,2020-08-30
16.2,75,0.0,16.8,133,2020-08-31
17.5,77,0.0,11.9,359,2020-09-01
17.7,79,0.1,15.0,16,2020-09-02
18.3,73,0.0,15.6,120,2020-09-03
21.3,73,0.0,14.5,225,2020-09-04
19.2,86,1.2,20.4,335,2020-09-05
17.6,75,1.6,17.7,358,2020-09-06
16.7,76,3.2,16.1,22,2020-09-07
17.4,78,0.1,17.4,54,2020-09-08
18.0,80,0.0,12.5,325,2020-09-09
18.6,85,0.0,11.0,305,2020-09-10
19.3,88,0.0,17.7,63,2020-09-11
19.0,87,0.0,16.1,80,2020-09-12
22.1,71,0.0,16.6,129,2020-09-13
24.8,51,0.0,23.4,202,2020-09-14
21.2,83,0.2,13.7,288,2020-09-15
20.7,87,0.0,10.1,79,2020-09-16
23.3,73,0.2,19.7,110,2020-09-17
23.1,61,0.9,22.7,169,2020-09-18
19.3,76,4.8,26.3,237,2020-09-19
18.6,86,2.2,14.8,285,2020-09-20
18.1,87,3.8,14.5,303,2020-09-21
17.8,87,0.8,12.3,345,2020-09-22
18.5,81,3.4,22.8,248,2020-09-23
16.8,79,5.7,35.9,280,2020-09-24
13.0,80,23.2,38.8,290,2020-09-25
14.2,85,32.5,41.6,284,2020-09-26
13.9,72,10.7,25.7,334,2020-09-27
14.4,68,0.0,17.4,299,2020-09-28
13.9,80,0.0,11.5,124,2020-09-29
14.7,87,0.0,15.6,285,2020-09-30
15.3,85,1.6,22.2,261,2020-10-01
12.5,77,38.5,34.7,267,2020-10-02
12.4,80,13.4,42.3,272,2020-10-03
12.9,75,7.4,36.6,260,2020-10-04
13.6,76,5.5,24.9,263,2020-10-05
17.1,80,1.9,23.8,254,2020-10-06
16.3,92,7.3,20.6,293,2020-10-07
16.0,89,0.0,11.2,153,2020-10-08
16.0,93,2.1,8.9,309,2020-10-09
14.1,86,8.0,17.8,339,2020-10-10
12.5,78,7.8,26.0,328,2020-10-11
13.4,77,6.9,19.6,321,2020-10-12
13.7,87,24.1,29.2,306,2020-10-13
11.4,87,35.9,27.7,307,2020-10-14
10.6,86,17.0,20.2,326,2020-10-15
10.6,83,2.4,11.4,321,2020-10-16
10.5,79,0.0,11.0,155,2020-10-17
12.3,83,0.0,10.7,139,2020-10-18
16.3,59,0.0,25.6,170,2020-10-19
16.8,72,6.8,30.6,166,2020-10-20
18.0,65,5.2,33.2,186,2020-10-21
16.0,74,1.2,17.5,183,2020-10-22
14.0,83,6.1,16.6,256,2020-10-23
14.3,70,0.0,28.6,198,2020-10-24
13.9,78,27.7,38.3,230,2020-10-25
11.2,77,1.8,28.8,274,2020-10-26
13.3,68,0.0,26.2,200,2020-10-27
13.6,79,1.1,13.8,252,2020-10-28
12.3,83,0.0,13.4,185,2020-10-29
12.5,83,0.0,10.4,208,2020-10-30
16.5,69,0.0,19.0,194,2020-10-31
18.2,69,0.0,25.8,198,2020-11-01
17.1,78,0.7,26.4,233,2020-11-02
11.7,86,12.4,22.9,325,2020-11-03
9.7,83,4.5,19.7,61,2020-11-04
11.0,80,0.0,17.6,105,2020-11-05
16.1,73,0.0,31.3,160,2020-11-06
16.7,75,5.3,24.5,165,2020-11-07
16.0,65,0.1,23.7,178,2020-11-08
15.8,69,0.3,26.1,203,2020-11-09
12.7,92,3.7,10.0,160,2020-11-10
13.4,71,0.0,24.0,193,2020-11-11
14.6,72,0.0,21.2,185,2020-11-12
14.7,68,0.1,26.7,178,2020-11-13
15.3,65,0.0,27.8,186,2020-11-14
16.3,77,7.6,29.2,224,2020-11-15
12.6,89,2.1,13.2,306,2020-11-16
13.2,75,0.0,19.7,170,2020-11-17
16.3,69,0.0,25.2,190,2020-11-18
12.4,90,6.1,15.5,346,2020-11-19
10.4,81,1.3,11.1,45,2020-11-20
7.8,83,0.0,10.9,139,2020-11-21
9.4,74,0.0,16.6,212,2020-11-22
8.6,84,0.0,7.2,160,2020-11-23
10.9,63,0.0,22.0,178,2020-11-24
11.4,69,0.0,22.7,173,2020-11-25
12.4,72,0.0,20.0,151,2020-11-26
12.8,79,0.0,13.8,160,2020-11-27
10.8,82,0.0,10.6,156,2020-11-28
11.0,78,0.0,14.8,169,2020-11-29
9.4,90,0.0,8.4,300,2020-11-30
9.9,88,6.1,23.8,295,2020-12-01
8.8,79,5.4,18.0,4,2020-12-02
9.2,72,2.2,25.1,221,2020-12-03
6.5,78,11.0,31.7,264,2020-12-04
6.1,79,4.4,33.6,258,2020-12-05
7.0,84,13.9,32.6,268,2020-12-06
8.5,79,19.5,37.8,257,2020-12-07
7.4,85,13.5,48.7,280,2020-12-08
7.9,82,3.6,28.0,261,2020-12-09
10.8,86,14.1,40.9,265,2020-12-10
12.8,84,18.9,37.9,272,2020-12-11
10.6,87,13.1,42.1,290,2020-12-12
12.0,76,0.0,25.1,195,2020-12-13
13.5,77,4.7,27.1,191,2020-12-14
10.5,76,3.9,18.4,183,2020-12-15
11.3,67,7.5,36.1,189,2020-12-16
10.4,81,1.6,14.8,184,2020-12-17
9.6,61,0.0,30.7,192,2020-12-18
11.6,76,5.1,30.7,189,2020-12-19
9.4,80,0.0,21.0,194,2020-12-20
13.2,73,2.0,26.8,197,2020-12-21
15.4,72,0.0,25.6,198,2020-12-22
13.1,76,5.0,31.1,230,2020-12-23
8.7,81,6.0,27.7,285,2020-12-24
7.4,70,8.2,22.0,2,2020-12-25
7.5,76,3.1,19.7,335,2020-12-26
7.1,67,5.5,37.2,211,2020-12-27
7.5,76,14.5,45.2,270,2020-12-28
6.0,83,5.3,34.2,268,2020-12-29
6.1,85,9.2,31.3,263,2020-12-30
7.0,80,12.3,20.3,231,2020-12-31
4.9,88,9.1,31.4,275,2021-01-01
4.1,90,11.2,31.6,324,2021-01-02
4.4,90,11.6,23.1,265,2021-01-03
3.6,89,11.5,24.3,271,2021-01-04
3.7,91,7.8,21.1,267,2021-01-05
3.2,86,0.3,6.6,217,2021-01-06
2.0,83,0.0,9.6,126,2021-01-07
2.9,79,0.0,14.0,101,2021-01-08
3.0,84,3.9,15.5,80,2021-01-09
4.4,79,0.8,19.4,20,2021-01-10
5.8,67,0.4,18.9,11,2021-01-11
6.3,76,0.0,14.6,268,2021-01-12
7.4,76,0.0,12.8,266,2021-01-13
6.4,82,2.2,22.4,257,2021-01-14
8.6,85,1.9,19.2,309,2021-01-15
7.0,81,0.0,11.7,239,2021-01-16
7.9,83,5.3,20.0,252,2021-01-17
8.0,92,0.4,7.2,134,2021-01-18
8.5,67,0.0,34.3,195,2021-01-19
11.2,54,0.8,44.3,187,2021-01-20
12.6,65,0.1,38.8,209,2021-01-21
9.0,81,17.1,36.0,265,2021-01-22
8.3,82,4.3,21.8,202,2021-01-23
8.7,82,11.9,31.6,275,2021-01-24
8.5,94,18.0,12.2,346,2021-01-25
9.1,87,0.6,14.5,183,2021-01-26
13.0,94,6.1,21.1,276,2021-01-27
13.3,86,0.0,10.7,195,2021-01-28
12.7,88,1.6,19.3,217,2021-01-29
11.7,78,13.1,35.0,257,2021-01-30
11.2,81,7.6,42.5,270,2021-01-31
12.9,76,2.8,40.8,281,2021-02-01
14.0,70,2.4,26.5,202,2021-02-02
13.4,73,1.4,38.3,181,2021-02-03
11.6,80,11.5,26.2,182,2021-02-04
10.1,97,13.8,13.2,61,2021-02-05
9.3,92,53.8,28.4,353,2021-02-06
7.7,76,1.4,20.1,258,2021-02-07
10.0,77,2.2,26.2,236,2021-02-08
9.7,75,6.0,30.3,196,2021-02-09
8.7,80,4.3,24.4,259,2021-02-10
10.9,79,1.1,17.4,189,2021-02-11
11.7,87,19.2,37.0,273,2021-02-12
9.6,88,0.1,11.9,199,2021-02-13
11.8,72,0.0,29.9,182,2021-02-14
13.0,63,0.0,32.8,179,2021-02-15
11.7,70,1.2,35.3,190,2021-02-16
12.5,72,0.0,19.2,197,2021-02-17
12.0,71,2.5,24.8,187,2021-02-18
12.9,64,0.0,31.5,185,2021-02-19
15.8,45,0.0,36.0,168,2021-02-20
12.0,68,13.6,27.3,178,2021-02-21
8.6,89,27.3,25.5,291,2021-02-22
11.3,63,0.0,32.5,174,2021-02-23
14.1,57,0.0,28.8,170,2021-02-24
11.8,80,0.1,16.9,199,2021-02-25
10.4,93,0.0,8.4,12,2021-02-26
8.9,88,0.8,14.9,36,2021-02-27
8.6,86,2.7,12.9,57,2021-02-28
11.3,71,0.2,24.8,161,2021-03-01
13.2,68,0.0,25.2,172,2021-03-02
12.1,78,0.0,15.8,183,2021-03-03
11.1,86,0.0,13.8,172,2021-03-04
9.5,95,1.1,15.2,28,2021-03-05
8.4,82,0.2,11.8,38,2021-03-06
6.7,89,1.1,9.7,78,2021-03-07
7.9,80,2.1,16.4,325,2021-03-08
6.8,81,4.3,16.4,319,2021-03-09
8.2,70,0.0,10.8,187,2021-03-10
11.6,78,3.1,23.9,239,2021-03-11
9.7,81,3.8,23.4,285,2021-03-12
9.9,72,0.4,25.3,261,2021-03-13
9.6,83,10.4,27.1,304,2021-03-14
9.1,86,0.8,17.7,302,2021-03-15
9.7,90,3.5,13.0,330,2021-03-16
10.1,89,3.2,17.0,351,2021-03-17
8.1,81,8.1,19.2,15,2021-03-18
7.9,86,21.0,31.4,359,2021-03-19
6.6,68,8.7,25.7,31,2021-03-20
8.5,74,1.5,17.0,349,2021-03-21
8.6,75,0.1,12.6,18,2021-03-22
8.9,77,0.0,11.9,139,2021-03-23
8.7,87,0.1,14.8,300,2021-03-24
10.0,87,0.0,17.8,58,2021-03-25
9.6,87,0.3,19.6,291,2021-03-26
9.7,81,0.4,17.3,53,2021-03-27
12.8,74,0.0,12.9,153,2021-03-28
16.6,51,0.0,24.5,173,2021-03-29
18.1,46,0.0,24.9,175,2021-03-30
18.6,43,0.0,25.1,176,2021-03-31
17.1,45,0.0,29.5,182,2021-04-01
13.8,78,0.2,18.0,291,2021-04-02
10.7,83,0.0,24.4,318,2021-04-03
9.6,76,0.0,18.1,324,2021-04-04
9.1,84,0.0,13.8,316,2021-04-05
8.8,80,3.1,17.7,359,2021-04-06
7.6,58,0.0,18.7,73,2021-04-07
12.5,60,0.0,22.4,175,2021-04-08
14.0,74,3.3,19.8,187,2021-04-09
13.1,81,8.5,19.5,198,2021-04-10
9.4,90,22.1,22.3,322,2021-04-11
8.1,72,0.3,18.8,48,2021-04-12
9.1,72,0.0,17.8,105,2021-04-13
9.5,72,0.0,17.1,67,2021-04-14
8.5,70,0.0,16.6,42,2021-04-15
7.8,68,0.0,16.6,30,2021-04-16
8.2,65,0.0,16.9,26,2021-04-17
9.3,77,0.0,19.3,61,2021-04-18
9.6,81,0.0,12.8,94,2021-04-19
10.7,87,1.5,10.8,321,2021-04-20
11.4,83,0.0,17.2,62,2021-04-21
14.5,71,0.0,16.5,135,2021-04-22
16.6,60,0.0,20.7,162,2021-04-23
17.9,51,0.0,26.3,164,2021-04-24
17.1,63,2.8,21.7,160,2021-04-25
14.0,91,1.2,8.8,38,2021-04-26
13.0,91,13.7,16.5,317,2021-04-27
11.7,85,0.9,16.8,305,2021-04-28
10.0,83,5.6,11.8,325,2021-04-29
9.6,83,2.6,10.7,306,2021-04-30
9.8,83,2.8,18.9,300,2021-05-01
9.5,83,0.2,14.0,14,2021-05-02
11.2,75,0.0,14.3,98,2021-05-03
12.3,81,0.0,17.2,299,2021-05-04
13.1,87,2.7,22.2,292,2021-05-05
14.3,83,1.6,16.1,292,2021-05-06
15.0,87,1.1,12.5,340,2021-05-07
17.9,79,0.0,24.3,197,2021-05-08
16.0,74,8.1,21.8,232,2021-05-09
13.3,71,5.7,24.0,225,2021-05-10
11.5,70,6.6,22.5,288,2021-05-11
13.1,70,2.9,38.5,252,2021-05-12
12.1,83,8.1,23.3,274,2021-05-13
11.7,83,5.8,24.6,296,2021-05-14
13.7,90,5.1,16.2,209,2021-05-15
13.4,89,5.9,22.2,278,2021-05-16
12.7,78,1.2,24.2,294,2021-05-17
12.5,82,3.0,20.2,350,2021-05-18
11.9,85,2.1,19.9,311,2021-05-19
13.9,75,0.0,12.4,261,2021-05-20
12.5,85,4.9,17.4,304,2021-05-21
11.1,86,10.3,19.8,283,2021-05-22
11.6,81,0.0,15.5,335,2021-05-23
12.5,81,2.9,28.3,282,2021-05-24
12.1,80,0.3,17.9,299,2021-05-25
11.7,82,0.0,13.4,64,2021-05-26
13.7,84,0.0,15.4,73,2021-05-27
15.4,87,0.2,8.0,302,2021-05-28
15.5,92,0.0,14.4,319,2021-05-29
15.8,81,0.1,9.2,343,2021-05-30
18.6,81,0.6,16.0,70,2021-05-31
19.4,80,3.5,23.9,211,2021-06-01
16.7,91,0.3,16.9,21,2021-06-02
14.9,91,12.8,20.8,296,2021-06-03
13.2,90,16.2,22.6,311,2021-06-04
13.7,85,0.0,18.3,72,2021-06-05
14.9,87,0.0,13.8,345,2021-06-06
15.7,86,0.0,14.3,59,2021-06-07
16.5,89,0.0,15.9,326,2021-06-08
16.4,88,0.0,13.2,317,2021-06-09
16.7,86,0.0,15.4,31,2021-06-10
16.5,90,0.1,14.1,335,2021-06-11
17.2,90,0.0,10.6,350,2021-06-12
21.3,86,0.0,12.3,93,2021-06-13
20.5,89,0.0,16.9,303,2021-06-14
20.2,85,0.0,9.8,341,2021-06-15
22.1,78,2.5,19.1,204,2021-06-16
17.9,94,13.5,12.7,328,2021-06-17
17.8,91,16.6,14.5,346,2021-06-18
17.8,90,5.5,17.3,315,2021-06-19
18.9,73,2.1,20.3,207,2021-06-20
16.3,80,14.0,23.1,257,2021-06-21
15.2,89,10.1,27.9,278,2021-06-22
14.0,91,19.2,30.1,289,2021-06-23
15.1,85,6.9,21.3,304,2021-06-24
15.9,86,0.0,15.7,52,2021-06-25
16.2,87,0.4,15.2,27,2021-06-26
15.1,87,5.3,20.7,316,2021-06-27
15.2,80,1.1,32.1,269,2021-06-28
16.0,78,0.3,29.0,289,2021-06-29
16.0,86,0.0,16.6,11,2021-06-30
16.8,90,1.2,12.7,28,2021-07-01
18.5,88,0.2,14.6,75,2021-07-02
18.3,90,5.8,14.7,358,2021-07-03
18.6,84,1.9,13.0,8,2021-07-04
21.2,79,0.0,16.6,53,2021-07-05
16.8,83,8.6,17.1,327,2021-07-06
15.8,84,19.3,22.9,290,2021-07-07
15.6,89,3.7,16.3,306,2021-07-08
16.4,85,0.0,18.3,53,2021-07-09
17.1,88,0.0,11.2,335,2021-07-10
18.0,85,0.1,21.1,349,2021-07-11
15.8,88,9.9,31.6,292,2021-07-12
15.3,87,13.0,28.7,295,2021-07-13
15.9,85,2.5,18.6,319,2021-07-14
16.2,83,0.2,13.3,22,2021-07-15
16.8,88,0.0,15.7,65,2021-07-16
17.9,90,0.0,15.8,70,2021-07-17
18.7,90,0.0,10.5,333,2021-07-18
20.0,84,0.0,9.7,300,2021-07-19
19.6,86,0.0,13.0,315,2021-07-20
19.6,92,0.0,12.3,345,2021-07-21
20.0,90,0.2,13.5,337,2021-07-22
19.3,86,0.6,22.8,313,2021-07-23
18.5,84,5.6,17.3,305,2021-07-24
18.5,83,1.4,16.6,300,2021-07-25
18.3,84,1.7,12.8,322,2021-07-26
18.2,86,0.9,15.0,315,2021-07-27
17.8,84,1.4,11.6,333,2021-07-28
17.8,85,0.1,15.7,49,2021-07-29
18.0,87,2.0,21.3,323,2021-07-30
15.7,90,10.6,20.3,305,2021-07-31
16.4,83,2.6,16.3,292,2021-08-01
16.6,83,0.0,13.1,8,2021-08-02
17.4,85,1.5,11.6,312,2021-08-03
18.8,87,10.4,26.4,288,2021-08-04
19.4,83,0.3,23.1,303,2021-08-05
17.8,86,2.8,14.3,313,2021-08-06
17.2,82,1.3,21.8,284,2021-08-07
17.0,80,1.1,13.7,311,2021-08-08
17.6,85,0.0,13.0,54,2021-08-09
18.5,89,0.0,11.5,351,2021-08-10
19.0,88,0.0,14.1,27,2021-08-11
19.5,87,0.4,18.1,332,2021-08-12
19.4,87,0.0,17.6,54,2021-08-13
20.3,91,0.0,14.5,340,2021-08-14
19.1,90,3.6,16.9,328,2021-08-15
17.9,82,2.5,19.6,317,2021-08-16
17.3,76,2.0,15.3,343,2021-08-17
17.0,76,0.2,12.8,11,2021-08-18
17.0,88,4.7,12.9,46,2021-08-19
19.3,86,0.0,14.4,89,2021-08-20
19.4,88,0.0,10.8,340,2021-08-21
19.3,87,0.0,12.4,33,2021-08-22
18.8,84,0.4,14.3,38,2021-08-23
18.6,87,0.2,17.4,15,2021-08-24
18.3,89,0.0,13.0,23,2021-08-25
19.1,86,0.0,12.4,25,2021-08-26
18.9,87,0.0,14.8,37,2021-08-27
17.9,81,0.0,18.4,40,2021-08-28
18.0,78,0.0,16.5,44,2021-08-29
17.6,83,0.0,16.8,36,2021-08-30
17.6,86,0.0,16.9,43,2021-08-31
18.2,91,3.8,12.3,360,2021-09-01
18.8,91,5.4,10.4,351,2021-09-02
18.5,93,2.6,15.9,292,2021-09-03
18.7,92,0.0,16.2,41,2021-09-04
21.8,84,0.0,12.2,125,2021-09-05
25.4,69,0.0,15.0,160,2021-09-06
25.7,64,13.2,25.7,198,2021-09-07
20.3,88,1.5,18.7,337,2021-09-08
20.1,84,8.0,13.6,353,2021-09-09
18.8,86,11.4,17.2,297,2021-09-10
18.7,86,0.0,15.6,97,2021-09-11
20.6,86,0.0,12.8,104,2021-09-12
23.7,63,0.2,23.5,184,2021-09-13
21.3,79,1.2,20.9,175,2021-09-14
19.4,88,15.1,16.1,283,2021-09-15
18.0,91,5.5,19.2,312,2021-09-16
18.1,85,2.1,22.1,277,2021-09-17
16.1,87,11.9,23.9,285,2021-09-18
16.5,79,1.0,21.4,283,2021-09-19
15.3,88,22.1,21.4,305,2021-09-20
15.5,91,8.5,12.3,350,2021-09-21
16.2,88,2.1,16.8,60,2021-09-22
16.8,92,0.1,11.4,43,2021-09-23
17.8,90,0.7,8.2,131,2021-09-24
19.6,80,2.7,19.4,192,2021-09-25
18.3,77,0.0,16.2,143,2021-09-26
18.1,73,1.7,25.3,263,2021-09-27
16.3,90,6.8,21.3,309,2021-09-28
15.8,84,3.4,22.2,290,2021-09-29
15.5,82,1.7,14.5,87,2021-09-30
15.9,84,0.3,10.8,253,2021-10-01
19.6,68,0.0,36.3,197,2021-10-02
16.1,74,30.4,41.0,271,2021-10-03
14.2,76,0.0,9.8,217,2021-10-04
15.3,84,17.6,23.3,255,2021-10-05
14.7,81,1.6,12.0,306,2021-10-06
13.3,83,0.0,16.3,121,2021-10-07
13.2,87,0.0,13.0,85,2021-10-08
13.8,87,0.2,13.2,316,2021-10-09
14.9,84,0.3,15.3,339,2021-10-10
13.3,84,0.0,13.0,64,2021-10-11
12.0,88,0.0,11.6,40,2021-10-12
12.4,84,0.0,15.8,85,2021-10-13
12.5,87,0.0,11.9,169,2021-10-14
13.6,86,0.0,12.6,291,2021-10-15
13.8,88,0.0,9.8,154,2021-10-16
16.4,82,2.0,13.0,193,2021-10-17
17.5,80,0.0,15.2,186,2021-10-18
21.5,68,0.0,25.9,183,2021-10-19
19.7,78,0.0,21.0,190,2021-10-20
14.6,81,1.6,30.0,287,2021-10-21
13.0,83,8.9,16.5,322,2021-10-22
12.1,77,0.0,11.1,145,2021-10-23
12.4,77,0.0,16.2,215,2021-10-24
12.9,87,1.2,11.2,249,2021-10-25
12.9,87,0.0,14.6,142,2021-10-26
12.5,86,0.0,12.6,177,2021-10-27
15.1,59,0.0,19.9,187,2021-10-28
15.9,70,6.3,27.6,194,2021-10-29
15.4,83,3.1,24.3,240,2021-10-30
16.4,80,7.4,32.4,223,2021-10-31
13.6,76,5.2,26.2,280,2021-11-01
12.7,77,13.4,28.1,242,2021-11-02
9.4,84,5.5,29.9,274,2021-11-03
8.9,87,6.9,32.0,281,2021-11-04
8.3,88,15.4,18.7,304,2021-11-05
9.3,81,2.5,16.3,19,2021-11-06
10.7,80,3.5,21.4,293,2021-11-07
12.1,81,3.7,24.6,317,2021-11-08
11.6,75,0.3,16.0,19,2021-11-09
8.7,83,0.0,10.9,148,2021-11-10
9.6,88,0.0,8.9,228,2021-11-11
11.7,89,0.2,13.4,278,2021-11-12
12.9,89,1.8,19.4,294,2021-11-13
11.9,86,5.9,21.4,323,2021-11-14
11.0,87,6.8,18.2,2,2021-11-15
10.2,91,5.7,12.7,7,2021-11-16
9.9,85,3.8,15.2,46,2021-11-17
9.8,81,0.2,11.9,115,2021-11-18
8.9,79,0.0,18.7,168,2021-11-19
11.1,71,0.0,24.5,181,2021-11-20
9.7,89,8.0,20.1,289,2021-11-21
8.4,86,16.6,20.4,320,2021-11-22
8.5,88,7.2,17.4,52,2021-11-23
9.1,86,14.9,12.0,246,2021-11-24
8.3,87,42.0,28.8,330,2021-11-25
8.2,85,19.7,25.9,312,2021-11-26
6.0,88,32.4,36.2,279,2021-11-27
6.4,88,47.7,30.9,298,2021-11-28
10.2,93,63.1,47.4,319,2021-11-29
10.4,84,7.4,20.7,274,2021-11-30
8.7,81,9.9,26.7,242,2021-12-01
7.9,82,17.3,29.2,305,2021-12-02
10.1,82,3.8,29.3,291,2021-12-03
9.9,83,12.9,32.7,256,2021-12-04
7.7,82,31.7,38.2,300,2021-12-05
10.1,86,15.5,31.6,288,2021-12-06
11.7,82,18.0,32.7,220,2021-12-07
6.4,82,9.5,31.4,270,2021-12-08
9.4,89,57.2,41.4,277,2021-12-09
11.1,85,26.1,42.7,293,2021-12-10
11.3,94,26.0,34.7,303,2021-12-11
11.0,86,0.1,15.3,180,2021-12-12
10.4,74,0.0,21.3,188,2021-12-13
7.6,86,0.0,11.7,186,2021-12-14
6.4,91,0.0,7.7,143,2021-12-15
7.9,80,0.0,12.6,156,2021-12-16
7.4,71,0.0,20.1,179,2021-12-17
7.7,66,0.0,26.5,180,2021-12-18
8.3,74,0.0,26.0,180,2021-12-19
9.2,73,0.0,18.4,187,2021-12-20
12.1,73,0.0,20.0,196,2021-12-21
12.7,73,0.0,18.6,179,2021-12-22
12.9,70,0.4,32.8,185,2021-12-23
12.9,68,0.0,31.7,186,2021-12-24
11.9,74,2.6,21.7,195,2021-12-25
11.1,78,4.3,27.2,195,2021-12-26
14.2,74,11.3,31.2,210,2021-12-27
14.8,68,0.0,28.5,209,2021-12-28
13.2,77,0.0,23.5,194,2021-12-29
14.1,71,0.0,28.1,185,2021-12-30
14.9,53,0.0,28.7,193,2021-12-31
15.8,49,0.0,29.2,195,2022-01-01
14.5,59,0.0,30.0,191,2022-01-02
12.5,73,0.0,26.6,199,2022-01-03
12.3,73,21.5,34.5,249,2022-01-04
7.4,81,5.4,25.7,298,2022-01-05
6.7,68,0.2,10.6,118,2022-01-06
8.6,86,13.0,25.6,289,2022-01-07
9.7,71,0.8,22.7,248,2022-01-08
11.2,92,44.8,35.6,285,2022-01-09
11.8,96,17.7,34.4,303,2022-01-10
10.6,96,8.0,17.7,339,2022-01-11
7.3,85,0.0,10.0,16,2022-01-12
5.3,79,0.0,16.9,170,2022-01-13
6.8,65,0.0,19.2,182,2022-01-14
5.5,65,0.0,12.7,199,2022-01-15
5.1,78,0.0,10.8,171,2022-01-16
5.8,88,0.0,10.4,113,2022-01-17
4.7,88,0.0,8.0,169,2022-01-18
5.6,88,0.0,12.0,241,2022-01-19
7.6,87,5.2,17.7,334,2022-01-20
5.8,73,1.3,20.2,49,2022-01-21
3.9,79,0.0,14.7,74,2022-01-22
3.9,78,0.0,14.7,156,2022-01-23
6.9,70,0.0,18.9,187,2022-01-24
6.1,77,0.0,15.6,182,2022-01-25
5.3,85,0.0,12.3,154,2022-01-26
4.4,92,0.0,7.3,73,2022-01-27
5.9,87,0.1,11.2,55,2022-01-28
5.7,88,0.0,12.1,134,2022-01-29
5.5,92,0.0,13.1,116,2022-01-30
7.8,89,3.5,27.6,304,2022-01-31
8.8,79,3.5,28.3,339,2022-02-01
8.3,86,0.0,10.4,156,2022-02-02
8.7,75,0.0,14.8,228,2022-02-03
8.2,89,1.7,15.8,250,2022-02-04
8.2,84,7.7,18.2,351,2022-02-05
6.0,81,0.0,11.2,237,2022-02-06
8.9,80,0.2,13.9,279,2022-02-07
10.2,81,0.0,16.4,151,2022-02-08
11.3,69,0.0,18.8,191,2022-02-09
9.4,79,1.9,12.0,219,2022-02-10
9.0,92,10.7,13.3,76,2022-02-11
7.3,90,0.0,10.6,175,2022-02-12
10.3,72,1.3,36.0,195,2022-02-13
8.0,81,5.8,30.4,265,2022-02-14
8.9,77,1.2,27.4,270,2022-02-15
11.3,75,1.4,20.4,225,2022-02-16
11.9,86,0.1,12.6,245,2022-02-17
9.7,83,2.7,29.0,267,2022-02-18
7.6,83,3.5,21.6,308,2022-02-19
9.2,82,0.2,16.1,258,2022-02-20
10.2,81,2.2,24.4,292,2022-02-21
9.1,80,0.0,9.5,220,2022-02-22
8.5,81,0.0,10.6,139,2022-02-23
9.1,88,1.1,21.4,289,2022-02-24
8.2,78,1.6,16.4,56,2022-02-25
8.7,71,0.0,15.0,143,2022-02-26
11.2,77,0.7,13.7,157,2022-02-27
10.7,81,0.0,14.1,196,2022-02-28
11.2,80,1.7,16.5,183,2022-03-01
11.0,87,12.1,21.4,264,2022-03-02
9.4,88,19.4,31.3,273,2022-03-03
8.3,82,11.9,25.2,324,2022-03-04
6.6,84,2.9,14.5,315,2022-03-05
6.7,83,2.5,17.8,314,2022-03-06
7.8,81,0.3,15.0,119,2022-03-07
9.6,72,1.3,17.9,186,2022-03-08
10.3,71,0.7,30.2,182,2022-03-09
11.2,81,12.4,21.2,182,2022-03-10
11.4,76,16.3,32.2,164,2022-03-11
11.2,69,3.4,22.9,191,2022-03-12
10.2,71,12.7,17.3,254,2022-03-13
10.2,72,4.2,17.4,127,2022-03-14
14.7,71,0.0,20.8,150,2022-03-15
12.7,78,1.6,32.8,241,2022-03-16
9.6,86,7.3,23.7,351,2022-03-17
9.2,84,1.4,17.9,22,2022-03-18
12.2,68,0.0,18.0,161,2022-03-19
13.0,67,0.0,22.3,173,2022-03-20
13.5,66,0.1,30.6,153,2022-03-21
12.0,64,1.9,33.6,161,2022-03-22
11.7,61,0.0,29.5,161,2022-03-23
11.8,65,0.0,19.8,149,2022-03-24
12.9,74,0.8,16.7,125,2022-03-25
13.4,66,0.2,14.8,142,2022-03-26
13.7,64,0.0,22.3,170,2022-03-27
14.9,57,0.0,18.8,176,2022-03-28
11.7,87,1.0,15.4,311,2022-03-29
10.2,89,6.6,24.7,299,2022-03-30
8.8,87,11.4,28.1,300,2022-03-31
5.9,72,19.5,26.9,335,2022-04-01
6.0,73,10.6,22.8,337,2022-04-02
4.5,82,7.5,15.8,15,2022-04-03
5.3,67,0.3,15.0,57,2022-04-04
5.9,80,0.0,14.1,35,2022-04-05
7.6,78,0.0,14.9,277,2022-04-06
11.4,74,0.3,22.1,202,2022-04-07
12.4,75,4.4,29.8,237,2022-04-08
9.9,83,0.9,16.4,328,2022-04-09
13.9,68,0.0,24.7,156,2022-04-10
17.6,59,0.0,37.4,171,2022-04-11
15.2,66,8.4,26.8,190,2022-04-12
12.1,85,0.0,19.9,297,2022-04-13
12.3,91,0.1,11.6,316,2022-04-14
12.2,92,0.0,9.0,293,2022-04-15
13.2,86,0.0,8.3,307,2022-04-16
12.5,82,0.0,19.9,294,2022-04-17
11.8,88,0.8,16.2,325,2022-04-18
9.7,89,16.2,20.7,336,2022-04-19
9.5,82,17.4,30.2,329,2022-04-20
9.9,87,18.5,28.1,304,2022-04-21
11.4,78,2.6,17.7,158,2022-04-22
10.0,80,17.6,36.4,242,2022-04-23
12.3,77,2.8,34.0,282,2022-04-24
12.2,82,0.0,19.1,81,2022-04-25
14.1,86,0.2,25.0,182,2022-04-26
13.1,93,13.0,7.9,318,2022-04-27
12.6,90,3.7,19.2,314,2022-04-28
12.0,91,0.0,11.9,353,2022-04-29
12.8,90,0.0,9.0,327,2022-04-30
12.1,91,0.0,12.9,320,2022-05-01
12.1,86,4.5,14.5,327,2022-05-02
12.8,88,3.6,22.2,305,2022-05-03
12.4,87,0.2,16.9,310,2022-05-04
12.5,86,0.3,11.4,321,2022-05-05
12.3,87,0.0,12.3,319,2022-05-06
13.2,88,0.0,10.4,350,2022-05-07
13.9,88,0.0,12.7,26,2022-05-08
15.7,82,0.0,11.5,101,2022-05-09
16.1,85,0.0,17.1,296,2022-05-10
14.5,91,0.0,19.4,323,2022-05-11
14.4,89,2.9,11.3,34,2022-05-12
15.5,91,0.6,18.3,48,2022-05-13
17.9,89,1.6,19.9,154,2022-05-14
19.8,75,0.2,21.7,206,2022-05-15
19.7,76,0.0,18.9,173,2022-05-16
20.7,69,0.0,22.8,210,2022-05-17
19.0,86,0.3,29.9,276,2022-05-18
16.4,80,0.0,15.9,5,2022-05-19
16.0,92,0.0,21.7,307,2022-05-20
17.6,91,0.0,16.6,96,2022-05-21
19.7,84,1.6,32.1,261,2022-05-22
15.2,84,7.5,24.5,287,2022-05-23
12.6,84,6.3,24.3,292,2022-05-24
13.0,83,6.7,21.2,305,2022-05-25
14.4,84,0.7,12.0,338,2022-05-26
14.8,86,0.0,16.1,39,2022-05-27
15.4,88,0.0,12.8,54,2022-05-28
15.5,81,0.0,18.6,43,2022-05-29
15.3,77,5.2,18.6,30,2022-05-30
16.2,75,0.4,14.0,64,2022-05-31
17.6,86,0.0,18.1,351,2022-06-01
17.1,90,0.1,15.5,327,2022-06-02
17.0,88,0.3,11.9,311,2022-06-03
16.7,89,0.8,15.5,335,2022-06-04
16.6,87,1.2,11.8,326,2022-06-05
17.4,78,0.0,11.8,15,2022-06-06
17.4,84,0.0,14.5,346,2022-06-07
17.4,88,7.6,21.4,293,2022-06-08
16.8,87,1.1,13.8,327,2022-06-09
17.4,85,0.0,14.3,49,2022-06-10
17.2,91,0.6,15.2,1,2022-06-11
17.8,90,12.4,19.5,341,2022-06-12
18.5,89,1.5,15.5,322,2022-06-13
20.5,92,0.0,14.8,294,2022-06-14
21.1,92,0.0,8.3,348,2022-06-15
24.5,83,0.0,22.9,69,2022-06-16
27.0,70,0.0,22.6,143,2022-06-17
25.7,66,0.0,30.1,248,2022-06-18
18.6,85,1.4,25.3,332,2022-06-19
16.4,87,6.0,18.5,331,2022-06-20
17.5,86,2.0,19.8,341,2022-06-21
17.1,88,8.8,16.4,318,2022-06-22
17.6,87,6.1,16.6,280,2022-06-23
17.4,81,0.8,16.8,349,2022-06-24
15.9,81,6.9,17.4,312,2022-06-25
14.7,78,2.2,15.4,318,2022-06-26
15.1,77,1.2,16.7,322,2022-06-27
16.0,79,0.0,16.4,77,2022-06-28
15.2,89,3.1,20.7,311,2022-06-29
14.4,85,5.3,20.0,298,2022-06-30
15.3,80,0.0,18.8,70,2022-07-01
17.1,86,0.0,14.3,332,2022-07-02
17.5,84,3.2,18.2,26,2022-07-03
17.1,82,0.2,12.2,330,2022-07-04
18.0,84,0.1,15.0,324,2022-07-05
18.5,86,0.3,21.7,313,2022-07-06
18.3,84,0.9,19.7,311,2022-07-07
18.4,86,0.0,11.6,337,2022-07-08
19.2,82,0.0,10.4,323,2022-07-09
21.3,77,0.0,12.7,23,2022-07-10
21.7,80,0.0,10.8,360,2022-07-11
23.2,77,0.0,9.4,328,2022-07-12
25.5,63,0.0,15.5,72,2022-07-13
23.5,70,0.0,8.8,325,2022-07-14
22.7,79,0.0,14.7,34,2022-07-15
25.2,70,0.0,15.0,85,2022-07-16
27.6,63,0.0,16.6,105,2022-07-17
26.2,63,0.0,21.3,252,2022-07-18
21.0,76,0.0,21.0,356,2022-07-19
20.0,83,6.1,15.3,330,2022-07-20
20.5,82,0.1,19.4,46,2022-07-21
19.1,83,2.6,16.1,329,2022-07-22
19.3,75,0.0,17.5,24,2022-07-23
21.0,81,0.0,23.2,309,2022-07-24
19.9,82,1.3,22.7,310,2022-07-25
18.9,77,2.1,14.4,360,2022-07-26
18.9,69,0.1,12.4,14,2022-07-27
19.1,74,0.0,14.2,25,2022-07-28
19.4,81,0.0,15.1,330,2022-07-29
20.0,83,0.5,11.5,343,2022-07-30
20.3,83,0.2,16.3,37,2022-07-31
20.5,84,0.0,18.4,56,2022-08-01
20.9,85,0.0,15.0,47,2022-08-02
22.0,88,0.0,18.1,307,2022-08-03
20.8,87,0.9,15.2,308,2022-08-04
19.8,86,5.6,16.7,347,2022-08-05
20.6,80,0.0,12.0,329,2022-08-06
20.8,79,0.0,16.4,349,2022-08-07
20.9,77,0.0,12.3,318,2022-08-08
22.1,76,3.3,10.4,325,2022-08-09
24.6,74,0.0,12.8,145,2022-08-10
25.8,68,0.0,14.1,245,2022-08-11
22.2,84,0.0,19.3,312,2022-08-12
20.8,86,0.2,18.8,320,2022-08-13
19.7,80,0.7,18.1,310,2022-08-14
19.7,78,0.0,17.7,320,2022-08-15
19.2,82,4.8,21.3,317,2022-08-16
17.3,87,12.1,28.0,282,2022-08-17
17.0,82,9.2,33.6,288,2022-08-18
18.6,78,0.0,15.0,11,2022-08-19
19.8,85,0.0,17.1,78,2022-08-20
20.1,88,0.6,16.9,317,2022-08-21
19.8,91,9.6,20.5,303,2022-08-22
20.6,90,0.9,18.6,54,2022-08-23
22.2,87,0.0,19.8,307,2022-08-24
20.8,91,5.4,19.5,322,2022-08-25
19.7,86,3.0,13.6,348,2022-08-26
19.6,83,0.1,15.1,58,2022-08-27
23.0,82,0.0,13.4,127,2022-08-28
22.9,77,5.0,38.4,169,2022-08-29
20.7,90,0.4,12.7,340,2022-08-30
20.0,92,5.6,14.7,329,2022-08-31
20.1,88,0.6,16.9,33,2022-09-01
19.6,83,1.2,22.4,292,2022-09-02
18.7,82,0.5,16.4,318,2022-09-03
20.9,72,0.0,12.9,167,2022-09-04
22.3,63,0.0,21.1,203,2022-09-05
20.6,76,1.7,17.6,264,2022-09-06
18.9,76,2.4,15.5,336,2022-09-07
18.7,82,1.2,14.1,354,2022-09-08
18.8,79,4.2,16.2,310,2022-09-09
19.7,75,0.0,17.6,93,2022-09-10
23.9,67,0.0,16.9,149,2022-09-11
25.8,56,0.0,29.2,190,2022-09-12
25.9,45,0.6,21.4,181,2022-09-13
23.0,56,0.4,25.3,207,2022-09-14
20.1,84,10.5,17.6,301,2022-09-15
18.7,83,5.3,21.8,334,2022-09-16
17.2,67,0.1,18.1,57,2022-09-17
16.5,69,0.0,17.1,74,2022-09-18
17.0,77,0.0,14.8,33,2022-09-19
15.3,80,0.0,15.0,14,2022-09-20
14.7,81,0.0,14.5,341,2022-09-21
15.8,79,0.0,13.7,9,2022-09-22
15.9,84,0.3,15.8,297,2022-09-23
14.5,90,13.6,22.9,287,2022-09-24
13.7,83,2.9,19.4,292,2022-09-25
14.2,85,4.4,23.7,279,2022-09-26
15.6,81,8.8,33.5,286,2022-09-27
15.6,85,7.4,34.2,275,2022-09-28
13.6,89,22.4,28.9,282,2022-09-29
13.6,88,14.2,25.2,300,2022-09-30
16.0,80,0.0,11.9,229,2022-10-01
15.5,87,0.0,11.4,185,2022-10-02
16.1,92,0.0,11.5,116,2022-10-03
16.4,90,0.0,9.0,254,2022-10-04
16.7,85,0.0,17.9,276,2022-10-05
16.6,88,0.0,14.0,64,2022-10-06
16.7,88,0.2,16.6,275,2022-10-07
16.2,87,1.3,11.1,25,2022-10-08
18.2,75,0.0,20.4,213,2022-10-09
16.8,86,1.1,15.3,205,2022-10-10
16.4,95,0.7,9.8,345,2022-10-11
16.2,92,2.2,11.0,313,2022-10-12
16.7,83,0.1,16.1,259,2022-10-13
18.1,84,0.1,14.3,267,2022-10-14
16.9,81,0.0,12.6,193,2022-10-15
20.3,60,2.9,24.9,185,2022-10-16
20.0,68,2.7,17.3,180,2022-10-17
21.3,70,0.0,23.1,169,2022-10-18
21.1,59,4.8,20.9,186,2022-10-19
19.4,62,0.1,26.7,180,2022-10-20
19.0,59,0.0,22.9,193,2022-10-21
20.0,57,0.0,31.1,173,2022-10-22
20.4,52,0.9,52.0,194,2022-10-23
18.4,61,1.3,22.5,204,2022-10-24
19.7,57,2.3,23.0,192,2022-10-25
20.5,58,0.0,21.1,189,2022-10-26
22.4,48,0.0,19.6,178,2022-10-27
22.1,48,0.0,19.2,178,2022-10-28
21.2,56,0.0,21.3,188,2022-10-29
15.7,81,3.5,12.6,146,2022-10-30
16.2,80,3.1,22.5,200,2022-10-31
14.9,83,1.0,19.9,308,2022-11-01
13.6,79,0.0,13.0,191,2022-11-02
15.0,71,12.1,30.6,243,2022-11-03
12.2,76,9.6,34.1,279,2022-11-04
12.2,81,0.0,14.2,199,2022-11-05
13.3,70,0.0,15.9,206,2022-11-06
14.9,66,0.4,32.0,191,2022-11-07
17.2,69,0.6,36.8,194,2022-11-08
13.8,84,6.9,11.6,261,2022-11-09
12.7,83,0.0,13.3,159,2022-11-10
14.0,69,0.0,21.6,162,2022-11-11
16.8,69,0.0,26.0,154,2022-11-12
16.0,69,0.0,23.1,179,2022-11-13
14.0,79,4.4,23.1,228,2022-11-14
14.4,75,9.1,32.8,217,2022-11-15
15.0,75,1.3,33.5,205,2022-11-16
14.0,88,16.2,29.9,265,2022-11-17
10.1,87,6.6,28.5,279,2022-11-18
8.2,86,13.8,32.9,274,2022-11-19
11.2,85,7.5,22.9,252,2022-11-20
11.5,85,25.5,38.6,267,2022-11-21
10.4,68,1.5,31.6,230,2022-11-22
13.7,80,9.5,35.9,279,2022-11-23
11.0,82,10.4,19.0,191,2022-11-24
10.4,87,9.7,28.1,275,2022-11-25
10.1,74,0.0,14.5,182,2022-11-26
11.9,65,3.0,27.3,201,2022-11-27
10.2,84,7.1,29.3,279,2022-11-28
10.2,90,7.5,24.7,283,2022-11-29
9.7,88,0.0,17.2,118,2022-11-30
8.5,83,0.1,13.0,75,2022-12-01
7.6,76,0.0,11.6,110,2022-12-02
6.3,87,10.7,14.6,313,2022-12-03
5.9,81,1.3,12.2,184,2022-12-04
7.7,75,0.0,21.0,171,2022-12-05
10.9,80,0.1,18.9,193,2022-12-06
10.8,93,3.5,12.6,91,2022-12-07
10.0,92,9.3,17.6,145,2022-12-08
10.1,91,22.1,17.2,15,2022-12-09
6.8,77,1.9,17.8,42,2022-12-10
6.7,87,0.0,8.7,189,2022-12-11
9.3,86,5.8,22.1,169,2022-12-12
13.1,89,1.1,12.4,200,2022-12-13
13.2,78,10.6,16.9,194,2022-12-14
11.5,86,13.4,16.6,233,2022-12-15
9.5,87,6.7,21.6,322,2022-12-16
8.0,85,0.0,13.1,156,2022-12-17
11.9,66,0.0,37.2,188,2022-12-18
12.5,62,20.5,43.5,180,2022-12-19
12.6,77,23.5,29.4,171,2022-12-20
13.6,76,0.5,25.3,205,2022-12-21
14.8,74,0.3,24.1,209,2022-12-22
16.1,66,0.0,26.7,208,2022-12-23
13.9,70,0.0,29.4,193,2022-12-24
14.5,64,9.4,37.1,180,2022-12-25
12.6,82,1.5,12.2,255,2022-12-26
11.3,94,0.4,7.0,184,2022-12-27
12.6,73,0.1,23.0,203,2022-12-28
11.9,85,4.5,22.1,242,2022-12-29
16.0,69,0.4,36.1,200,2022-12-30
15.7,49,0.0,41.6,183,2022-12-31
16.6,47,0.0,24.5,182,2023-01-01
11.3,83,8.0,17.6,289,2023-01-02
8.1,84,0.0,13.1,191,2023-01-03
9.0,77,0.0,12.3,194,2023-01-04
8.6,86,0.0,14.2,182,2023-01-05
7.7,78,0.0,26.6,193,2023-01-06
10.4,69,5.7,40.0,199,2023-01-07
11.2,86,12.6,30.0,248,2023-01-08
9.4,80,3.1,28.7,280,2023-01-09
9.5,73,0.0,22.7,192,2023-01-10
11.2,82,6.4,23.1,259,2023-01-11
8.4,84,0.0,11.5,188,2023-01-12
9.5,82,1.3,13.6,197,2023-01-13
11.4,72,0.0,28.8,199,2023-01-14
8.7,78,8.9,34.4,272,2023-01-15
8.8,82,60.0,31.5,243,2023-01-16
7.3,82,29.2,43.0,275,2023-01-17
3.8,84,25.8,33.4,276,2023-01-18
6.1,83,30.0,40.1,249,2023-01-19
7.6,81,3.5,31.2,12,2023-01-20
5.4,69,2.0,18.8,9,2023-01-21
5.5,71,0.1,17.9,8,2023-01-22
5.5,76,6.5,21.4,13,2023-01-23
4.4,86,5.5,20.6,41,2023-01-24
4.9,81,1.8,20.9,315,2023-01-25
6.6,85,6.9,25.6,355,2023-01-26
5.9,84,16.3,21.7,23,2023-01-27
5.4,83,12.5,21.4,27,2023-01-28
5.0,80,1.7,16.8,30,2023-01-29
5.8,76,0.0,7.4,45,2023-01-30
6.9,81,1.1,12.7,288,2023-01-31
8.1,88,2.2,10.8,36,2023-02-01
6.5,79,0.0,12.9,118,2023-02-02
4.9,83,0.0,13.5,140,2023-02-03
5.9,85,0.0,11.1,123,2023-02-04
8.3,81,0.4,17.3,43,2023-02-05
6.7,75,0.2,16.3,60,2023-02-06
3.7,88,4.5,15.0,90,2023-02-07
5.6,88,0.1,13.7,122,2023-02-08
5.9,79,0.1,9.5,235,2023-02-09
4.8,81,0.0,16.2,147,2023-02-10
6.1,66,0.0,23.1,168,2023-02-11
8.1,55,0.0,23.5,174,2023-02-12
9.2,59,0.0,23.1,175,2023-02-13
10.1,57,0.0,24.9,175,2023-02-14
10.7,67,0.0,26.3,187,2023-02-15
8.8,77,0.0,8.6,232,2023-02-16
9.0,81,0.0,10.5,148,2023-02-17
9.8,77,0.0,19.1,195,2023-02-18
8.9,95,0.1,10.2,231,2023-02-19
12.5,80,0.0,15.5,153,2023-02-20
12.3,73,0.0,17.4,216,2023-02-21
10.6,90,10.9,16.6,278,2023-02-22
6.3,89,41.1,31.5,319,2023-02-23
6.5,76,6.2,17.5,242,2023-02-24
7.3,72,0.1,13.6,152,2023-02-25
6.5,72,3.5,28.1,16,2023-02-26
3.5,67,7.4,28.6,19,2023-02-27
4.7,70,4.0,22.4,357,2023-02-28
4.3,70,1.5,13.0,2,2023-03-01
6.1,78,2.4,23.1,304,2023-03-02
6.6,84,7.7,14.0,320,2023-03-03
6.7,84,0.2,10.5,64,2023-03-04
5.6,82,0.0,14.3,116,2023-03-05
7.5,81,0.0,14.5,90,2023-03-06
10.1,84,1.5,30.1,240,2023-03-07
15.0,67,2.7,30.4,206,2023-03-08
13.4,76,1.7,27.7,213,2023-03-09
13.8,70,1.2,19.7,236,2023-03-10
14.2,81,8.8,20.0,248,2023-03-11
15.1,89,11.2,16.9,205,2023-03-12
15.0,69,1.8,32.9,212,2023-03-13
11.0,74,1.9,31.1,280,2023-03-14
11.1,80,0.0,15.6,145,2023-03-15
16.7,56,0.0,27.1,179,2023-03-16
14.3,70,1.9,22.1,211,2023-03-17
11.4,79,6.2,27.0,249,2023-03-18
10.7,89,6.0,28.4,297,2023-03-19
10.6,87,0.0,9.8,144,2023-03-20
10.8,89,1.9,11.6,341,2023-03-21
12.8,76,0.0,11.9,180,2023-03-22
16.1,49,1.1,23.4,197,2023-03-23
12.7,76,2.5,19.5,277,2023-03-24
12.1,76,0.0,23.7,188,2023-03-25
12.5,73,5.5,39.4,283,2023-03-26
10.4,79,2.6,26.0,304,2023-03-27
15.0,66,0.0,15.9,168,2023-03-28
20.0,43,0.0,28.0,192,2023-03-29
16.5,62,0.0,18.1,190,2023-03-30
14.0,73,3.3,27.8,284,2023-03-31
10.5,84,11.9,31.3,284,2023-04-01
9.8,82,13.4,35.5,310,2023-04-02
9.4,84,0.0,17.9,45,2023-04-03
9.1,80,0.2,11.9,24,2023-04-04
8.1,80,0.0,14.6,85,2023-04-05
9.9,79,0.0,13.9,61,2023-04-06
10.9,79,0.0,14.0,101,2023-04-07
12.6,78,0.0,14.2,102,2023-04-08
14.1,71,0.0,19.0,269,2023-04-09
13.1,77,0.0,14.0,309,2023-04-10
13.1,90,1.2,16.2,334,2023-04-11
10.2,89,9.5,30.6,274,2023-04-12
8.9,82,12.7,32.1,279,2023-04-13
11.9,81,5.2,33.4,266,2023-04-14
11.3,90,14.4,30.5,306,2023-04-15
11.1,80,0.2,15.5,49,2023-04-16
9.9,82,0.0,16.4,61,2023-04-17
10.7,87,0.0,16.7,32,2023-04-18
13.0,82,0.0,16.6,126,2023-04-19
13.2,86,0.0,14.4,300,2023-04-20
13.8,85,0.0,31.1,322,2023-04-21
13.3,76,6.4,19.2,332,2023-04-22
13.7,76,5.7,20.1,244,2023-04-23
14.1,85,2.0,17.8,282,2023-04-24
15.2,88,5.3,12.3,321,2023-04-25
15.8,91,0.8,11.5,345,2023-04-26
17.1,89,0.0,9.2,180,2023-04-27
15.9,89,1.0,21.4,306,2023-04-28
14.6,94,1.4,16.0,310,2023-04-29
13.9,91,2.4,15.8,327,2023-04-30
13.8,88,0.1,15.1,47,2023-05-01
14.5,79,0.0,16.6,99,2023-05-02
20.5,61,0.0,30.2,178,2023-05-03
16.4,78,0.0,29.2,351,2023-05-04
15.5,82,0.0,14.0,77,2023-05-05
15.4,84,0.0,22.4,304,2023-05-06
14.4,90,1.0,13.7,317,2023-05-07
14.8,85,0.9,13.9,28,2023-05-08
14.8,88,7.9,29.7,287,2023-05-09
12.7,79,3.1,22.0,295,2023-05-10
11.6,86,16.6,25.8,292,2023-05-11
11.3,85,15.8,24.3,302,2023-05-12
12.1,85,4.9,24.1,295,2023-05-13
12.7,90,43.7,24.6,313,2023-05-14
12.3,90,8.5,22.2,304,2023-05-15
12.3,75,1.8,20.2,347,2023-05-16
12.9,72,0.2,18.1,23,2023-05-17
13.6,70,0.6,21.6,7,2023-05-18
13.2,77,3.0,20.5,337,2023-05-19
13.1,84,1.0,20.5,301,2023-05-20
13.3,86,0.1,17.4,303,2023-05-21
14.1,90,1.8,19.1,310,2023-05-22
15.0,94,2.3,19.7,311,2023-05-23
14.8,92,2.9,15.5,323,2023-05-24
14.1,82,1.8,22.0,322,2023-05-25
15.6,81,0.8,20.3,91,2023-05-26
19.4,77,0.0,12.4,139,2023-05-27
17.6,86,0.0,17.4,301,2023-05-28
17.1,89,0.0,13.1,315,2023-05-29
17.1,92,0.0,11.3,332,2023-05-30
16.9,92,0.0,18.2,309,2023-05-31
17.0,89,0.2,11.7,350,2023-06-01
19.2,78,0.1,14.7,124,2023-06-02
18.8,86,0.2,10.5,295,2023-06-03
18.1,87,0.0,11.9,321,2023-06-04
18.4,85,0.0,11.1,353,2023-06-05
20.2,84,0.1,13.8,89,2023-06-06
21.9,76,1.7,15.8,157,2023-06-07
22.2,74,8.5,18.0,170,2023-06-08
21.3,72,4.8,21.0,204,2023-06-09
19.1,88,0.9,12.4,309,2023-06-10
19.3,87,1.9,14.6,60,2023-06-11
18.9,88,8.4,12.5,47,2023-06-12
17.7,90,11.7,26.9,303,2023-06-13
18.0,89,2.6,26.8,307,2023-06-14
17.9,85,0.0,14.1,17,2023-06-15
18.9,87,0.0,13.6,92,2023-06-16
19.4,92,1.0,18.4,310,2023-06-17
18.9,90,1.4,13.5,347,2023-06-18
20.9,85,0.1,19.1,144,2023-06-19
18.3,92,4.6,16.8,317,2023-06-20
18.1,91,6.7,15.9,2,2023-06-21
18.9,85,1.5,14.5,313,2023-06-22
19.2,87,0.0,16.4,72,2023-06-23
21.4,83,0.0,14.8,97,2023-06-24
20.5,84,0.0,24.4,302,2023-06-25
19.4,84,0.5,13.2,6,2023-06-26
18.6,76,0.0,13.1,18,2023-06-27
18.5,80,0.0,13.5,340,2023-06-28
18.1,90,8.2,24.2,311,2023-06-29
17.3,75,5.1,24.6,303,2023-06-30
18.8,77,1.0,24.3,287,2023-07-01
18.9,87,3.0,15.9,310,2023-07-02
18.4,84,0.0,15.9,27,2023-07-03
18.6,79,0.2,16.9,307,2023-07-04
19.0,82,0.5,15.2,323,2023-07-05
18.9,85,1.2,17.7,53,2023-07-06
23.6,71,0.0,22.3,175,2023-07-07
20.7,82,0.3,17.8,346,2023-07-08
19.2,87,3.0,18.7,322,2023-07-09
20.6,81,0.0,14.8,52,2023-07-10
19.7,85,0.3,16.6,321,2023-07-11
19.5,81,2.7,15.5,346,2023-07-12
19.4,85,5.7,15.8,36,2023-07-13
21.4,77,0.0,14.2,245,2023-07-14
19.0,83,6.7,21.8,301,2023-07-15
18.4,75,0.1,14.6,347,2023-07-16
19.8,76,0.0,20.4,55,2023-07-17
20.3,83,0.0,23.1,301,2023-07-18
19.0,82,0.5,12.9,17,2023-07-19
18.5,81,1.1,16.3,356,2023-07-20
18.6,81,4.0,12.7,352,2023-07-21
18.6,77,0.0,13.6,23,2023-07-22
18.9,81,0.0,14.4,337,2023-07-23
18.7,81,2.0,24.7,284,2023-07-24
17.7,74,2.5,25.7,292,2023-07-25
19.0,77,0.2,16.3,294,2023-07-26
19.6,86,0.2,19.0,321,2023-07-27
20.9,81,0.0,13.0,354,2023-07-28
20.7,80,2.0,22.4,312,2023-07-29
19.4,82,1.3,15.8,357,2023-07-30
18.8,82,0.0,14.4,326,2023-07-31
20.1,82,2.4,25.3,286,2023-08-01
20.5,81,1.0,29.4,282,2023-08-02
17.9,75,3.4,29.0,289,2023-08-03
16.6,80,9.6,23.8,303,2023-08-04
18.1,74,1.0,24.1,291,2023-08-05
17.7,76,2.0,17.9,338,2023-08-06
17.9,70,0.0,18.1,61,2023-08-07
18.7,79,0.0,14.5,70,2023-08-08
24.0,69,0.0,26.6,123,2023-08-09
21.3,79,0.0,37.4,303,2023-08-10
21.0,77,0.0,14.9,42,2023-08-11
19.7,87,6.6,18.2,315,2023-08-12
19.6,84,0.0,13.7,45,2023-08-13
19.7,85,0.1,12.3,2,2023-08-14
19.6,85,0.4,16.0,18,2023-08-15
19.2,90,2.2,11.7,30,2023-08-16
20.3,84,0.0,14.2,21,2023-08-17
23.3,77,0.0,13.3,130,2023-08-18
22.7,79,0.0,19.9,46,2023-08-19
21.5,86,0.0,13.0,338,2023-08-20
21.6,82,0.0,13.6,334,2023-08-21
22.1,81,0.0,12.1,10,2023-08-22
28.6,62,0.0,13.8,162,2023-08-23
25.4,64,0.0,22.4,294,2023-08-24
20.4,85,4.2,18.7,312,2023-08-25
17.1,90,16.7,17.9,298,2023-08-26
15.9,84,14.3,26.0,293,2023-08-27
17.2,87,11.3,26.7,285,2023-08-28
18.0,78,3.1,21.9,303,2023-08-29
17.5,80,3.9,25.1,287,2023-08-30
18.8,79,0.2,11.4,302,2023-08-31
18.7,89,0.4,17.0,3,2023-09-01
18.7,91,13.3,10.1,350,2023-09-02
19.0,88,2.6,18.5,114,2023-09-03
24.2,66,9.8,21.4,147,2023-09-04
24.1,71,0.0,18.4,151,2023-09-05
23.5,73,0.0,15.3,221,2023-09-06
24.0,72,0.2,18.8,195,2023-09-07
24.0,77,4.0,14.9,167,2023-09-08
23.5,80,0.0,19.2,239,2023-09-09
21.6,88,0.9,13.6,349,2023-09-10
20.8,89,11.4,15.1,317,2023-09-11
18.3,90,32.8,15.4,291,2023-09-12
18.4,87,1.7,13.0,337,2023-09-13
18.9,83,0.0,17.6,94,2023-09-14
21.0,78,0.1,21.2,178,2023-09-15
22.1,71,0.2,23.0,178,2023-09-16
21.2,65,1.2,17.9,194,2023-09-17
20.2,62,0.6,27.0,244,2023-09-18
18.9,82,2.5,18.2,23,2023-09-19
18.3,86,0.0,15.7,186,2023-09-20
18.3,67,7.9,26.1,249,2023-09-21
14.4,81,13.7,26.4,259,2023-09-22
16.2,78,0.7,19.1,286,2023-09-23
18.3,71,0.0,16.9,191,2023-09-24
18.5,68,0.0,13.9,113,2023-09-25
18.0,83,0.0,12.8,290,2023-09-26
19.8,78,0.0,26.2,196,2023-09-27
20.4,68,0.0,11.6,194,2023-09-28
19.5,80,0.0,17.1,73,2023-09-29
21.2,85,0.0,11.4,147,2023-09-30
21.4,73,0.0,9.2,197,2023-10-01
22.5,68,0.0,24.6,219,2023-10-02
18.5,88,3.2,13.7,340,2023-10-03
18.0,84,0.0,15.9,85,2023-10-04
19.0,86,0.0,11.9,119,2023-10-05
19.0,89,0.0,8.7,73,2023-10-06
21.3,84,0.0,10.2,147,2023-10-07
20.8,68,0.0,6.5,214,2023-10-08
18.1,71,0.0,6.9,250,2023-10-09
18.1,64,0.0,7.0,207,2023-10-10
19.6,53,0.0,13.6,194,2023-10-11
20.4,55,0.0,15.9,193,2023-10-12
21.7,53,2.1,22.1,205,2023-10-13
17.0,91,10.6,18.6,354,2023-10-14
15.9,83,3.4,17.2,103,2023-10-15
18.6,73,2.2,13.7,177,2023-10-16
23.2,54,0.1,27.6,167,2023-10-17
21.6,68,13.6,29.3,192,2023-10-18
19.1,66,2.6,38.8,198,2023-10-19
15.0,69,4.9,41.1,249,2023-10-20
13.0,67,0.0,20.4,234,2023-10-21
14.4,63,0.2,19.0,160,2023-10-22
13.8,86,14.9,19.3,249,2023-10-23
14.0,70,1.7,38.1,204,2023-10-24
17.4,72,1.9,26.1,214,2023-10-25
15.6,92,54.0,16.5,240,2023-10-26
14.0,70,1.9,25.0,217,2023-10-27
17.7,58,0.1,32.2,202,2023-10-28
16.0,85,12.0,26.1,178,2023-10-29
14.3,77,2.6,10.0,263,2023-10-30
14.2,60,0.0,19.1,195,2023-10-31
15.8,63,6.7,43.2,209,2023-11-01
13.1,71,22.0,52.7,259,2023-11-02
11.2,67,6.0,41.1,258,2023-11-03
14.8,67,18.1,44.3,216,2023-11-04
13.3,65,0.3,28.7,241,2023-11-05
10.5,74,1.3,21.0,247,2023-11-06
9.9,71,0.6,22.8,229,2023-11-07
11.8,67,0.7,29.4,199,2023-11-08
13.0,77,7.5,24.5,272,2023-11-09
11.9,89,11.7,20.7,255,2023-11-10
14.0,92,16.7,13.4,198,2023-11-11
16.1,80,5.7,18.0,211,2023-11-12
18.8,67,0.0,27.3,202,2023-11-13
17.0,75,1.9,21.3,225,2023-11-14
15.4,83,0.7,10.5,189,2023-11-15
16.2,80,3.4,26.3,264,2023-11-16
12.9,85,0.1,10.1,268,2023-11-17
13.9,78,0.0,17.0,188,2023-11-18
12.6,86,0.0,8.0,221,2023-11-19
12.3,92,6.0,23.6,293,2023-11-20
10.4,87,12.1,30.1,301,2023-11-21
11.6,81,6.1,25.0,15,2023-11-22
10.6,71,0.1,16.4,22,2023-11-23
11.3,87,0.2,9.9,304,2023-11-24
11.0,90,0.6,11.0,68,2023-11-25
8.9,86,0.0,9.8,157,2023-11-26
10.9,85,8.6,29.7,256,2023-11-27
12.1,95,21.3,26.5,294,2023-11-28
13.5,89,18.2,20.3,180,2023-11-29
11.6,94,37.1,23.8,285,2023-11-30
8.9,86,17.6,34.2,254,2023-12-01
7.8,90,14.0,34.2,284,2023-12-02
7.7,74,0.4,36.9,192,2023-12-03
11.3,68,2.4,39.8,233,2023-12-04
8.5,80,2.0,27.1,267,2023-12-05
7.7,76,0.0,15.1,176,2023-12-06
10.7,67,9.8,33.8,197,2023-12-07
10.6,78,3.4,28.7,261,2023-12-08
13.6,73,5.0,26.7,211,2023-12-09
15.4,80,0.0,21.5,199,2023-12-10
16.0,67,0.0,21.6,202,2023-12-11
13.8,83,11.8,25.0,215,2023-12-12
10.2,79,8.0,38.0,276,2023-12-13
10.5,77,6.1,31.7,314,2023-12-14
10.9,90,5.0,18.4,315,2023-12-15
9.3,86,0.1,13.0,117,2023-12-16
6.3,82,0.0,11.9,179,2023-12-17
6.0,81,0.0,11.2,205,2023-12-18
6.5,79,0.0,13.1,213,2023-12-19
10.0,87,22.2,31.7,320,2023-12-20
11.0,86,3.3,29.7,288,2023-12-21
11.1,89,4.7,27.5,295,2023-12-22
10.5,87,1.8,16.9,288,2023-12-23
8.7,82,0.0,11.5,187,2023-12-24
7.0,77,0.0,7.8,195,2023-12-25
5.6,66,0.0,15.1,179,2023-12-26
9.2,51,0.0,34.2,191,2023-12-27
10.3,68,0.4,25.7,197,2023-12-28
10.3,86,1.7,9.5,210,2023-12-29
10.8,78,0.0,26.9,202,2023-12-30
10.6,70,2.7,36.4,251,2023-12-31
9.2,66,0.0,20.6,198,2024-01-01
12.7,62,0.3,37.4,204,2024-01-02
12.0,86,0.5,15.5,240,2024-01-03
10.3,74,1.1,23.9,200,2024-01-04
7.7,86,12.4,29.4,277,2024-01-05
6.1,89,34.4,28.3,284,2024-01-06
6.7,85,19.4,22.1,318,2024-01-07
6.0,86,5.7,9.2,339,2024-01-08
3.8,84,0.0,10.5,122,2024-01-09
4.3,90,4.1,13.0,95,2024-01-10
4.8,89,6.1,9.1,286,2024-01-11
5.8,87,0.3,12.6,152,2024-01-12
9.2,61,0.0,19.5,188,2024-01-13
10.4,82,2.0,14.7,206,2024-01-14
11.6,90,4.1,12.8,218,2024-01-15
12.9,85,2.5,32.8,198,2024-01-16
15.9,60,0.2,27.7,197,2024-01-17
12.1,66,4.6,33.7,245,2024-01-18
4.9,70,0.2,18.9,76,2024-01-19
4.4,66,0.0,16.4,152,2024-01-20
8.3,54,0.0,26.4,188,2024-01-21
11.8,75,4.3,27.2,199,2024-01-22
13.4,82,0.2,14.8,181,2024-01-23
11.6,85,0.0,13.1,171,2024-01-24
11.8,80,0.0,16.9,196,2024-01-25
9.8,87,0.0,9.5,188,2024-01-26
11.7,80,0.0,16.3,163,2024-01-27
14.3,65,0.0,29.7,183,2024-01-28
14.2,65,0.0,25.7,182,2024-01-29
11.1,83,0.0,22.0,191,2024-01-30
10.3,84,0.0,12.6,184,2024-01-31
9.8,92,1.4,16.5,297,2024-02-01
10.6,92,0.8,10.7,304,2024-02-02
10.3,92,0.0,13.0,110,2024-02-03
10.0,91,0.0,10.5,115,2024-02-04
9.0,90,0.0,7.6,168,2024-02-05
9.4,88,0.0,7.6,163,2024-02-06
10.7,74,0.1,21.8,197,2024-02-07
14.3,54,9.1,57.1,197,2024-02-08
14.2,68,11.3,28.9,192,2024-02-09
9.4,76,16.8,32.8,280,2024-02-10
9.6,61,0.0,26.2,248,2024-02-11
11.1,75,3.6,52.9,257,2024-02-12
12.1,77,0.0,15.5,185,2024-02-13
14.7,76,0.0,28.9,178,2024-02-14
16.7,69,8.5,33.1,194,2024-02-15
11.4,86,9.4,22.3,293,2024-02-16
8.7,83,0.0,10.6,136,2024-02-17
10.2,82,2.6,13.2,259,2024-02-18
11.4,91,5.7,16.5,349,2024-02-19
9.9,84,0.0,14.2,136,2024-02-20
11.9,66,0.0,17.8,192,2024-02-21
12.7,67,6.6,38.2,237,2024-02-22
7.0,71,3.7,30.5,253,2024-02-23
6.7,79,9.5,27.4,264,2024-02-24
11.4,76,16.5,32.1,222,2024-02-25
8.4,83,16.9,45.2,292,2024-02-26
8.1,77,19.1,39.2,331,2024-02-27
9.7,82,6.6,26.4,322,2024-02-28
9.3,86,8.7,38.3,267,2024-02-29
8.8,75,2.8,28.9,236,2024-03-01
8.2,83,18.8,32.9,243,2024-03-02
6.1,83,6.8,32.2,277,2024-03-03
9.0,81,9.6,24.3,226,2024-03-04
8.3,76,0.9,21.0,274,2024-03-05
8.4,73,0.0,13.8,166,2024-03-06
11.9,59,0.3,29.9,156,2024-03-07
10.6,59,1.3,27.1,192,2024-03-08
10.1,59,4.1,28.2,193,2024-03-09
8.9,75,8.5,37.9,243,2024-03-10
8.9,87,8.0,31.3,277,2024-03-11
10.7,83,1.0,11.5,206,2024-03-12
11.3,81,0.0,17.0,184,2024-03-13
14.2,72,0.0,17.6,198,2024-03-14
13.2,78,0.1,11.2,222,2024-03-15
14.5,73,0.0,15.9,185,2024-03-16
15.2,78,0.0,18.3,192,2024-03-17
14.6,89,2.2,17.0,69,2024-03-18
14.0,94,0.4,11.6,321,2024-03-19
13.3,92,0.1,13.6,304,2024-03-20
13.3,90,0.0,10.7,70,2024-03-21
13.3,96,0.8,17.9,306,2024-03-22
11.1,82,2.9,18.3,349,2024-03-23
10.2,73,0.0,14.5,16,2024-03-24
9.6,80,3.1,26.2,255,2024-03-25
7.5,79,12.3,20.5,271,2024-03-26
10.5,63,3.3,36.3,219,2024-03-27
11.2,65,5.0,37.4,206,2024-03-28
11.1,74,8.1,18.7,198,2024-03-29
10.5,74,5.4,17.1,162,2024-03-30
9.5,72,6.6,17.5,199,2024-03-31
10.4,65,7.2,27.4,222,2024-04-01
11.7,65,1.7,36.3,196,2024-04-02
15.6,60,0.0,19.5,203,2024-04-03
17.4,55,0.0,21.1,197,2024-04-04
20.6,44,0.0,37.1,177,2024-04-05
20.3,55,0.0,35.6,177,2024-04-06
15.1,87,11.1,13.8,112,2024-04-07
13.1,78,12.9,32.0,244,2024-04-08
9.7,75,3.3,29.3,288,2024-04-09
10.3,78,0.0,15.0,36,2024-04-10
11.9,73,0.0,15.7,107,2024-04-11
16.4,74,0.0,10.2,139,2024-04-12
16.5,78,0.0,7.7,269,2024-04-13
15.5,84,0.0,13.7,309,2024-04-14
11.8,90,5.7,20.0,314,2024-04-15
10.8,81,4.7,23.5,309,2024-04-16
10.1,83,7.1,21.3,325,2024-04-17
10.4,79,3.8,16.6,349,2024-04-18
10.7,73,0.0,18.0,102,2024-04-19
11.1,80,0.0,15.3,31,2024-04-20
9.6,71,0.0,16.3,44,2024-04-21
9.9,56,0.2,19.5,30,2024-04-22
8.9,75,21.0,29.6,322,2024-04-23
9.8,63,0.0,18.4,300,2024-04-24
9.8,81,5.0,18.2,270,2024-04-25
10.6,89,8.6,14.2,334,2024-04-26
10.6,82,7.5,27.1,240,2024-04-27
9.5,77,1.5,15.5,297,2024-04-28
10.2,81,0.1,13.0,347,2024-04-29
12.2,79,7.3,24.7,237,2024-04-30
9.7,82,14.6,23.3,289,2024-05-01
10.2,74,1.3,20.2,274,2024-05-02
12.3,75,0.5,12.8,199,2024-05-03
17.4,61,0.8,30.4,212,2024-05-04
14.7,83,13.3,23.9,234,2024-05-05
12.5,78,2.2,25.3,288,2024-05-06
12.3,85,5.7,24.0,303,2024-05-07
13.0,84,0.0,15.8,63,2024-05-08
14.7,82,0.0,14.8,88,2024-05-09
17.0,80,0.0,14.5,233,2024-05-10
16.5,85,1.0,17.9,294,2024-05-11
13.5,88,0.3,15.9,304,2024-05-12
14.6,85,15.0,18.1,241,2024-05-13
12.5,86,22.7,14.5,268,2024-05-14
11.6,82,7.2,12.8,268,2024-05-15
11.9,82,12.1,12.6,190,2024-05-16
12.5,87,6.9,15.3,315,2024-05-17
12.5,87,5.4,13.3,11,2024-05-18
12.4,89,11.4,17.8,311,2024-05-19
13.0,85,5.4,21.7,292,2024-05-20
13.1,80,1.3,23.6,284,2024-05-21
13.0,84,7.7,19.5,275,2024-05-22
13.0,81,2.2,20.7,291,2024-05-23
13.1,83,0.0,16.2,27,2024-05-24
16.0,82,0.0,19.2,258,2024-05-25
14.1,86,1.6,15.1,319,2024-05-26
13.5,84,1.5,13.1,338,2024-05-27
13.7,81,0.0,12.7,74,2024-05-28
15.0,83,0.0,12.5,317,2024-05-29
14.8,86,4.1,19.0,309,2024-05-30
14.0,77,2.0,16.2,338,2024-05-31
13.7,82,1.8,15.9,344,2024-06-01
14.7,85,1.9,14.0,1,2024-06-02
15.0,88,0.6,12.9,26,2024-06-03
16.0,84,0.0,12.8,63,2024-06-04
16.8,86,0.0,14.1,18,2024-06-05
16.2,89,0.0,16.3,27,2024-06-06
16.9,87,0.3,14.7,13,2024-06-07
16.9,92,8.7,22.1,294,2024-06-08
15.2,87,6.9,22.8,318,2024-06-09
15.0,75,1.7,19.1,327,2024-06-10
14.3,78,3.3,17.9,300,2024-06-11
14.4,75,1.5,20.6,317,2024-06-12
15.6,76,0.1,18.1,223,2024-06-13
16.2,82,6.8,26.2,287,2024-06-14
15.7,69,0.0,21.9,296,2024-06-15
16.8,73,0.0,15.2,123,2024-06-16
19.0,75,1.9,13.7,133,2024-06-17
17.9,90,16.4,14.2,32,2024-06-18
16.7,85,5.2,17.3,297,2024-06-19
16.2,83,3.7,22.9,294,2024-06-20
16.0,82,0.8,26.1,288,2024-06-21
16.3,85,2.3,24.5,291,2024-06-22
16.8,91,5.1,23.5,296,2024-06-23
17.9,87,1.0,14.7,37,2024-06-24
18.4,84,0.0,12.0,18,2024-06-25
19.8,89,0.0,13.7,315,2024-06-26
19.2,90,0.6,20.3,308,2024-06-27
18.1,88,0.3,16.0,15,2024-06-28
16.6,86,6.5,24.3,305,2024-06-29
16.1,82,1.4,10.6,331,2024-06-30
16.2,83,3.7,19.3,305,2024-07-01
16.8,82,2.3,16.2,330,2024-07-02
16.2,82,0.0,13.0,315,2024-07-03
17.3,86,0.4,14.4,339,2024-07-04
18.1,87,11.2,15.3,41,2024-07-05
16.5,85,4.5,22.4,318,2024-07-06
15.7,77,0.0,15.4,27,2024-07-07
18.4,79,0.0,12.0,68,2024-07-08
18.9,85,1.4,12.5,278,2024-07-09
20.1,87,1.0,14.8,50,2024-07-10
20.5,90,0.0,19.8,336,2024-07-11
17.5,82,4.4,24.8,313,2024-07-12
17.2,73,0.0,19.1,60,2024-07-13
18.5,83,0.0,17.1,321,2024-07-14
19.2,77,10.2,20.5,285,2024-07-15
18.2,81,2.0,14.6,342,2024-07-16
19.2,82,0.0,15.3,80,2024-07-17
20.3,86,0.0,19.0,306,2024-07-18
20.3,88,0.0,12.8,343,2024-07-19
20.1,87,4.4,18.6,323,2024-07-20
17.7,73,1.6,31.3,298,2024-07-21
18.6,71,0.0,14.8,71,2024-07-22
19.9,80,0.0,15.6,58,2024-07-23
19.7,88,0.2,15.5,52,2024-07-24
19.4,85,0.0,13.9,27,2024-07-25
19.2,82,0.0,14.1,18,2024-07-26
19.3,83,0.3,13.7,9,2024-07-27
22.4,85,0.6,13.5,53,2024-07-28
23.1,86,0.0,14.0,304,2024-07-29
25.6,79,0.4,21.0,125,2024-07-30
23.0,84,0.0,22.1,309,2024-07-31
21.0,86,0.6,18.3,315,2024-08-01
19.7,80,0.9,18.6,322,2024-08-02
19.9,80,1.0,15.3,360,2024-08-03
19.8,80,0.0,17.3,62,2024-08-04
20.6,86,0.1,13.4,337,2024-08-05
20.8,84,0.1,12.0,342,2024-08-06
20.0,87,3.4,19.9,34,2024-08-07
20.4,79,0.0,15.6,50,2024-08-08
21.3,80,0.0,16.7,43,2024-08-09
21.9,83,0.0,16.2,64,2024-08-10
28.0,63,0.0,30.0,174,2024-08-11
21.7,82,1.5,25.9,305,2024-08-12
20.6,82,1.1,18.6,318,2024-08-13
19.0,81,8.6,23.9,301,2024-08-14
18.7,73,0.7,12.8,337,2024-08-15
18.8,70,0.0,12.1,63,2024-08-16
20.7,76,0.6,24.0,294,2024-08-17
19.6,84,2.5,13.8,348,2024-08-18
18.3,73,0.0,17.1,87,2024-08-19
18.7,80,1.5,19.9,320,2024-08-20
19.4,78,1.1,17.1,52,2024-08-21
18.7,79,0.0,15.0,341,2024-08-22
20.5,76,0.0,15.3,64,2024-08-23
19.8,81,1.6,33.3,300,2024-08-24
18.3,71,1.0,13.9,21,2024-08-25
18.2,70,0.0,17.1,60,2024-08-26
20.3,70,0.0,17.4,279,2024-08-27
19.7,78,2.5,16.7,318,2024-08-28
19.5,87,4.4,11.5,6,2024-08-29
19.8,90,14.8,11.3,327,2024-08-30
21.2,90,9.7,11.4,72,2024-08-31
20.3,90,7.3,14.1,341,2024-09-01
19.0,92,7.4,24.2,298,2024-09-02
17.6,87,4.3,18.2,299,2024-09-03
17.1,85,10.6,20.4,307,2024-09-04
14.7,87,12.1,20.2,268,2024-09-05
15.6,81,11.9,20.5,82,2024-09-06
15.8,77,0.7,16.8,288,2024-09-07
16.4,77,3.7,19.4,288,2024-09-08
17.2,82,3.1,23.8,283,2024-09-09
17.2,82,2.5,16.3,317,2024-09-10
17.0,78,5.4,28.5,281,2024-09-11
15.1,92,29.6,26.5,329,2024-09-12
14.3,76,2.6,15.8,20,2024-09-13
13.6,71,0.0,16.2,99,2024-09-14
13.7,75,0.0,10.9,48,2024-09-15
13.7,79,0.0,12.9,347,2024-09-16
15.6,80,0.7,17.0,35,2024-09-17
16.3,84,0.1,12.9,50,2024-09-18
17.7,85,0.0,15.4,153,2024-09-19
17.8,86,2.0,17.3,198,2024-09-20
17.0,91,24.1,12.3,238,2024-09-21
16.7,85,7.7,15.8,283,2024-09-22
16.1,77,0.1,19.8,280,2024-09-23
16.6,79,2.5,10.9,219,2024-09-24
20.6,66,0.0,30.5,207,2024-09-25
18.0,88,18.7,25.0,285,2024-09-26
14.1,79,3.2,31.4,276,2024-09-27
13.1,80,3.2,25.7,287,2024-09-28
16.8,62,0.0,18.7,189,2024-09-29
16.6,81,0.0,9.0,102,2024-09-30
18.2,86,2.0,24.0,266,2024-10-01
15.6,96,33.0,14.9,59,2024-10-02
14.8,84,2.3,14.1,351,2024-10-03
12.9,84,0.0,14.9,125,2024-10-04
16.8,81,2.5,15.1,175,2024-10-05
19.3,84,3.4,26.6,206,2024-10-06
17.5,87,15.1,19.5,202,2024-10-07
18.4,62,0.2,22.6,206,2024-10-08
19.0,71,29.4,49.0,222,2024-10-09
14.7,81,2.9,22.0,276,2024-10-10
15.6,72,0.1,19.0,156,2024-10-11
19.7,67,0.3,24.2,179,2024-10-12
18.8,78,0.0,16.6,181,2024-10-13
18.7,85,4.8,10.8,130,2024-10-14
20.6,78,1.0,27.3,165,2024-10-15
18.5,80,18.7,20.8,230,2024-10-16
13.9,92,26.8,35.6,290,2024-10-17
14.3,80,7.2,27.0,277,2024-10-18
16.1,85,0.1,18.2,178,2024-10-19
18.4,80,0.0,25.4,189,2024-10-20
17.4,73,0.1,26.7,238,2024-10-21
14.7,90,4.5,13.6,10,2024-10-22
14.9,83,0.0,14.1,155,2024-10-23
18.1,70,0.0,24.8,183,2024-10-24
13.7,80,7.4,18.8,280,2024-10-25
11.0,83,9.8,13.2,270,2024-10-26
12.1,87,22.1,17.8,273,2024-10-27
12.1,89,0.0,8.6,103,2024-10-28
13.8,89,0.0,10.5,111,2024-10-29
14.7,91,0.3,16.2,111,2024-10-30
16.6,82,0.0,17.1,147,2024-10-31
17.2,78,0.0,18.0,168,2024-11-01
14.8,88,0.0,10.5,173,2024-11-02
16.7,77,0.0,22.3,168,2024-11-03
17.3,74,0.0,19.6,176,2024-11-04
16.9,75,0.0,17.8,187,2024-11-05
15.2,87,0.0,10.1,145,2024-11-06
14.9,82,0.0,19.9,171,2024-11-07
15.6,78,0.0,22.9,184,2024-11-08
14.0,84,16.3,20.7,276,2024-11-09
13.4,85,2.7,16.7,261,2024-11-10
13.4,89,4.9,18.4,14,2024-11-11
11.3,83,13.4,22.2,22,2024-11-12
8.7,83,1.6,16.4,86,2024-11-13
9.0,86,0.0,10.2,130,2024-11-14
11.1,84,0.0,17.5,163,2024-11-15
13.8,80,0.0,22.1,186,2024-11-16
11.6,90,0.6,8.3,124,2024-11-17
12.3,90,0.5,7.8,117,2024-11-18
12.2,84,0.4,23.8,262,2024-11-19
13.4,82,29.0,30.9,277,2024-11-20
13.3,84,25.4,28.4,248,2024-11-21
10.0,72,5.0,36.4,289,2024-11-22
13.7,58,0.0,36.8,185,2024-11-23
16.0,59,0.0,43.8,171,2024-11-24
13.4,78,23.9,27.1,238,2024-11-25
9.5,76,0.0,12.8,182,2024-11-26
10.7,72,0.0,17.7,184,2024-11-27
11.5,69,0.0,20.5,174,2024-11-28
15.1,61,0.0,22.6,194,2024-11-29
14.0,77,0.0,15.3,188,2024-11-30
15.7,66,0.0,24.5,194,2024-12-01
11.9,90,12.8,15.4,274,2024-12-02
10.6,91,3.4,7.9,244,2024-12-03
10.1,87,6.4,13.9,91,2024-12-04
11.9,79,1.9,11.2,200,2024-12-05
14.2,93,15.3,22.0,273,2024-12-06
10.9,87,14.2,43.8,289,2024-12-07
8.2,81,30.6,44.8,312,2024-12-08
7.9,86,27.5,31.3,335,2024-12-09
7.2,81,6.8,21.9,21,2024-12-10
6.0,87,4.4,10.0,112,2024-12-11
6.4,77,0.0,10.4,153,2024-12-12
7.2,78,0.0,16.2,195,2024-12-13
7.4,85,5.0,22.2,265,2024-12-14
8.7,90,4.5,20.6,282,2024-12-15
8.1,73,0.0,18.5,171,2024-12-16
11.5,47,0.1,33.5,188,2024-12-17
14.4,52,0.0,31.6,201,2024-12-18
11.8,81,14.4,39.0,273,2024-12-19
8.3,87,5.5,19.9,278,2024-12-20
10.1,79,0.2,18.8,259,2024-12-21
11.2,84,8.8,44.9,286,2024-12-22
9.8,76,8.1,32.3,334,2024-12-23
10.1,92,8.8,21.4,281,2024-12-24
11.0,93,0.3,10.9,77,2024-12-25
9.2,93,0.0,8.8,127,2024-12-26
9.3,83,0.0,16.4,181,2024-12-27
8.2,83,0.0,13.2,194,2024-12-28
7.8,86,0.0,10.4,159,2024-12-29
5.7,84,0.0,13.3,181,2024-12-30
4.5,78,0.0,12.3,187,2024-12-31
6.9,64,0.0,19.7,188,2025-01-01
7.4,64,0.0,19.9,191,2025-01-02
9.3,77,10.9,22.1,191,2025-01-03
12.3,73,2.6,28.5,195,2025-01-04
13.9,60,10.8,40.3,190,2025-01-05
10.9,74,5.3,27.8,262,2025-01-06
8.8,69,0.3,36.5,202,2025-01-07
14.3,63,7.1,35.0,205,2025-01-08
12.2,77,8.4,32.3,239,2025-01-09
12.8,82,0.8,18.9,198,2025-01-10
11.8,93,13.2,22.4,303,2025-01-11
7.6,83,2.9,13.5,51,2025-01-12
3.5,79,0.0,9.6,188,2025-01-13
3.7,77,0.0,7.7,225,2025-01-14
3.7,81,0.0,6.9,221,2025-01-15
6.7,88,2.1,13.5,350,2025-01-16
5.3,83,0.0,11.8,157,2025-01-17
5.5,78,0.0,9.7,193,2025-01-18
6.6,65,0.3,22.9,194,2025-01-19
9.4,76,3.1,22.9,185,2025-01-20
11.0,76,3.8,25.9,176,2025-01-21
12.9,76,9.0,25.8,194,2025-01-22
10.8,85,4.6,19.8,302,2025-01-23
14.4,64,0.6,46.2,195,2025-01-24
11.7,77,16.6,31.1,217,2025-01-25
11.3,67,15.5,50.7,193,2025-01-26
11.7,86,21.6,39.6,215,2025-01-27
9.3,61,1.2,38.1,240,2025-01-28
9.4,70,8.1,40.2,198,2025-01-29
8.4,83,23.4,45.1,303,2025-01-30
8.0,70,0.0,20.9,307,2025-01-31
9.0,83,5.9,26.7,312,2025-02-01
7.2,86,7.3,30.9,253,2025-02-02
7.8,85,0.2,12.7,234,2025-02-03
7.5,85,0.0,13.9,208,2025-02-04
7.6,81,0.0,8.5,235,2025-02-05
6.4,87,0.0,12.7,140,2025-02-06
7.0,84,20.7,32.2,229,2025-02-07
6.2,77,0.7,17.6,256,2025-02-08
9.8,83,4.2,14.5,188,2025-02-09
11.1,88,2.3,15.4,176,2025-02-10
12.4,68,0.1,22.8,181,2025-02-11
10.7,84,21.3,22.7,273,2025-02-12
9.3,89,2.6,13.9,201,2025-02-13
11.9,85,0.0,15.5,144,2025-02-14
13.1,69,0.0,20.0,178,2025-02-15
12.3,72,0.0,14.4,232,2025-02-16
12.0,89,0.5,14.5,116,2025-02-17
13.3,67,0.0,25.7,171,2025-02-18
12.8,77,0.0,19.7,181,2025-02-19
14.3,72,0.0,17.5,190,2025-02-20
15.3,66,2.0,37.5,178,2025-02-21
10.7,85,10.3,13.0,283,2025-02-22
10.3,80,0.0,13.8,183,2025-02-23
13.2,66,4.1,26.9,195,2025-02-24
10.3,82,6.6,32.0,274,2025-02-25
9.0,78,1.6,17.6,262,2025-02-26
8.6,75,0.0,12.3,123,2025-02-27
8.2,86,0.7,14.2,63,2025-02-28
7.3,75,0.8,18.5,36,2025-03-01
7.8,67,0.1,15.9,75,2025-03-02
10.0,75,1.1,16.9,117,2025-03-03
10.9,86,3.4,16.0,104,2025-03-04
13.2,67,0.0,22.2,148,2025-03-05
14.0,61,0.2,24.5,162,2025-03-06
14.5,65,0.0,28.6,162,2025-03-07
14.2,70,2.6,29.7,139,2025-03-08
11.8,60,0.0,24.2,191,2025-03-09
11.5,60,0.0,18.4,173,2025-03-10
10.6,84,3.9,14.5,266,2025-03-11
9.2,90,7.4,25.5,281,2025-03-12
7.1,87,9.1,17.0,315,2025-03-13
5.4,86,6.2,14.0,327,2025-03-14
5.0,87,4.3,14.0,291,2025-03-15
4.9,80,1.6,16.7,276,2025-03-16
6.8,72,0.0,17.6,124,2025-03-17
10.4,68,0.7,26.6,162,2025-03-18
14.1,66,0.0,28.3,162,2025-03-19
15.9,66,0.2,40.4,159,2025-03-20
14.8,63,5.6,36.4,183,2025-03-21
10.4,74,10.5,27.8,229,2025-03-22
9.5,71,0.1,24.9,273,2025-03-23
9.4,94,28.2,25.3,307,2025-03-24
10.2,92,6.2,18.4,307,2025-03-25
9.9,86,5.3,14.4,347,2025-03-26
9.8,86,1.8,15.0,313,2025-03-27
10.3,83,2.2,23.3,298,2025-03-28
10.2,75,6.7,26.3,341,2025-03-29
9.9,71,0.0,11.9,357,2025-03-30
10.2,79,0.0,13.2,109,2025-03-31
12.1,82,0.0,13.0,205,2025-04-01
11.4,84,3.1,22.3,315,2025-04-02
13.6,77,10.6,23.2,162,2025-04-03
15.8,66,0.5,24.0,148,2025-04-04
15.0,72,4.8,25.4,188,2025-04-05
12.6,87,0.0,11.5,16,2025-04-06
12.8,87,0.0,9.8,98,2025-04-07
12.6,84,0.0,9.4,141,2025-04-08
13.0,83,0.0,8.6,312,2025-04-09
13.3,78,0.1,13.0,76,2025-04-10
16.4,71,2.1,25.3,165,2025-04-11
14.7,88,12.1,20.1,250,2025-04-12
12.4,92,7.6,12.8,328,2025-04-13
13.7,81,1.2,26.4,178,2025-04-14
10.2,78,7.2,24.3,276,2025-04-15
9.3,72,3.9,24.5,256,2025-04-16
10.5,74,0.4,14.7,272,2025-04-17
15.5,68,0.9,24.2,191,2025-04-18
11.5,77,13.3,25.1,217,2025-04-19
10.9,82,3.6,26.4,274,2025-04-20
11.9,88,3.6,19.6,283,2025-04-21
11.4,86,8.1,14.6,312,2025-04-22
12.0,81,0.3,24.1,275,2025-04-23
13.2,87,0.0,14.1,330,2025-04-24
13.5,90,15.1,20.8,340,2025-04-25
12.0,92,23.2,29.1,293,2025-04-26
12.2,88,10.4,23.4,320,2025-04-27
14.5,79,0.0,17.1,125,2025-04-28
18.3,60,0.0,24.7,155,2025-04-29
19.1,54,0.0,27.9,156,2025-04-30
16.8,76,5.5,23.6,162,2025-05-01
15.9,81,3.1,20.3,161,2025-05-02
16.9,76,0.2,23.5,199,2025-05-03
14.1,92,6.0,17.2,291,2025-05-04
12.5,82,7.1,22.9,335,2025-05-05
10.2,78,2.3,19.1,317,2025-05-06
11.2,76,1.3,14.4,49,2025-05-07
11.5,80,0.4,13.1,44,2025-05-08
11.6,88,1.7,10.5,353,2025-05-09
12.7,91,8.0,15.1,192,2025-05-10
12.5,81,7.7,22.7,255,2025-05-11
12.9,79,3.8,12.5,247,2025-05-12
12.8,92,6.3,14.1,26,2025-05-13
13.5,94,2.9,18.0,326,2025-05-14
13.8,88,4.3,27.3,297,2025-05-15
13.9,85,0.1,23.1,301,2025-05-16
13.9,85,0.0,14.1,88,2025-05-17
17.6,86,0.0,12.4,132,2025-05-18
14.8,87,5.5,28.0,280,2025-05-19
14.8,83,1.3,22.1,294,2025-05-20
13.9,85,0.6,24.8,288,2025-05-21
13.8,83,8.3,25.4,317,2025-05-22
13.1,83,0.1,13.4,321,2025-05-23
13.2,82,0.0,11.9,44,2025-05-24
14.4,84,0.0,15.3,316,2025-05-25
14.8,86,2.5,13.6,26,2025-05-26
15.1,78,0.0,16.6,69,2025-05-27
14.8,83,0.0,10.9,16,2025-05-28
19.5,79,0.0,11.3,114,2025-05-29
21.1,82,0.0,17.2,269,2025-05-30
17.4,89,0.0,11.7,315,2025-05-31
16.1,89,1.7,12.7,347,2025-06-01
15.1,91,5.7,16.0,31,2025-06-02
14.9,92,24.5,11.7,12,2025-06-03
14.9,87,1.7,19.3,283,2025-06-04
17.3,76,0.0,14.7,199,2025-06-05
17.5,84,0.7,14.7,45,2025-06-06
16.2,83,0.7,14.5,304,2025-06-07
16.5,81,0.2,12.9,349,2025-06-08
16.6,89,0.0,13.2,76,2025-06-09
19.3,91,0.0,7.7,348,2025-06-10
22.4,77,0.2,20.0,184,2025-06-11
19.3,90,0.1,16.4,1,2025-06-12
19.7,89,0.0,18.7,305,2025-06-13
17.0,90,4.3,16.8,322,2025-06-14
16.6,87,6.7,13.1,4,2025-06-15
18.1,82,0.0,14.5,57,2025-06-16
18.9,84,0.0,12.1,34,2025-06-17
20.9,77,0.0,14.3,94,2025-06-18
23.2,84,0.0,14.8,247,2025-06-19
25.4,78,0.0,14.8,145,2025-06-20
20.5,85,0.3,17.5,306,2025-06-21
19.1,88,1.8,13.8,2,2025-06-22
19.8,87,0.0,14.1,43,2025-06-23
24.3,86,0.2,14.0,106,2025-06-24
21.0,83,2.5,25.8,281,2025-06-25
19.2,85,0.1,11.3,334,2025-06-26
20.2,87,0.0,14.3,74,2025-06-27
21.4,88,0.0,14.8,49,2025-06-28
24.1,80,0.0,12.1,79,2025-06-29
23.8,83,0.0,12.4,302,2025-06-30
21.2,89,0.1,16.7,351,2025-07-01
19.8,88,3.2,17.5,321,2025-07-02
19.6,83,0.9,14.0,341,2025-07-03
20.7,84,0.1,12.7,358,2025-07-04
21.1,82,0.0,15.8,311,2025-07-05
19.9,80,0.5,21.5,298,2025-07-06
18.2,85,14.1,26.3,314,2025-07-07
18.1,73,1.0,12.3,1,2025-07-08
18.5,77,0.0,15.1,60,2025-07-09
20.6,72,0.0,16.3,61,2025-07-10
20.9,74,23.0,12.7,329,2025-07-11
20.3,86,1.8,19.2,298,2025-07-12
19.8,84,0.2,15.6,313,2025-07-13
19.2,87,1.8,14.5,317,2025-07-14
19.3,78,0.4,11.5,339,2025-07-15
20.2,82,0.0,13.7,94,2025-07-16
20.5,85,0.4,21.0,331,2025-07-17
20.5,79,1.0,16.2,334,2025-07-18
19.7,78,0.8,22.6,306,2025-07-19
19.4,74,1.9,19.8,289,2025-07-20
19.1,69,0.1,23.3,292,2025-07-21
19.8,75,0.0,16.6,42,2025-07-22
18.8,80,2.8,26.0,297,2025-07-23
17.5,80,5.5,18.5,310,2025-07-24
18.0,78,1.3,18.3,313,2025-07-25
18.4,76,0.1,13.4,338,2025-07-26
19.3,77,1.0,19.2,313,2025-07-27
18.7,82,4.2,16.6,339,2025-07-28
18.5,80,3.0,17.6,332,2025-07-29
18.7,85,4.2,13.3,319,2025-07-30
19.0,83,2.5,11.6,352,2025-07-31
19.0,82,0.9,12.8,348,2025-08-01
19.2,81,2.3,13.9,5,2025-08-02
19.1,77,0.1,15.3,41,2025-08-03
20.7,72,0.0,10.8,85,2025-08-04
19.8,82,1.2,15.4,339,2025-08-05
20.7,78,0.2,16.5,60,2025-08-06
20.3,77,0.0,10.7,342,2025-08-07
20.7,80,0.0,13.3,2,2025-08-08
20.4,79,0.0,15.3,351,2025-08-09
24.0,75,0.0,13.7,90,2025-08-10
24.5,71,0.0,15.9,300,2025-08-11
25.0,72,0.0,22.2,100,2025-08-12
23.8,69,0.0,20.1,290,2025-08-13
22.3,85,0.0,16.4,54,2025-08-14
28.4,62,0.0,12.9,149,2025-08-15
23.4,79,0.0,15.0,301,2025-08-16
21.4,87,0.0,16.0,323,2025-08-17
19.9,85,2.2,15.1,306,2025-08-18
18.3,89,8.6,15.9,294,2025-08-19
18.3,84,7.1,25.8,282,2025-08-20
18.2,89,14.9,24.8,295,2025-08-21
18.3,81,2.0,10.3,339,2025-08-22
18.4,79,0.0,14.5,94,2025-08-23
20.2,84,0.0,10.4,102,2025-08-24
20.3,88,0.0,15.5,317,2025-08-25
19.9,85,0.6,13.9,311,2025-08-26
18.8,85,1.4,18.0,301,2025-08-27
18.1,73,1.0,24.2,286,2025-08-28
19.2,67,1.0,34.7,264,2025-08-29
20.1,81,1.1,25.8,304,2025-08-30
17.6,87,5.5,20.9,274,2025-08-31
16.4,76,2.1,26.6,268,2025-09-01
18.4,72,0.0,19.6,226,2025-09-02
20.8,67,0.0,27.3,238,2025-09-03
18.7,76,2.3,21.2,299,2025-09-04
18.4,75,0.0,19.0,83,2025-09-05
25.6,55,0.0,25.8,170,2025-09-06
23.6,61,0.2,27.8,205,2025-09-07
16.4,90,14.3,16.0,315,2025-09-08
15.9,81,0.7,10.9,311,2025-09-09
16.8,82,12.4,24.4,256,2025-09-10
18.7,72,0.3,23.7,277,2025-09-11
17.3,83,1.2,10.9,314,2025-09-12
17.4,76,0.0,14.2,348,2025-09-13
19.3,73,0.0,14.3,231,2025-09-14
18.0,87,3.9,19.6,322,2025-09-15
17.9,81,0.9,17.1,63,2025-09-16
18.1,84,0.0,9.1,250,2025-09-17
20.4,81,0.0,13.8,173,2025-09-18
23.4,71,0.0,17.5,189,2025-09-19
21.6,71,2.1,27.3,267,2025-09-20
14.1,89,11.3,25.6,286,2025-09-21
13.0,80,3.7,33.3,275,2025-09-22
12.9,85,5.5,13.2,327,2025-09-23
12.7,81,0.7,9.9,319,2025-09-24
12.8,80,0.3,13.2,360,2025-09-25
13.0,77,0.2,11.0,120,2025-09-26
16.0,75,0.0,11.1,174,2025-09-27
16.9,82,0.4,19.0,311,2025-09-28
16.3,80,0.2,13.3,325,2025-09-29
15.2,79,0.0,13.6,55,2025-09-30
14.8,79,0.0,11.8,106,2025-10-01
16.2,72,0.0,10.6,143,2025-10-02
17.1,79,0.0,13.6,275,2025-10-03
16.1,86,3.5,24.5,296,2025-10-04
13.8,84,4.8,16.3,305,2025-10-05
14.0,76,0.0,16.1,129,2025-10-06
15.4,72,0.0,9.8,195,2025-10-07
16.1,85,0.2,18.4,301,2025-10-08
16.0,87,3.4,17.6,328,2025-10-09
15.0,79,1.2,10.5,349,2025-10-10
14.0,80,0.0,11.4,130,2025-10-11
16.9,75,0.0,13.0,138,2025-10-12
18.0,76,0.0,14.9,149,2025-10-13
16.0,89,0.0,11.9,316,2025-10-14
15.1,89,0.0,13.2,98,2025-10-15
15.4,88,0.0,12.5,89,2025-10-16
15.9,88,0.0,10.9,138,2025-10-17
17.0,78,0.0,14.1,182,2025-10-18
19.8,56,3.4,28.4,192,2025-10-19
16.0,85,10.4,19.3,238,2025-10-20
17.7,80,10.4,23.7,218,2025-10-21
19.3,77,3.8,23.8,219,2025-10-22
15.8,66,11.7,47.7,278,2025-10-23
12.7,69,0.0,17.5,240,2025-10-24
12.9,81,1.9,23.3,255,2025-10-25
11.9,81,2.8,19.0,282,2025-10-26
11.7,74,0.0,12.1,245,2025-10-27
13.1,74,0.0,16.9,167,2025-10-28
15.6,70,2.3,24.1,215,2025-10-29
15.4,75,0.1,22.6,197,2025-10-30
18.0,57,0.2,30.4,194,2025-10-31
15.6,85,5.7,32.5,207,2025-11-01
13.7,75,0.0,21.6,258,2025-11-02
13.8,72,0.0,15.9,183,2025-11-03
17.4,47,0.0,33.7,179,2025-11-04
17.9,59,0.0,33.4,169,2025-11-05
14.0,71,6.7,24.8,218,2025-11-06
12.7,80,11.4,19.0,212,2025-11-07
11.8,87,11.4,27.6,284,2025-11-08
11.0,80,0.0,13.0,180,2025-11-09
13.5,68,0.1,14.6,185,2025-11-10
16.5,62,0.0,22.6,179,2025-11-11
17.7,53,0.0,28.3,160,2025-11-12
17.9,60,0.3,22.5,150,2025-11-13
18.2,54,0.6,35.7,181,2025-11-14
15.4,61,2.2,24.4,187,2025-11-15
14.1,67,0.0,21.5,205,2025-11-16
11.3,89,8.8,19.7,348,2025-11-17
9.6,75,0.6,16.3,57,2025-11-18
8.4,82,7.4,28.0,274,2025-11-19
6.5,90,20.5,24.7,288,2025-11-20
5.0,87,19.2,20.4,313,2025-11-21
7.1,71,0.6,18.1,223,2025-11-22
11.1,74,2.8,23.7,206,2025-11-23
11.9,84,19.3,29.3,254,2025-11-24
8.8,85,25.0,32.7,288,2025-11-25
9.0,76,14.9,20.8,331,2025-11-26
9.6,82,0.0,8.9,240,2025-11-27
8.9,87,0.0,9.9,191,2025-11-28
9.1,77,2.9,17.3,191,2025-11-29
8.7,90,23.1,24.9,303,2025-11-30
7.2,70,0.0,30.3,191,2025-12-01
8.8,78,9.8,25.9,202,2025-12-02
7.4,85,2.0,18.7,242,2025-12-03
9.0,83,28.1,26.1,242,2025-12-04
11.0,81,11.9,24.3,218,2025-12-05
14.1,84,1.5,24.1,214,2025-12-06
15.5,66,0.0,21.9,202,2025-12-07
14.1,64,0.0,23.9,194,2025-12-08
15.3,53,3.9,45.0,193,2025-12-09
11.8,89,9.6,17.0,235,2025-12-10
11.9,81,0.1,25.1,177,2025-12-11
11.6,73,0.0,20.8,177,2025-12-12
9.3,86,0.0,10.2,159,2025-12-13
9.1,80,0.0,21.2,178,2025-12-14
11.4,72,0.0,28.0,173,2025-12-15
10.9,84,0.5,15.2,238,2025-12-16
10.8,81,0.0,16.1,206,2025-12-17
14.3,57,0.1,41.8,190,2025-12-18
11.0,89,23.7,24.8,274,2025-12-19
10.4,80,0.7,18.8,191,2025-12-20
7.1,81,9.8,25.4,212,2025-12-21
5.2,82,11.7,17.9,198,2025-12-22
7.6,85,7.5,19.1,261,2025-12-23
8.4,91,5.3,19.2,13,2025-12-24
5.1,75,1.2,16.9,47,2025-12-25
5.3,78,3.8,7.1,143,2025-12-26
7.8,88,0.6,11.5,136,2025-12-27
9.6,79,0.2,15.1,135,2025-12-28
7.7,84,0.0,14.0,190,2025-12-29
7.1,90,2.4,13.1,315,2025-12-30
6.8,81,0.6,12.3,349,2025-12-31
5.4,73,0.0,15.4,189,2026-01-01
7.3,83,1.0,14.6,137,2026-01-02
6.1,95,8.7,14.6,85,2026-01-03
4.0,68,0.1,15.3,64,2026-01-04
3.7,71,0.1,13.8,72,2026-01-05
4.2,71,9.5,33.0,329,2026-01-06
5.7,76,3.4,31.3,242,2026-01-07
9.8,74,0.4,30.7,213,2026-01-08
7.8,87,9.5,36.2,270,2026-01-09
7.2,86,5.1,31.2,277,2026-01-10
8.1,75,0.1,24.2,189,2026-01-11
13.7,62,0.0,34.6,197,2026-01-12
12.8,56,0.0,34.5,185,2026-01-13
11.2,72,0.2,21.4,211,2026-01-14
9.5,73,2.7,41.4,195,2026-01-15
8.9,74,0.6,16.2,198,2026-01-16
6.9,93,16.2,10.5,305,2026-01-17
7.9,93,11.2,21.8,267,2026-01-18
8.7,81,0.2,18.9,267,2026-01-19
7.1,74,0.0,32.6,195,2026-01-20
11.6,67,9.7,46.0,196,2026-01-21
9.3,70,1.0,40.8,226,2026-01-22
8.9,65,7.2,36.7,205,2026-01-23
6.7,72,3.7,29.1,241,2026-01-24
7.6,77,9.0,39.8,244,2026-01-25
9.4,77,6.0,31.6,213,2026-01-26
10.2,84,31.5,30.7,201,2026-01-27
6.7,78,2.4,20.2,188,2026-01-28
10.8,72,7.2,23.9,204,2026-01-29
9.1,77,12.3,31.1,205,2026-01-30
8.8,72,4.6,36.5,271,2026-01-31
9.7,77,0.9,17.5,184,2026-02-01
11.5,74,4.5,25.8,181,2026-02-02
9.8,59,1.2,28.8,202,2026-02-03
10.5,68,3.2,31.3,183,2026-02-04
11.6,76,13.4,34.1,194,2026-02-05
10.9,67,0.4,25.6,212,2026-02-06
9.9,58,2.6,26.5,197,2026-02-07
9.0,81,8.3,32.1,262,2026-02-08
10.0,82,13.4,22.3,192,2026-02-09
13.2,90,21.9,25.5,229,2026-02-10
12.4,83,13.2,28.4,209,2026-02-11
12.4,59,0.9,44.7,274,2026-02-12
10.1,80,16.2,53.6,242,2026-02-13
7.7,85,33.7,44.6,309,2026-02-14
9.4,69,1.1,18.6,213,2026-02-15
10.9,94,32.9,22.9,258,2026-02-16
11.2,92,8.7,19.2,279,2026-02-17
11.3,75,9.1,36.6,226,2026-02-18
8.4,71,2.1,41.9,277,2026-02-19
9.3,76,1.1,23.3,288,2026-02-20
7.9,82,0.0,10.6,163,2026-02-21
8.9,87,0.0,11.0,215,2026-02-22
11.1,88,0.0,9.4,149,2026-02-23
15.2,50,0.0,25.6,189,2026-02-24
15.3,54,0.0,20.5,208,2026-02-25
12.8,80,0.0,21.3,176,2026-02-26
10.9,81,5.9,18.2,245,2026-02-27
9.4,82,1.3,17.1,294,2026-02-28
9.7,75,0.0,17.5,170,2026-03-01
13.4,60,0.0,29.0,165,2026-03-02
13.6,69,0.0,21.7,163,2026-03-03
13.8,67,0.0,17.5,152,2026-03-04
12.3,79,3.5,21.1,260,2026-03-05
9.7,97,36.8,28.8,313,2026-03-06
10.0,89,21.5,29.2,285,2026-03-07
9.9,86,0.1,9.0,225,2026-03-08
9.7,88,12.1,15.4,220,2026-03-09
9.8,87,0.3,15.2,289,2026-03-10
10.2,89,3.0,21.1,249,2026-03-11
11.6,87,0.0,9.8,181,2026-03-12
11.2,80,9.3,20.1,241,2026-03-13
7.6,94,43.4,27.8,301,2026-03-14
8.9,79,10.4,23.8,326,2026-03-15
10.6,87,1.7,11.5,307,2026-03-16
12.9,76,0.0,18.9,175,2026-03-17
14.0,71,0.0,19.7,196,2026-03-18
13.7,68,0.0,28.8,155,2026-03-19
13.4,60,0.0,16.6,142,2026-03-20
11.1,69,0.0,14.7,190,2026-03-21
10.2,83,0.4,20.8,294,2026-03-22
10.4,83,0.2,15.3,308,2026-03-23
9.8,81,0.0,13.2,131,2026-03-24
9.5,84,4.6,26.6,307,2026-03-25
8.9,69,1.9,21.1,347,2026-03-26
8.8,77,1.7,16.1,357,2026-03-27
8.3,82,8.5,27.4,332,2026-03-28
8.5,64,5.3,25.1,356,2026-03-29
9.6,78,2.7,32.2,306,2026-03-30
10.7,81,4.0,25.9,339,2026-03-31
10.8,89,5.2,24.1,331,2026-04-01
10.0,88,11.7,26.8,320,2026-04-02
10.7,79,0.2,16.0,298,2026-04-03
15.0,71,0.0,15.5,186,2026-04-04
11.8,84,0.0,20.5,340,2026-04-05
17.3,69,0.0,25.0,163,2026-04-06
18.4,49,0.0,24.8,173,2026-04-07
16.1,74,0.0,12.8,195,2026-04-08
14.5,82,0.0,17.5,296,2026-04-09
14.9,88,0.0,15.6,283,2026-04-10
11.5,90,5.8,28.8,306,2026-04-11
9.5,76,2.5,22.4,324,2026-04-12
9.0,84,5.4,22.2,292,2026-04-13
12.0,81,1.8,11.1,208,2026-04-14
13.3,89,0.2,14.6,168,2026-04-15
13.1,90,0.0,15.9,94,2026-04-16
13.2,90,0.0,11.2,303,2026-04-17
12.8,90,0.0,13.6,33,2026-04-18
14.1,91,11.6,12.6,80,2026-04-19
15.2,93,0.1,11.1,250,2026-04-20
17.7,86,4.8,21.9,156,2026-04-21
15.4,77,0.0,21.1,268,2026-04-22
16.4,75,0.0,14.6,128,2026-04-23
16.5,73,0.7,21.9,223,2026-04-24
14.1,84,0.0,14.4,307,2026-04-25
13.7,88,0.0,12.4,28,2026-04-26
13.7,92,1.6,13.2,46,2026-04-27
15.0,92,0.5,10.1,2,2026-04-28
15.6,90,17.3,16.8,135,2026-04-29
15.9,80,0.7,19.8,179,2026-04-30
16.4,89,1.9,13.3,111,2026-05-01
16.3,87,3.3,17.7,175,2026-05-02
14.0,94,34.6,11.0,325,2026-05-03
12.1,91,16.8,17.6,299,2026-05-04
11.2,86,11.8,20.6,280,2026-05-05
11.5,87,2.9,21.2,281,2026-05-06
